0x95c90adca98a13aeee6e6881f9317baf441aff44bcfee99c4d71310de1829d1b,1577976092063,1577976085
0x95c90adca98a13aeee6e6881f9317baf441aff44bcfee99c4d71310de1829d1b,1577976092064,1577976085
0x95c90adca98a13aeee6e6881f9317baf441aff44bcfee99c4d71310de1829d1b,1577976092064,1577976085
0x95c90adca98a13aeee6e6881f9317baf441aff44bcfee99c4d71310de1829d1b,1577976092065,1577976085
0x95c90adca98a13aeee6e6881f9317baf441aff44bcfee99c4d71310de1829d1b,1577976092066,1577976085
0x95c90adca98a13aeee6e6881f9317baf441aff44bcfee99c4d71310de1829d1b,1577976092066,1577976085
0x95c90adca98a13aeee6e6881f9317baf441aff44bcfee99c4d71310de1829d1b,1577976092066,1577976085
0x95c90adca98a13aeee6e6881f9317baf441aff44bcfee99c4d71310de1829d1b,1577976092067,1577976085
0x95c90adca98a13aeee6e6881f9317baf441aff44bcfee99c4d71310de1829d1b,1577976092067,1577976085
0x95c90adca98a13aeee6e6881f9317baf441aff44bcfee99c4d71310de1829d1b,1577976092068,1577976085
0x95c90adca98a13aeee6e6881f9317baf441aff44bcfee99c4d71310de1829d1b,1577976092068,1577976085
0x95c90adca98a13aeee6e6881f9317baf441aff44bcfee99c4d71310de1829d1b,1577976092068,1577976085
0x95c90adca98a13aeee6e6881f9317baf441aff44bcfee99c4d71310de1829d1b,1577976092069,1577976085
0x95c90adca98a13aeee6e6881f9317baf441aff44bcfee99c4d71310de1829d1b,1577976092069,1577976085
0x95c90adca98a13aeee6e6881f9317baf441aff44bcfee99c4d71310de1829d1b,1577976092070,1577976085
0x95c90adca98a13aeee6e6881f9317baf441aff44bcfee99c4d71310de1829d1b,1577976092070,1577976085
0x95c90adca98a13aeee6e6881f9317baf441aff44bcfee99c4d71310de1829d1b,1577976092070,1577976085
0x95c90adca98a13aeee6e6881f9317baf441aff44bcfee99c4d71310de1829d1b,1577976092071,1577976085
0x95c90adca98a13aeee6e6881f9317baf441aff44bcfee99c4d71310de1829d1b,1577976092072,1577976085
0x95c90adca98a13aeee6e6881f9317baf441aff44bcfee99c4d71310de1829d1b,1577976092072,1577976085
0x95c90adca98a13aeee6e6881f9317baf441aff44bcfee99c4d71310de1829d1b,1577976092073,1577976085
0x95c90adca98a13aeee6e6881f9317baf441aff44bcfee99c4d71310de1829d1b,1577976092073,1577976085
0x95c90adca98a13aeee6e6881f9317baf441aff44bcfee99c4d71310de1829d1b,1577976092074,1577976085
0x95c90adca98a13aeee6e6881f9317baf441aff44bcfee99c4d71310de1829d1b,1577976092074,1577976085
0x95c90adca98a13aeee6e6881f9317baf441aff44bcfee99c4d71310de1829d1b,1577976092074,1577976085
0x95c90adca98a13aeee6e6881f9317baf441aff44bcfee99c4d71310de1829d1b,1577976092075,1577976085
0x95c90adca98a13aeee6e6881f9317baf441aff44bcfee99c4d71310de1829d1b,1577976092075,1577976085
0x95c90adca98a13aeee6e6881f9317baf441aff44bcfee99c4d71310de1829d1b,1577976092076,1577976085
0x95c90adca98a13aeee6e6881f9317baf441aff44bcfee99c4d71310de1829d1b,1577976092076,1577976085
0x95c90adca98a13aeee6e6881f9317baf441aff44bcfee99c4d71310de1829d1b,1577976092076,1577976085
0x95c90adca98a13aeee6e6881f9317baf441aff44bcfee99c4d71310de1829d1b,1577976092077,1577976085
0x95c90adca98a13aeee6e6881f9317baf441aff44bcfee99c4d71310de1829d1b,1577976092077,1577976085
0x95c90adca98a13aeee6e6881f9317baf441aff44bcfee99c4d71310de1829d1b,1577976092078,1577976085
0x95c90adca98a13aeee6e6881f9317baf441aff44bcfee99c4d71310de1829d1b,1577976092078,1577976085
0x95c90adca98a13aeee6e6881f9317baf441aff44bcfee99c4d71310de1829d1b,1577976092079,1577976085
0x95c90adca98a13aeee6e6881f9317baf441aff44bcfee99c4d71310de1829d1b,1577976092079,1577976085
0x95c90adca98a13aeee6e6881f9317baf441aff44bcfee99c4d71310de1829d1b,1577976092080,1577976085
0x95c90adca98a13aeee6e6881f9317baf441aff44bcfee99c4d71310de1829d1b,1577976092080,1577976085
0x95c90adca98a13aeee6e6881f9317baf441aff44bcfee99c4d71310de1829d1b,1577976092081,1577976085
0x95c90adca98a13aeee6e6881f9317baf441aff44bcfee99c4d71310de1829d1b,1577976092081,1577976085
0x95c90adca98a13aeee6e6881f9317baf441aff44bcfee99c4d71310de1829d1b,1577976092081,1577976085
0x95c90adca98a13aeee6e6881f9317baf441aff44bcfee99c4d71310de1829d1b,1577976092082,1577976085
0x95c90adca98a13aeee6e6881f9317baf441aff44bcfee99c4d71310de1829d1b,1577976092082,1577976085
0x95c90adca98a13aeee6e6881f9317baf441aff44bcfee99c4d71310de1829d1b,1577976092082,1577976085
0x95c90adca98a13aeee6e6881f9317baf441aff44bcfee99c4d71310de1829d1b,1577976092083,1577976085
0x95c90adca98a13aeee6e6881f9317baf441aff44bcfee99c4d71310de1829d1b,1577976092083,1577976085
0x95c90adca98a13aeee6e6881f9317baf441aff44bcfee99c4d71310de1829d1b,1577976092084,1577976085
0x95c90adca98a13aeee6e6881f9317baf441aff44bcfee99c4d71310de1829d1b,1577976092084,1577976085
0x95c90adca98a13aeee6e6881f9317baf441aff44bcfee99c4d71310de1829d1b,1577976092085,1577976085
0x95c90adca98a13aeee6e6881f9317baf441aff44bcfee99c4d71310de1829d1b,1577976092085,1577976085
0x95c90adca98a13aeee6e6881f9317baf441aff44bcfee99c4d71310de1829d1b,1577976092085,1577976085
0x95c90adca98a13aeee6e6881f9317baf441aff44bcfee99c4d71310de1829d1b,1577976092086,1577976085
0x95c90adca98a13aeee6e6881f9317baf441aff44bcfee99c4d71310de1829d1b,1577976092086,1577976085
0x95c90adca98a13aeee6e6881f9317baf441aff44bcfee99c4d71310de1829d1b,1577976092086,1577976085
0x95c90adca98a13aeee6e6881f9317baf441aff44bcfee99c4d71310de1829d1b,1577976092087,1577976085
0x95c90adca98a13aeee6e6881f9317baf441aff44bcfee99c4d71310de1829d1b,1577976092087,1577976085
0x95c90adca98a13aeee6e6881f9317baf441aff44bcfee99c4d71310de1829d1b,1577976092088,1577976085
0x95c90adca98a13aeee6e6881f9317baf441aff44bcfee99c4d71310de1829d1b,1577976092088,1577976085
0x95c90adca98a13aeee6e6881f9317baf441aff44bcfee99c4d71310de1829d1b,1577976092088,1577976085
0x95c90adca98a13aeee6e6881f9317baf441aff44bcfee99c4d71310de1829d1b,1577976092088,1577976085
0x95c90adca98a13aeee6e6881f9317baf441aff44bcfee99c4d71310de1829d1b,1577976092089,1577976085
0x95c90adca98a13aeee6e6881f9317baf441aff44bcfee99c4d71310de1829d1b,1577976092089,1577976085
0x95c90adca98a13aeee6e6881f9317baf441aff44bcfee99c4d71310de1829d1b,1577976092089,1577976085
0x95c90adca98a13aeee6e6881f9317baf441aff44bcfee99c4d71310de1829d1b,1577976092090,1577976085
0x95c90adca98a13aeee6e6881f9317baf441aff44bcfee99c4d71310de1829d1b,1577976092090,1577976085
0x95c90adca98a13aeee6e6881f9317baf441aff44bcfee99c4d71310de1829d1b,1577976092090,1577976085
0x95c90adca98a13aeee6e6881f9317baf441aff44bcfee99c4d71310de1829d1b,1577976092091,1577976085
0x95c90adca98a13aeee6e6881f9317baf441aff44bcfee99c4d71310de1829d1b,1577976092091,1577976085
0x95c90adca98a13aeee6e6881f9317baf441aff44bcfee99c4d71310de1829d1b,1577976092091,1577976085
0x95c90adca98a13aeee6e6881f9317baf441aff44bcfee99c4d71310de1829d1b,1577976092091,1577976085
0x95c90adca98a13aeee6e6881f9317baf441aff44bcfee99c4d71310de1829d1b,1577976092092,1577976085
0x95c90adca98a13aeee6e6881f9317baf441aff44bcfee99c4d71310de1829d1b,1577976092092,1577976085
0x95c90adca98a13aeee6e6881f9317baf441aff44bcfee99c4d71310de1829d1b,1577976092092,1577976085
0x95c90adca98a13aeee6e6881f9317baf441aff44bcfee99c4d71310de1829d1b,1577976092092,1577976085
0x95c90adca98a13aeee6e6881f9317baf441aff44bcfee99c4d71310de1829d1b,1577976092093,1577976085
0x95c90adca98a13aeee6e6881f9317baf441aff44bcfee99c4d71310de1829d1b,1577976092093,1577976085
0x95c90adca98a13aeee6e6881f9317baf441aff44bcfee99c4d71310de1829d1b,1577976092093,1577976085
0x95c90adca98a13aeee6e6881f9317baf441aff44bcfee99c4d71310de1829d1b,1577976092093,1577976085
0x95c90adca98a13aeee6e6881f9317baf441aff44bcfee99c4d71310de1829d1b,1577976092094,1577976085
0x95c90adca98a13aeee6e6881f9317baf441aff44bcfee99c4d71310de1829d1b,1577976092094,1577976085
0x95c90adca98a13aeee6e6881f9317baf441aff44bcfee99c4d71310de1829d1b,1577976092095,1577976085
0x95c90adca98a13aeee6e6881f9317baf441aff44bcfee99c4d71310de1829d1b,1577976092095,1577976085
0x95c90adca98a13aeee6e6881f9317baf441aff44bcfee99c4d71310de1829d1b,1577976092095,1577976085
0x95c90adca98a13aeee6e6881f9317baf441aff44bcfee99c4d71310de1829d1b,1577976092095,1577976085
0x95c90adca98a13aeee6e6881f9317baf441aff44bcfee99c4d71310de1829d1b,1577976092095,1577976085
0x95c90adca98a13aeee6e6881f9317baf441aff44bcfee99c4d71310de1829d1b,1577976092096,1577976085
0x95c90adca98a13aeee6e6881f9317baf441aff44bcfee99c4d71310de1829d1b,1577976092096,1577976085
0x95c90adca98a13aeee6e6881f9317baf441aff44bcfee99c4d71310de1829d1b,1577976092096,1577976085
0x95c90adca98a13aeee6e6881f9317baf441aff44bcfee99c4d71310de1829d1b,1577976092096,1577976085
0x95c90adca98a13aeee6e6881f9317baf441aff44bcfee99c4d71310de1829d1b,1577976092097,1577976085
0x95c90adca98a13aeee6e6881f9317baf441aff44bcfee99c4d71310de1829d1b,1577976092097,1577976085
0x95c90adca98a13aeee6e6881f9317baf441aff44bcfee99c4d71310de1829d1b,1577976092097,1577976085
0x95c90adca98a13aeee6e6881f9317baf441aff44bcfee99c4d71310de1829d1b,1577976092098,1577976085
0x95c90adca98a13aeee6e6881f9317baf441aff44bcfee99c4d71310de1829d1b,1577976092098,1577976085
0x95c90adca98a13aeee6e6881f9317baf441aff44bcfee99c4d71310de1829d1b,1577976092099,1577976085
0x95c90adca98a13aeee6e6881f9317baf441aff44bcfee99c4d71310de1829d1b,1577976092099,1577976085
0x95c90adca98a13aeee6e6881f9317baf441aff44bcfee99c4d71310de1829d1b,1577976092099,1577976085
0x95c90adca98a13aeee6e6881f9317baf441aff44bcfee99c4d71310de1829d1b,1577976092100,1577976085
0x95c90adca98a13aeee6e6881f9317baf441aff44bcfee99c4d71310de1829d1b,1577976092100,1577976085
0x95c90adca98a13aeee6e6881f9317baf441aff44bcfee99c4d71310de1829d1b,1577976092100,1577976085
0x95c90adca98a13aeee6e6881f9317baf441aff44bcfee99c4d71310de1829d1b,1577976092100,1577976085
0x95c90adca98a13aeee6e6881f9317baf441aff44bcfee99c4d71310de1829d1b,1577976092101,1577976085
0x95c90adca98a13aeee6e6881f9317baf441aff44bcfee99c4d71310de1829d1b,1577976092102,1577976085
0x95c90adca98a13aeee6e6881f9317baf441aff44bcfee99c4d71310de1829d1b,1577976092102,1577976085
0x95c90adca98a13aeee6e6881f9317baf441aff44bcfee99c4d71310de1829d1b,1577976092102,1577976085
0x95c90adca98a13aeee6e6881f9317baf441aff44bcfee99c4d71310de1829d1b,1577976092103,1577976085
0x95c90adca98a13aeee6e6881f9317baf441aff44bcfee99c4d71310de1829d1b,1577976092103,1577976085
0x95c90adca98a13aeee6e6881f9317baf441aff44bcfee99c4d71310de1829d1b,1577976092103,1577976085
0x95c90adca98a13aeee6e6881f9317baf441aff44bcfee99c4d71310de1829d1b,1577976092104,1577976085
0x95c90adca98a13aeee6e6881f9317baf441aff44bcfee99c4d71310de1829d1b,1577976092105,1577976085
0x95c90adca98a13aeee6e6881f9317baf441aff44bcfee99c4d71310de1829d1b,1577976092105,1577976085
0x95c90adca98a13aeee6e6881f9317baf441aff44bcfee99c4d71310de1829d1b,1577976092106,1577976085
0x95c90adca98a13aeee6e6881f9317baf441aff44bcfee99c4d71310de1829d1b,1577976092106,1577976085
0x95c90adca98a13aeee6e6881f9317baf441aff44bcfee99c4d71310de1829d1b,1577976092106,1577976085
0x95c90adca98a13aeee6e6881f9317baf441aff44bcfee99c4d71310de1829d1b,1577976092107,1577976085
0x95c90adca98a13aeee6e6881f9317baf441aff44bcfee99c4d71310de1829d1b,1577976092107,1577976085
0x95c90adca98a13aeee6e6881f9317baf441aff44bcfee99c4d71310de1829d1b,1577976092108,1577976085
0x95c90adca98a13aeee6e6881f9317baf441aff44bcfee99c4d71310de1829d1b,1577976092108,1577976085
0x95c90adca98a13aeee6e6881f9317baf441aff44bcfee99c4d71310de1829d1b,1577976092109,1577976085
0x95c90adca98a13aeee6e6881f9317baf441aff44bcfee99c4d71310de1829d1b,1577976092109,1577976085
0x95c90adca98a13aeee6e6881f9317baf441aff44bcfee99c4d71310de1829d1b,1577976092110,1577976085
0x95c90adca98a13aeee6e6881f9317baf441aff44bcfee99c4d71310de1829d1b,1577976092110,1577976085
0x95c90adca98a13aeee6e6881f9317baf441aff44bcfee99c4d71310de1829d1b,1577976092111,1577976085
0x95c90adca98a13aeee6e6881f9317baf441aff44bcfee99c4d71310de1829d1b,1577976092111,1577976085
0x95c90adca98a13aeee6e6881f9317baf441aff44bcfee99c4d71310de1829d1b,1577976092112,1577976085
0x95c90adca98a13aeee6e6881f9317baf441aff44bcfee99c4d71310de1829d1b,1577976092112,1577976085
0x95c90adca98a13aeee6e6881f9317baf441aff44bcfee99c4d71310de1829d1b,1577976092113,1577976085
0x95c90adca98a13aeee6e6881f9317baf441aff44bcfee99c4d71310de1829d1b,1577976092113,1577976085
0x95c90adca98a13aeee6e6881f9317baf441aff44bcfee99c4d71310de1829d1b,1577976092113,1577976085
0x95c90adca98a13aeee6e6881f9317baf441aff44bcfee99c4d71310de1829d1b,1577976092114,1577976085
0x95c90adca98a13aeee6e6881f9317baf441aff44bcfee99c4d71310de1829d1b,1577976092114,1577976085
0x95c90adca98a13aeee6e6881f9317baf441aff44bcfee99c4d71310de1829d1b,1577976092114,1577976085
0x95c90adca98a13aeee6e6881f9317baf441aff44bcfee99c4d71310de1829d1b,1577976092115,1577976085
0x95c90adca98a13aeee6e6881f9317baf441aff44bcfee99c4d71310de1829d1b,1577976092115,1577976085
0x95c90adca98a13aeee6e6881f9317baf441aff44bcfee99c4d71310de1829d1b,1577976092117,1577976085
0x95c90adca98a13aeee6e6881f9317baf441aff44bcfee99c4d71310de1829d1b,1577976092118,1577976085
0x95c90adca98a13aeee6e6881f9317baf441aff44bcfee99c4d71310de1829d1b,1577976092118,1577976085
0x95c90adca98a13aeee6e6881f9317baf441aff44bcfee99c4d71310de1829d1b,1577976092118,1577976085
0x95c90adca98a13aeee6e6881f9317baf441aff44bcfee99c4d71310de1829d1b,1577976092119,1577976085
0x95c90adca98a13aeee6e6881f9317baf441aff44bcfee99c4d71310de1829d1b,1577976092119,1577976085
0x95c90adca98a13aeee6e6881f9317baf441aff44bcfee99c4d71310de1829d1b,1577976092120,1577976085
0x95c90adca98a13aeee6e6881f9317baf441aff44bcfee99c4d71310de1829d1b,1577976092120,1577976085
0x95c90adca98a13aeee6e6881f9317baf441aff44bcfee99c4d71310de1829d1b,1577976092121,1577976085
0x95c90adca98a13aeee6e6881f9317baf441aff44bcfee99c4d71310de1829d1b,1577976092121,1577976085
0x95c90adca98a13aeee6e6881f9317baf441aff44bcfee99c4d71310de1829d1b,1577976092122,1577976085
0x95c90adca98a13aeee6e6881f9317baf441aff44bcfee99c4d71310de1829d1b,1577976092122,1577976085
0x95c90adca98a13aeee6e6881f9317baf441aff44bcfee99c4d71310de1829d1b,1577976092122,1577976085
0x95c90adca98a13aeee6e6881f9317baf441aff44bcfee99c4d71310de1829d1b,1577976092123,1577976085
0x95c90adca98a13aeee6e6881f9317baf441aff44bcfee99c4d71310de1829d1b,1577976092123,1577976085
0x95c90adca98a13aeee6e6881f9317baf441aff44bcfee99c4d71310de1829d1b,1577976092123,1577976085
0x95c90adca98a13aeee6e6881f9317baf441aff44bcfee99c4d71310de1829d1b,1577976092124,1577976085
0x95c90adca98a13aeee6e6881f9317baf441aff44bcfee99c4d71310de1829d1b,1577976092124,1577976085
0x95c90adca98a13aeee6e6881f9317baf441aff44bcfee99c4d71310de1829d1b,1577976092125,1577976085
0x95c90adca98a13aeee6e6881f9317baf441aff44bcfee99c4d71310de1829d1b,1577976092125,1577976085
0x95c90adca98a13aeee6e6881f9317baf441aff44bcfee99c4d71310de1829d1b,1577976092126,1577976085
0x95c90adca98a13aeee6e6881f9317baf441aff44bcfee99c4d71310de1829d1b,1577976092126,1577976085
0x95c90adca98a13aeee6e6881f9317baf441aff44bcfee99c4d71310de1829d1b,1577976092126,1577976085
0x95c90adca98a13aeee6e6881f9317baf441aff44bcfee99c4d71310de1829d1b,1577976092127,1577976085
0x95c90adca98a13aeee6e6881f9317baf441aff44bcfee99c4d71310de1829d1b,1577976092127,1577976085
0x95c90adca98a13aeee6e6881f9317baf441aff44bcfee99c4d71310de1829d1b,1577976092128,1577976085
0x95c90adca98a13aeee6e6881f9317baf441aff44bcfee99c4d71310de1829d1b,1577976092128,1577976085
0x95c90adca98a13aeee6e6881f9317baf441aff44bcfee99c4d71310de1829d1b,1577976092129,1577976085
0x95c90adca98a13aeee6e6881f9317baf441aff44bcfee99c4d71310de1829d1b,1577976092129,1577976085
0x95c90adca98a13aeee6e6881f9317baf441aff44bcfee99c4d71310de1829d1b,1577976092129,1577976085
0x95c90adca98a13aeee6e6881f9317baf441aff44bcfee99c4d71310de1829d1b,1577976092130,1577976085
0x95c90adca98a13aeee6e6881f9317baf441aff44bcfee99c4d71310de1829d1b,1577976092130,1577976085
0x95c90adca98a13aeee6e6881f9317baf441aff44bcfee99c4d71310de1829d1b,1577976092131,1577976085
0x95c90adca98a13aeee6e6881f9317baf441aff44bcfee99c4d71310de1829d1b,1577976092131,1577976085
0x95c90adca98a13aeee6e6881f9317baf441aff44bcfee99c4d71310de1829d1b,1577976092131,1577976085
0x95c90adca98a13aeee6e6881f9317baf441aff44bcfee99c4d71310de1829d1b,1577976092132,1577976085
0x95c90adca98a13aeee6e6881f9317baf441aff44bcfee99c4d71310de1829d1b,1577976092132,1577976085
0x95c90adca98a13aeee6e6881f9317baf441aff44bcfee99c4d71310de1829d1b,1577976092133,1577976085
0x95c90adca98a13aeee6e6881f9317baf441aff44bcfee99c4d71310de1829d1b,1577976092133,1577976085
0x95c90adca98a13aeee6e6881f9317baf441aff44bcfee99c4d71310de1829d1b,1577976092133,1577976085
0x95c90adca98a13aeee6e6881f9317baf441aff44bcfee99c4d71310de1829d1b,1577976092134,1577976085
0x95c90adca98a13aeee6e6881f9317baf441aff44bcfee99c4d71310de1829d1b,1577976092134,1577976085
0x95c90adca98a13aeee6e6881f9317baf441aff44bcfee99c4d71310de1829d1b,1577976092135,1577976085
0x95c90adca98a13aeee6e6881f9317baf441aff44bcfee99c4d71310de1829d1b,1577976092135,1577976085
0x95c90adca98a13aeee6e6881f9317baf441aff44bcfee99c4d71310de1829d1b,1577976092135,1577976085
0x95c90adca98a13aeee6e6881f9317baf441aff44bcfee99c4d71310de1829d1b,1577976092136,1577976085
0x95c90adca98a13aeee6e6881f9317baf441aff44bcfee99c4d71310de1829d1b,1577976092136,1577976085
0x95c90adca98a13aeee6e6881f9317baf441aff44bcfee99c4d71310de1829d1b,1577976092136,1577976085
0x95c90adca98a13aeee6e6881f9317baf441aff44bcfee99c4d71310de1829d1b,1577976092137,1577976085
0x95c90adca98a13aeee6e6881f9317baf441aff44bcfee99c4d71310de1829d1b,1577976092137,1577976085
0x95c90adca98a13aeee6e6881f9317baf441aff44bcfee99c4d71310de1829d1b,1577976092138,1577976085
0x95c90adca98a13aeee6e6881f9317baf441aff44bcfee99c4d71310de1829d1b,1577976092138,1577976085
0x95c90adca98a13aeee6e6881f9317baf441aff44bcfee99c4d71310de1829d1b,1577976092139,1577976085
0x95c90adca98a13aeee6e6881f9317baf441aff44bcfee99c4d71310de1829d1b,1577976092139,1577976085
0x95c90adca98a13aeee6e6881f9317baf441aff44bcfee99c4d71310de1829d1b,1577976092139,1577976085
0x95c90adca98a13aeee6e6881f9317baf441aff44bcfee99c4d71310de1829d1b,1577976092140,1577976085
0x95c90adca98a13aeee6e6881f9317baf441aff44bcfee99c4d71310de1829d1b,1577976092140,1577976085
0x95c90adca98a13aeee6e6881f9317baf441aff44bcfee99c4d71310de1829d1b,1577976092140,1577976085
0x95c90adca98a13aeee6e6881f9317baf441aff44bcfee99c4d71310de1829d1b,1577976092141,1577976085
0x95c90adca98a13aeee6e6881f9317baf441aff44bcfee99c4d71310de1829d1b,1577976092141,1577976085
0x95c90adca98a13aeee6e6881f9317baf441aff44bcfee99c4d71310de1829d1b,1577976092141,1577976085
0x95c90adca98a13aeee6e6881f9317baf441aff44bcfee99c4d71310de1829d1b,1577976092142,1577976085
0x95c90adca98a13aeee6e6881f9317baf441aff44bcfee99c4d71310de1829d1b,1577976092142,1577976085
0x95c90adca98a13aeee6e6881f9317baf441aff44bcfee99c4d71310de1829d1b,1577976092142,1577976085
0x95c90adca98a13aeee6e6881f9317baf441aff44bcfee99c4d71310de1829d1b,1577976092143,1577976085
0x95c90adca98a13aeee6e6881f9317baf441aff44bcfee99c4d71310de1829d1b,1577976092144,1577976085
0x95c90adca98a13aeee6e6881f9317baf441aff44bcfee99c4d71310de1829d1b,1577976092144,1577976085
0x95c90adca98a13aeee6e6881f9317baf441aff44bcfee99c4d71310de1829d1b,1577976092144,1577976085
0x95c90adca98a13aeee6e6881f9317baf441aff44bcfee99c4d71310de1829d1b,1577976092144,1577976085
0x95c90adca98a13aeee6e6881f9317baf441aff44bcfee99c4d71310de1829d1b,1577976092145,1577976085
0x95c90adca98a13aeee6e6881f9317baf441aff44bcfee99c4d71310de1829d1b,1577976092145,1577976085
0x95c90adca98a13aeee6e6881f9317baf441aff44bcfee99c4d71310de1829d1b,1577976092145,1577976085
0x95c90adca98a13aeee6e6881f9317baf441aff44bcfee99c4d71310de1829d1b,1577976092146,1577976085
0x95c90adca98a13aeee6e6881f9317baf441aff44bcfee99c4d71310de1829d1b,1577976092146,1577976085
0x95c90adca98a13aeee6e6881f9317baf441aff44bcfee99c4d71310de1829d1b,1577976092147,1577976085
0x95c90adca98a13aeee6e6881f9317baf441aff44bcfee99c4d71310de1829d1b,1577976092147,1577976085
0x95c90adca98a13aeee6e6881f9317baf441aff44bcfee99c4d71310de1829d1b,1577976092147,1577976085
0x95c90adca98a13aeee6e6881f9317baf441aff44bcfee99c4d71310de1829d1b,1577976092148,1577976085
0x95c90adca98a13aeee6e6881f9317baf441aff44bcfee99c4d71310de1829d1b,1577976092148,1577976085
0x95c90adca98a13aeee6e6881f9317baf441aff44bcfee99c4d71310de1829d1b,1577976092148,1577976085
0x95c90adca98a13aeee6e6881f9317baf441aff44bcfee99c4d71310de1829d1b,1577976092149,1577976085
0x95c90adca98a13aeee6e6881f9317baf441aff44bcfee99c4d71310de1829d1b,1577976092149,1577976085
0x95c90adca98a13aeee6e6881f9317baf441aff44bcfee99c4d71310de1829d1b,1577976092150,1577976085
0x95c90adca98a13aeee6e6881f9317baf441aff44bcfee99c4d71310de1829d1b,1577976092150,1577976085
0x95c90adca98a13aeee6e6881f9317baf441aff44bcfee99c4d71310de1829d1b,1577976092150,1577976085
0x95c90adca98a13aeee6e6881f9317baf441aff44bcfee99c4d71310de1829d1b,1577976092151,1577976085
0x95c90adca98a13aeee6e6881f9317baf441aff44bcfee99c4d71310de1829d1b,1577976092151,1577976085
0x95c90adca98a13aeee6e6881f9317baf441aff44bcfee99c4d71310de1829d1b,1577976092151,1577976085
0x95c90adca98a13aeee6e6881f9317baf441aff44bcfee99c4d71310de1829d1b,1577976092152,1577976085
0x95c90adca98a13aeee6e6881f9317baf441aff44bcfee99c4d71310de1829d1b,1577976092152,1577976085
0x95c90adca98a13aeee6e6881f9317baf441aff44bcfee99c4d71310de1829d1b,1577976092152,1577976085
0x95c90adca98a13aeee6e6881f9317baf441aff44bcfee99c4d71310de1829d1b,1577976092153,1577976085
0x95c90adca98a13aeee6e6881f9317baf441aff44bcfee99c4d71310de1829d1b,1577976092153,1577976085
0x95c90adca98a13aeee6e6881f9317baf441aff44bcfee99c4d71310de1829d1b,1577976092153,1577976085
0x95c90adca98a13aeee6e6881f9317baf441aff44bcfee99c4d71310de1829d1b,1577976092153,1577976085
0x95c90adca98a13aeee6e6881f9317baf441aff44bcfee99c4d71310de1829d1b,1577976092154,1577976085
0x95c90adca98a13aeee6e6881f9317baf441aff44bcfee99c4d71310de1829d1b,1577976092155,1577976085
0x95c90adca98a13aeee6e6881f9317baf441aff44bcfee99c4d71310de1829d1b,1577976092155,1577976085
0x95c90adca98a13aeee6e6881f9317baf441aff44bcfee99c4d71310de1829d1b,1577976092155,1577976085
0x95c90adca98a13aeee6e6881f9317baf441aff44bcfee99c4d71310de1829d1b,1577976092156,1577976085
0x95c90adca98a13aeee6e6881f9317baf441aff44bcfee99c4d71310de1829d1b,1577976092156,1577976085
0x95c90adca98a13aeee6e6881f9317baf441aff44bcfee99c4d71310de1829d1b,1577976092156,1577976085
0x95c90adca98a13aeee6e6881f9317baf441aff44bcfee99c4d71310de1829d1b,1577976092157,1577976085
0x95c90adca98a13aeee6e6881f9317baf441aff44bcfee99c4d71310de1829d1b,1577976092157,1577976085
0x95c90adca98a13aeee6e6881f9317baf441aff44bcfee99c4d71310de1829d1b,1577976092157,1577976085
0x95c90adca98a13aeee6e6881f9317baf441aff44bcfee99c4d71310de1829d1b,1577976092158,1577976085
0x95c90adca98a13aeee6e6881f9317baf441aff44bcfee99c4d71310de1829d1b,1577976092158,1577976085
0x95c90adca98a13aeee6e6881f9317baf441aff44bcfee99c4d71310de1829d1b,1577976092158,1577976085
0x95c90adca98a13aeee6e6881f9317baf441aff44bcfee99c4d71310de1829d1b,1577976092159,1577976085
0x95c90adca98a13aeee6e6881f9317baf441aff44bcfee99c4d71310de1829d1b,1577976092159,1577976085
0x95c90adca98a13aeee6e6881f9317baf441aff44bcfee99c4d71310de1829d1b,1577976092159,1577976085
0x95c90adca98a13aeee6e6881f9317baf441aff44bcfee99c4d71310de1829d1b,1577976092160,1577976085
0x95c90adca98a13aeee6e6881f9317baf441aff44bcfee99c4d71310de1829d1b,1577976092161,1577976085
0x95c90adca98a13aeee6e6881f9317baf441aff44bcfee99c4d71310de1829d1b,1577976092161,1577976085
0x95c90adca98a13aeee6e6881f9317baf441aff44bcfee99c4d71310de1829d1b,1577976092161,1577976085
0x95c90adca98a13aeee6e6881f9317baf441aff44bcfee99c4d71310de1829d1b,1577976092161,1577976085
0x95c90adca98a13aeee6e6881f9317baf441aff44bcfee99c4d71310de1829d1b,1577976092162,1577976085
0x95c90adca98a13aeee6e6881f9317baf441aff44bcfee99c4d71310de1829d1b,1577976092162,1577976085
0x95c90adca98a13aeee6e6881f9317baf441aff44bcfee99c4d71310de1829d1b,1577976092162,1577976085
0x95c90adca98a13aeee6e6881f9317baf441aff44bcfee99c4d71310de1829d1b,1577976092163,1577976085
0x95c90adca98a13aeee6e6881f9317baf441aff44bcfee99c4d71310de1829d1b,1577976092163,1577976085
0x95c90adca98a13aeee6e6881f9317baf441aff44bcfee99c4d71310de1829d1b,1577976092164,1577976085
0x95c90adca98a13aeee6e6881f9317baf441aff44bcfee99c4d71310de1829d1b,1577976092164,1577976085
0x95c90adca98a13aeee6e6881f9317baf441aff44bcfee99c4d71310de1829d1b,1577976092164,1577976085
0x95c90adca98a13aeee6e6881f9317baf441aff44bcfee99c4d71310de1829d1b,1577976092165,1577976085
0x95c90adca98a13aeee6e6881f9317baf441aff44bcfee99c4d71310de1829d1b,1577976092165,1577976085
0x95c90adca98a13aeee6e6881f9317baf441aff44bcfee99c4d71310de1829d1b,1577976092166,1577976085
0x95c90adca98a13aeee6e6881f9317baf441aff44bcfee99c4d71310de1829d1b,1577976092166,1577976085
0x95c90adca98a13aeee6e6881f9317baf441aff44bcfee99c4d71310de1829d1b,1577976092166,1577976085
0x95c90adca98a13aeee6e6881f9317baf441aff44bcfee99c4d71310de1829d1b,1577976092166,1577976085
0x95c90adca98a13aeee6e6881f9317baf441aff44bcfee99c4d71310de1829d1b,1577976092167,1577976085
0x95c90adca98a13aeee6e6881f9317baf441aff44bcfee99c4d71310de1829d1b,1577976092167,1577976085
0x95c90adca98a13aeee6e6881f9317baf441aff44bcfee99c4d71310de1829d1b,1577976092167,1577976085
0x95c90adca98a13aeee6e6881f9317baf441aff44bcfee99c4d71310de1829d1b,1577976092167,1577976085
0x95c90adca98a13aeee6e6881f9317baf441aff44bcfee99c4d71310de1829d1b,1577976092167,1577976085
0x95c90adca98a13aeee6e6881f9317baf441aff44bcfee99c4d71310de1829d1b,1577976092168,1577976085
0x95c90adca98a13aeee6e6881f9317baf441aff44bcfee99c4d71310de1829d1b,1577976092168,1577976085
0x95c90adca98a13aeee6e6881f9317baf441aff44bcfee99c4d71310de1829d1b,1577976092168,1577976085
0x95c90adca98a13aeee6e6881f9317baf441aff44bcfee99c4d71310de1829d1b,1577976092168,1577976085
0x95c90adca98a13aeee6e6881f9317baf441aff44bcfee99c4d71310de1829d1b,1577976092168,1577976085
0x95c90adca98a13aeee6e6881f9317baf441aff44bcfee99c4d71310de1829d1b,1577976092169,1577976085
0x95c90adca98a13aeee6e6881f9317baf441aff44bcfee99c4d71310de1829d1b,1577976092169,1577976085
0x95c90adca98a13aeee6e6881f9317baf441aff44bcfee99c4d71310de1829d1b,1577976092170,1577976085
0x95c90adca98a13aeee6e6881f9317baf441aff44bcfee99c4d71310de1829d1b,1577976092170,1577976085
0x95c90adca98a13aeee6e6881f9317baf441aff44bcfee99c4d71310de1829d1b,1577976092171,1577976085
0x95c90adca98a13aeee6e6881f9317baf441aff44bcfee99c4d71310de1829d1b,1577976092171,1577976085
0x95c90adca98a13aeee6e6881f9317baf441aff44bcfee99c4d71310de1829d1b,1577976092171,1577976085
0x95c90adca98a13aeee6e6881f9317baf441aff44bcfee99c4d71310de1829d1b,1577976092172,1577976085
0x95c90adca98a13aeee6e6881f9317baf441aff44bcfee99c4d71310de1829d1b,1577976092172,1577976085
0x95c90adca98a13aeee6e6881f9317baf441aff44bcfee99c4d71310de1829d1b,1577976092172,1577976085
0x95c90adca98a13aeee6e6881f9317baf441aff44bcfee99c4d71310de1829d1b,1577976092175,1577976085
0x95c90adca98a13aeee6e6881f9317baf441aff44bcfee99c4d71310de1829d1b,1577976092175,1577976085
0x95c90adca98a13aeee6e6881f9317baf441aff44bcfee99c4d71310de1829d1b,1577976092176,1577976085
0x95c90adca98a13aeee6e6881f9317baf441aff44bcfee99c4d71310de1829d1b,1577976092176,1577976085
0x95c90adca98a13aeee6e6881f9317baf441aff44bcfee99c4d71310de1829d1b,1577976092177,1577976085
0x95c90adca98a13aeee6e6881f9317baf441aff44bcfee99c4d71310de1829d1b,1577976092177,1577976085
0x95c90adca98a13aeee6e6881f9317baf441aff44bcfee99c4d71310de1829d1b,1577976092178,1577976085
0x95c90adca98a13aeee6e6881f9317baf441aff44bcfee99c4d71310de1829d1b,1577976092178,1577976085
0x95c90adca98a13aeee6e6881f9317baf441aff44bcfee99c4d71310de1829d1b,1577976092178,1577976085
0x95c90adca98a13aeee6e6881f9317baf441aff44bcfee99c4d71310de1829d1b,1577976092178,1577976085
0x95c90adca98a13aeee6e6881f9317baf441aff44bcfee99c4d71310de1829d1b,1577976092179,1577976085
0x95c90adca98a13aeee6e6881f9317baf441aff44bcfee99c4d71310de1829d1b,1577976092179,1577976085
0x95c90adca98a13aeee6e6881f9317baf441aff44bcfee99c4d71310de1829d1b,1577976092179,1577976085
0x95c90adca98a13aeee6e6881f9317baf441aff44bcfee99c4d71310de1829d1b,1577976092180,1577976085
0x95c90adca98a13aeee6e6881f9317baf441aff44bcfee99c4d71310de1829d1b,1577976092180,1577976085
0x95c90adca98a13aeee6e6881f9317baf441aff44bcfee99c4d71310de1829d1b,1577976092180,1577976085
0x95c90adca98a13aeee6e6881f9317baf441aff44bcfee99c4d71310de1829d1b,1577976092180,1577976085
0x95c90adca98a13aeee6e6881f9317baf441aff44bcfee99c4d71310de1829d1b,1577976092181,1577976085
0x95c90adca98a13aeee6e6881f9317baf441aff44bcfee99c4d71310de1829d1b,1577976092181,1577976085
0x95c90adca98a13aeee6e6881f9317baf441aff44bcfee99c4d71310de1829d1b,1577976092182,1577976085
0x95c90adca98a13aeee6e6881f9317baf441aff44bcfee99c4d71310de1829d1b,1577976092182,1577976085
0x95c90adca98a13aeee6e6881f9317baf441aff44bcfee99c4d71310de1829d1b,1577976092182,1577976085
0x95c90adca98a13aeee6e6881f9317baf441aff44bcfee99c4d71310de1829d1b,1577976092183,1577976085
0x95c90adca98a13aeee6e6881f9317baf441aff44bcfee99c4d71310de1829d1b,1577976092183,1577976085
0x95c90adca98a13aeee6e6881f9317baf441aff44bcfee99c4d71310de1829d1b,1577976092183,1577976085
0x95c90adca98a13aeee6e6881f9317baf441aff44bcfee99c4d71310de1829d1b,1577976092183,1577976085
0x95c90adca98a13aeee6e6881f9317baf441aff44bcfee99c4d71310de1829d1b,1577976092186,1577976085
0x95c90adca98a13aeee6e6881f9317baf441aff44bcfee99c4d71310de1829d1b,1577976092186,1577976085
0x95c90adca98a13aeee6e6881f9317baf441aff44bcfee99c4d71310de1829d1b,1577976092186,1577976085
0x95c90adca98a13aeee6e6881f9317baf441aff44bcfee99c4d71310de1829d1b,1577976092187,1577976085
0x95c90adca98a13aeee6e6881f9317baf441aff44bcfee99c4d71310de1829d1b,1577976092187,1577976085
0x95c90adca98a13aeee6e6881f9317baf441aff44bcfee99c4d71310de1829d1b,1577976092187,1577976085
0x95c90adca98a13aeee6e6881f9317baf441aff44bcfee99c4d71310de1829d1b,1577976092187,1577976085
0x95c90adca98a13aeee6e6881f9317baf441aff44bcfee99c4d71310de1829d1b,1577976092188,1577976085
0x95c90adca98a13aeee6e6881f9317baf441aff44bcfee99c4d71310de1829d1b,1577976092188,1577976085
0x95c90adca98a13aeee6e6881f9317baf441aff44bcfee99c4d71310de1829d1b,1577976092189,1577976085
0x95c90adca98a13aeee6e6881f9317baf441aff44bcfee99c4d71310de1829d1b,1577976092189,1577976085
0x95c90adca98a13aeee6e6881f9317baf441aff44bcfee99c4d71310de1829d1b,1577976092189,1577976085
0x95c90adca98a13aeee6e6881f9317baf441aff44bcfee99c4d71310de1829d1b,1577976092190,1577976085
0x95c90adca98a13aeee6e6881f9317baf441aff44bcfee99c4d71310de1829d1b,1577976092190,1577976085
0x95c90adca98a13aeee6e6881f9317baf441aff44bcfee99c4d71310de1829d1b,1577976092190,1577976085
0x95c90adca98a13aeee6e6881f9317baf441aff44bcfee99c4d71310de1829d1b,1577976092190,1577976085
0x95c90adca98a13aeee6e6881f9317baf441aff44bcfee99c4d71310de1829d1b,1577976092191,1577976085
0x95c90adca98a13aeee6e6881f9317baf441aff44bcfee99c4d71310de1829d1b,1577976092192,1577976085
0x95c90adca98a13aeee6e6881f9317baf441aff44bcfee99c4d71310de1829d1b,1577976092192,1577976085
0x95c90adca98a13aeee6e6881f9317baf441aff44bcfee99c4d71310de1829d1b,1577976092193,1577976085
0x95c90adca98a13aeee6e6881f9317baf441aff44bcfee99c4d71310de1829d1b,1577976092193,1577976085
0x95c90adca98a13aeee6e6881f9317baf441aff44bcfee99c4d71310de1829d1b,1577976092193,1577976085
0x95c90adca98a13aeee6e6881f9317baf441aff44bcfee99c4d71310de1829d1b,1577976092193,1577976085
0x95c90adca98a13aeee6e6881f9317baf441aff44bcfee99c4d71310de1829d1b,1577976092194,1577976085
0x95c90adca98a13aeee6e6881f9317baf441aff44bcfee99c4d71310de1829d1b,1577976092194,1577976085
0x95c90adca98a13aeee6e6881f9317baf441aff44bcfee99c4d71310de1829d1b,1577976092195,1577976085
0x95c90adca98a13aeee6e6881f9317baf441aff44bcfee99c4d71310de1829d1b,1577976092195,1577976085
0x95c90adca98a13aeee6e6881f9317baf441aff44bcfee99c4d71310de1829d1b,1577976092195,1577976085
0x95c90adca98a13aeee6e6881f9317baf441aff44bcfee99c4d71310de1829d1b,1577976092195,1577976085
0x95c90adca98a13aeee6e6881f9317baf441aff44bcfee99c4d71310de1829d1b,1577976092196,1577976085
0x95c90adca98a13aeee6e6881f9317baf441aff44bcfee99c4d71310de1829d1b,1577976092196,1577976085
0x95c90adca98a13aeee6e6881f9317baf441aff44bcfee99c4d71310de1829d1b,1577976092196,1577976085
0x95c90adca98a13aeee6e6881f9317baf441aff44bcfee99c4d71310de1829d1b,1577976092196,1577976085
0x95c90adca98a13aeee6e6881f9317baf441aff44bcfee99c4d71310de1829d1b,1577976092197,1577976085
0x95c90adca98a13aeee6e6881f9317baf441aff44bcfee99c4d71310de1829d1b,1577976092197,1577976085
0x95c90adca98a13aeee6e6881f9317baf441aff44bcfee99c4d71310de1829d1b,1577976092197,1577976085
0x95c90adca98a13aeee6e6881f9317baf441aff44bcfee99c4d71310de1829d1b,1577976092197,1577976085
0x95c90adca98a13aeee6e6881f9317baf441aff44bcfee99c4d71310de1829d1b,1577976092197,1577976085
0x95c90adca98a13aeee6e6881f9317baf441aff44bcfee99c4d71310de1829d1b,1577976092198,1577976085
0x95c90adca98a13aeee6e6881f9317baf441aff44bcfee99c4d71310de1829d1b,1577976092198,1577976085
0x95c90adca98a13aeee6e6881f9317baf441aff44bcfee99c4d71310de1829d1b,1577976092198,1577976085
0x95c90adca98a13aeee6e6881f9317baf441aff44bcfee99c4d71310de1829d1b,1577976092199,1577976085
0x95c90adca98a13aeee6e6881f9317baf441aff44bcfee99c4d71310de1829d1b,1577976092199,1577976085
0x95c90adca98a13aeee6e6881f9317baf441aff44bcfee99c4d71310de1829d1b,1577976092199,1577976085
0x95c90adca98a13aeee6e6881f9317baf441aff44bcfee99c4d71310de1829d1b,1577976092199,1577976085
0x95c90adca98a13aeee6e6881f9317baf441aff44bcfee99c4d71310de1829d1b,1577976092199,1577976085
0x95c90adca98a13aeee6e6881f9317baf441aff44bcfee99c4d71310de1829d1b,1577976092200,1577976085
0x95c90adca98a13aeee6e6881f9317baf441aff44bcfee99c4d71310de1829d1b,1577976092200,1577976085
0x95c90adca98a13aeee6e6881f9317baf441aff44bcfee99c4d71310de1829d1b,1577976092200,1577976085
0x95c90adca98a13aeee6e6881f9317baf441aff44bcfee99c4d71310de1829d1b,1577976092200,1577976085
0x95c90adca98a13aeee6e6881f9317baf441aff44bcfee99c4d71310de1829d1b,1577976092201,1577976085
0x95c90adca98a13aeee6e6881f9317baf441aff44bcfee99c4d71310de1829d1b,1577976092201,1577976085
0x95c90adca98a13aeee6e6881f9317baf441aff44bcfee99c4d71310de1829d1b,1577976092201,1577976085
0x95c90adca98a13aeee6e6881f9317baf441aff44bcfee99c4d71310de1829d1b,1577976092201,1577976085
0x95c90adca98a13aeee6e6881f9317baf441aff44bcfee99c4d71310de1829d1b,1577976092201,1577976085
0x95c90adca98a13aeee6e6881f9317baf441aff44bcfee99c4d71310de1829d1b,1577976092202,1577976085
0x95c90adca98a13aeee6e6881f9317baf441aff44bcfee99c4d71310de1829d1b,1577976092203,1577976085
0x95c90adca98a13aeee6e6881f9317baf441aff44bcfee99c4d71310de1829d1b,1577976092204,1577976085
0x95c90adca98a13aeee6e6881f9317baf441aff44bcfee99c4d71310de1829d1b,1577976092204,1577976085
0x95c90adca98a13aeee6e6881f9317baf441aff44bcfee99c4d71310de1829d1b,1577976092204,1577976085
0x95c90adca98a13aeee6e6881f9317baf441aff44bcfee99c4d71310de1829d1b,1577976092204,1577976085
0x95c90adca98a13aeee6e6881f9317baf441aff44bcfee99c4d71310de1829d1b,1577976092204,1577976085
0x95c90adca98a13aeee6e6881f9317baf441aff44bcfee99c4d71310de1829d1b,1577976092205,1577976085
0x95c90adca98a13aeee6e6881f9317baf441aff44bcfee99c4d71310de1829d1b,1577976092205,1577976085
0x95c90adca98a13aeee6e6881f9317baf441aff44bcfee99c4d71310de1829d1b,1577976092205,1577976085
0x95c90adca98a13aeee6e6881f9317baf441aff44bcfee99c4d71310de1829d1b,1577976092206,1577976085
0x95c90adca98a13aeee6e6881f9317baf441aff44bcfee99c4d71310de1829d1b,1577976092206,1577976085
0x95c90adca98a13aeee6e6881f9317baf441aff44bcfee99c4d71310de1829d1b,1577976092206,1577976085
0x95c90adca98a13aeee6e6881f9317baf441aff44bcfee99c4d71310de1829d1b,1577976092206,1577976085
0x95c90adca98a13aeee6e6881f9317baf441aff44bcfee99c4d71310de1829d1b,1577976092206,1577976085
0x95c90adca98a13aeee6e6881f9317baf441aff44bcfee99c4d71310de1829d1b,1577976092207,1577976085
0x95c90adca98a13aeee6e6881f9317baf441aff44bcfee99c4d71310de1829d1b,1577976092207,1577976085
0x95c90adca98a13aeee6e6881f9317baf441aff44bcfee99c4d71310de1829d1b,1577976092208,1577976085
0x95c90adca98a13aeee6e6881f9317baf441aff44bcfee99c4d71310de1829d1b,1577976092208,1577976085
0x95c90adca98a13aeee6e6881f9317baf441aff44bcfee99c4d71310de1829d1b,1577976092208,1577976085
0x95c90adca98a13aeee6e6881f9317baf441aff44bcfee99c4d71310de1829d1b,1577976092208,1577976085
0x95c90adca98a13aeee6e6881f9317baf441aff44bcfee99c4d71310de1829d1b,1577976092208,1577976085
0x95c90adca98a13aeee6e6881f9317baf441aff44bcfee99c4d71310de1829d1b,1577976092209,1577976085
0x95c90adca98a13aeee6e6881f9317baf441aff44bcfee99c4d71310de1829d1b,1577976092209,1577976085
0x95c90adca98a13aeee6e6881f9317baf441aff44bcfee99c4d71310de1829d1b,1577976092209,1577976085
0x95c90adca98a13aeee6e6881f9317baf441aff44bcfee99c4d71310de1829d1b,1577976092209,1577976085
0x95c90adca98a13aeee6e6881f9317baf441aff44bcfee99c4d71310de1829d1b,1577976092210,1577976085
0x95c90adca98a13aeee6e6881f9317baf441aff44bcfee99c4d71310de1829d1b,1577976092210,1577976085
0x95c90adca98a13aeee6e6881f9317baf441aff44bcfee99c4d71310de1829d1b,1577976092210,1577976085
0x95c90adca98a13aeee6e6881f9317baf441aff44bcfee99c4d71310de1829d1b,1577976092210,1577976085
0x95c90adca98a13aeee6e6881f9317baf441aff44bcfee99c4d71310de1829d1b,1577976092211,1577976085
0x95c90adca98a13aeee6e6881f9317baf441aff44bcfee99c4d71310de1829d1b,1577976092211,1577976085
0x95c90adca98a13aeee6e6881f9317baf441aff44bcfee99c4d71310de1829d1b,1577976092211,1577976085
0x95c90adca98a13aeee6e6881f9317baf441aff44bcfee99c4d71310de1829d1b,1577976092211,1577976085
0x95c90adca98a13aeee6e6881f9317baf441aff44bcfee99c4d71310de1829d1b,1577976092212,1577976085
0x95c90adca98a13aeee6e6881f9317baf441aff44bcfee99c4d71310de1829d1b,1577976092212,1577976085
0x95c90adca98a13aeee6e6881f9317baf441aff44bcfee99c4d71310de1829d1b,1577976092212,1577976085
0x95c90adca98a13aeee6e6881f9317baf441aff44bcfee99c4d71310de1829d1b,1577976092212,1577976085
0x95c90adca98a13aeee6e6881f9317baf441aff44bcfee99c4d71310de1829d1b,1577976092212,1577976085
0x95c90adca98a13aeee6e6881f9317baf441aff44bcfee99c4d71310de1829d1b,1577976092213,1577976085
0x95c90adca98a13aeee6e6881f9317baf441aff44bcfee99c4d71310de1829d1b,1577976092213,1577976085
0x95c90adca98a13aeee6e6881f9317baf441aff44bcfee99c4d71310de1829d1b,1577976092213,1577976085
0x95c90adca98a13aeee6e6881f9317baf441aff44bcfee99c4d71310de1829d1b,1577976092213,1577976085
0x95c90adca98a13aeee6e6881f9317baf441aff44bcfee99c4d71310de1829d1b,1577976092214,1577976085
0x95c90adca98a13aeee6e6881f9317baf441aff44bcfee99c4d71310de1829d1b,1577976092214,1577976085
0x95c90adca98a13aeee6e6881f9317baf441aff44bcfee99c4d71310de1829d1b,1577976092214,1577976085
0x95c90adca98a13aeee6e6881f9317baf441aff44bcfee99c4d71310de1829d1b,1577976092214,1577976085
0x95c90adca98a13aeee6e6881f9317baf441aff44bcfee99c4d71310de1829d1b,1577976092215,1577976085
0x95c90adca98a13aeee6e6881f9317baf441aff44bcfee99c4d71310de1829d1b,1577976092215,1577976085
0x95c90adca98a13aeee6e6881f9317baf441aff44bcfee99c4d71310de1829d1b,1577976092215,1577976085
0x95c90adca98a13aeee6e6881f9317baf441aff44bcfee99c4d71310de1829d1b,1577976094244,1577976092
0x95c90adca98a13aeee6e6881f9317baf441aff44bcfee99c4d71310de1829d1b,1577976094244,1577976092
0x95c90adca98a13aeee6e6881f9317baf441aff44bcfee99c4d71310de1829d1b,1577976094244,1577976092
0x95c90adca98a13aeee6e6881f9317baf441aff44bcfee99c4d71310de1829d1b,1577976094245,1577976092
0x95c90adca98a13aeee6e6881f9317baf441aff44bcfee99c4d71310de1829d1b,1577976094245,1577976092
0x95c90adca98a13aeee6e6881f9317baf441aff44bcfee99c4d71310de1829d1b,1577976094246,1577976092
0x95c90adca98a13aeee6e6881f9317baf441aff44bcfee99c4d71310de1829d1b,1577976094246,1577976092
0x95c90adca98a13aeee6e6881f9317baf441aff44bcfee99c4d71310de1829d1b,1577976094246,1577976092
0x95c90adca98a13aeee6e6881f9317baf441aff44bcfee99c4d71310de1829d1b,1577976094247,1577976092
0x95c90adca98a13aeee6e6881f9317baf441aff44bcfee99c4d71310de1829d1b,1577976094247,1577976092
0x95c90adca98a13aeee6e6881f9317baf441aff44bcfee99c4d71310de1829d1b,1577976094247,1577976092
0x95c90adca98a13aeee6e6881f9317baf441aff44bcfee99c4d71310de1829d1b,1577976094248,1577976092
0x95c90adca98a13aeee6e6881f9317baf441aff44bcfee99c4d71310de1829d1b,1577976094248,1577976092
0x95c90adca98a13aeee6e6881f9317baf441aff44bcfee99c4d71310de1829d1b,1577976094248,1577976092
0x95c90adca98a13aeee6e6881f9317baf441aff44bcfee99c4d71310de1829d1b,1577976094248,1577976092
0x95c90adca98a13aeee6e6881f9317baf441aff44bcfee99c4d71310de1829d1b,1577976094249,1577976092
0x95c90adca98a13aeee6e6881f9317baf441aff44bcfee99c4d71310de1829d1b,1577976094249,1577976092
0x95c90adca98a13aeee6e6881f9317baf441aff44bcfee99c4d71310de1829d1b,1577976094249,1577976092
0x95c90adca98a13aeee6e6881f9317baf441aff44bcfee99c4d71310de1829d1b,1577976094249,1577976092
0x95c90adca98a13aeee6e6881f9317baf441aff44bcfee99c4d71310de1829d1b,1577976094249,1577976092
0x95c90adca98a13aeee6e6881f9317baf441aff44bcfee99c4d71310de1829d1b,1577976094250,1577976092
0x95c90adca98a13aeee6e6881f9317baf441aff44bcfee99c4d71310de1829d1b,1577976094250,1577976092
0x95c90adca98a13aeee6e6881f9317baf441aff44bcfee99c4d71310de1829d1b,1577976094250,1577976092
0x95c90adca98a13aeee6e6881f9317baf441aff44bcfee99c4d71310de1829d1b,1577976094250,1577976092
0x95c90adca98a13aeee6e6881f9317baf441aff44bcfee99c4d71310de1829d1b,1577976094251,1577976092
0x95c90adca98a13aeee6e6881f9317baf441aff44bcfee99c4d71310de1829d1b,1577976094251,1577976092
0x95c90adca98a13aeee6e6881f9317baf441aff44bcfee99c4d71310de1829d1b,1577976094251,1577976092
0x95c90adca98a13aeee6e6881f9317baf441aff44bcfee99c4d71310de1829d1b,1577976094251,1577976092
0x95c90adca98a13aeee6e6881f9317baf441aff44bcfee99c4d71310de1829d1b,1577976094252,1577976092
0x95c90adca98a13aeee6e6881f9317baf441aff44bcfee99c4d71310de1829d1b,1577976094252,1577976092
0x95c90adca98a13aeee6e6881f9317baf441aff44bcfee99c4d71310de1829d1b,1577976094252,1577976092
0x95c90adca98a13aeee6e6881f9317baf441aff44bcfee99c4d71310de1829d1b,1577976094252,1577976092
0x95c90adca98a13aeee6e6881f9317baf441aff44bcfee99c4d71310de1829d1b,1577976094252,1577976092
0x95c90adca98a13aeee6e6881f9317baf441aff44bcfee99c4d71310de1829d1b,1577976094253,1577976092
0x95c90adca98a13aeee6e6881f9317baf441aff44bcfee99c4d71310de1829d1b,1577976094253,1577976092
0x95c90adca98a13aeee6e6881f9317baf441aff44bcfee99c4d71310de1829d1b,1577976094253,1577976092
0x95c90adca98a13aeee6e6881f9317baf441aff44bcfee99c4d71310de1829d1b,1577976094253,1577976092
0x95c90adca98a13aeee6e6881f9317baf441aff44bcfee99c4d71310de1829d1b,1577976094254,1577976092
0x95c90adca98a13aeee6e6881f9317baf441aff44bcfee99c4d71310de1829d1b,1577976094254,1577976092
0x95c90adca98a13aeee6e6881f9317baf441aff44bcfee99c4d71310de1829d1b,1577976094254,1577976092
0x95c90adca98a13aeee6e6881f9317baf441aff44bcfee99c4d71310de1829d1b,1577976094254,1577976092
0x95c90adca98a13aeee6e6881f9317baf441aff44bcfee99c4d71310de1829d1b,1577976094255,1577976092
0x95c90adca98a13aeee6e6881f9317baf441aff44bcfee99c4d71310de1829d1b,1577976094255,1577976092
0x95c90adca98a13aeee6e6881f9317baf441aff44bcfee99c4d71310de1829d1b,1577976094256,1577976092
0x95c90adca98a13aeee6e6881f9317baf441aff44bcfee99c4d71310de1829d1b,1577976094256,1577976092
0x95c90adca98a13aeee6e6881f9317baf441aff44bcfee99c4d71310de1829d1b,1577976094256,1577976092
0x95c90adca98a13aeee6e6881f9317baf441aff44bcfee99c4d71310de1829d1b,1577976094256,1577976092
0x95c90adca98a13aeee6e6881f9317baf441aff44bcfee99c4d71310de1829d1b,1577976094257,1577976092
0x95c90adca98a13aeee6e6881f9317baf441aff44bcfee99c4d71310de1829d1b,1577976094257,1577976092
0x95c90adca98a13aeee6e6881f9317baf441aff44bcfee99c4d71310de1829d1b,1577976094257,1577976092
0x95c90adca98a13aeee6e6881f9317baf441aff44bcfee99c4d71310de1829d1b,1577976094257,1577976092
0x95c90adca98a13aeee6e6881f9317baf441aff44bcfee99c4d71310de1829d1b,1577976094257,1577976092
0x95c90adca98a13aeee6e6881f9317baf441aff44bcfee99c4d71310de1829d1b,1577976094258,1577976092
0x95c90adca98a13aeee6e6881f9317baf441aff44bcfee99c4d71310de1829d1b,1577976094258,1577976092
0x95c90adca98a13aeee6e6881f9317baf441aff44bcfee99c4d71310de1829d1b,1577976094258,1577976092
0x95c90adca98a13aeee6e6881f9317baf441aff44bcfee99c4d71310de1829d1b,1577976094258,1577976092
0x95c90adca98a13aeee6e6881f9317baf441aff44bcfee99c4d71310de1829d1b,1577976094259,1577976092
0x95c90adca98a13aeee6e6881f9317baf441aff44bcfee99c4d71310de1829d1b,1577976094259,1577976092
0x95c90adca98a13aeee6e6881f9317baf441aff44bcfee99c4d71310de1829d1b,1577976094259,1577976092
0x95c90adca98a13aeee6e6881f9317baf441aff44bcfee99c4d71310de1829d1b,1577976094259,1577976092
0x95c90adca98a13aeee6e6881f9317baf441aff44bcfee99c4d71310de1829d1b,1577976094259,1577976092
0x95c90adca98a13aeee6e6881f9317baf441aff44bcfee99c4d71310de1829d1b,1577976094260,1577976092
0x95c90adca98a13aeee6e6881f9317baf441aff44bcfee99c4d71310de1829d1b,1577976094260,1577976092
0x95c90adca98a13aeee6e6881f9317baf441aff44bcfee99c4d71310de1829d1b,1577976094260,1577976092
0x95c90adca98a13aeee6e6881f9317baf441aff44bcfee99c4d71310de1829d1b,1577976094260,1577976092
0x95c90adca98a13aeee6e6881f9317baf441aff44bcfee99c4d71310de1829d1b,1577976094260,1577976092
0x95c90adca98a13aeee6e6881f9317baf441aff44bcfee99c4d71310de1829d1b,1577976094261,1577976092
0x95c90adca98a13aeee6e6881f9317baf441aff44bcfee99c4d71310de1829d1b,1577976094261,1577976092
0x95c90adca98a13aeee6e6881f9317baf441aff44bcfee99c4d71310de1829d1b,1577976094261,1577976092
0x95c90adca98a13aeee6e6881f9317baf441aff44bcfee99c4d71310de1829d1b,1577976094261,1577976092
0x95c90adca98a13aeee6e6881f9317baf441aff44bcfee99c4d71310de1829d1b,1577976094261,1577976092
0x95c90adca98a13aeee6e6881f9317baf441aff44bcfee99c4d71310de1829d1b,1577976094262,1577976092
0x95c90adca98a13aeee6e6881f9317baf441aff44bcfee99c4d71310de1829d1b,1577976094262,1577976092
0x95c90adca98a13aeee6e6881f9317baf441aff44bcfee99c4d71310de1829d1b,1577976094262,1577976092
0x95c90adca98a13aeee6e6881f9317baf441aff44bcfee99c4d71310de1829d1b,1577976094263,1577976092
0x95c90adca98a13aeee6e6881f9317baf441aff44bcfee99c4d71310de1829d1b,1577976094263,1577976092
0x95c90adca98a13aeee6e6881f9317baf441aff44bcfee99c4d71310de1829d1b,1577976094263,1577976092
0x95c90adca98a13aeee6e6881f9317baf441aff44bcfee99c4d71310de1829d1b,1577976094263,1577976092
0x95c90adca98a13aeee6e6881f9317baf441aff44bcfee99c4d71310de1829d1b,1577976094263,1577976092
0x95c90adca98a13aeee6e6881f9317baf441aff44bcfee99c4d71310de1829d1b,1577976094264,1577976092
0x95c90adca98a13aeee6e6881f9317baf441aff44bcfee99c4d71310de1829d1b,1577976094264,1577976092
0x95c90adca98a13aeee6e6881f9317baf441aff44bcfee99c4d71310de1829d1b,1577976094264,1577976092
0x95c90adca98a13aeee6e6881f9317baf441aff44bcfee99c4d71310de1829d1b,1577976094265,1577976092
0x95c90adca98a13aeee6e6881f9317baf441aff44bcfee99c4d71310de1829d1b,1577976094265,1577976092
0x95c90adca98a13aeee6e6881f9317baf441aff44bcfee99c4d71310de1829d1b,1577976094265,1577976092
0x95c90adca98a13aeee6e6881f9317baf441aff44bcfee99c4d71310de1829d1b,1577976094265,1577976092
0x95c90adca98a13aeee6e6881f9317baf441aff44bcfee99c4d71310de1829d1b,1577976094266,1577976092
0x95c90adca98a13aeee6e6881f9317baf441aff44bcfee99c4d71310de1829d1b,1577976094266,1577976092
0x95c90adca98a13aeee6e6881f9317baf441aff44bcfee99c4d71310de1829d1b,1577976094266,1577976092
0x95c90adca98a13aeee6e6881f9317baf441aff44bcfee99c4d71310de1829d1b,1577976094266,1577976092
0x95c90adca98a13aeee6e6881f9317baf441aff44bcfee99c4d71310de1829d1b,1577976094267,1577976092
0x95c90adca98a13aeee6e6881f9317baf441aff44bcfee99c4d71310de1829d1b,1577976094267,1577976092
0x95c90adca98a13aeee6e6881f9317baf441aff44bcfee99c4d71310de1829d1b,1577976094267,1577976092
0x95c90adca98a13aeee6e6881f9317baf441aff44bcfee99c4d71310de1829d1b,1577976094267,1577976092
0x95c90adca98a13aeee6e6881f9317baf441aff44bcfee99c4d71310de1829d1b,1577976094268,1577976092
0x95c90adca98a13aeee6e6881f9317baf441aff44bcfee99c4d71310de1829d1b,1577976094268,1577976092
0x95c90adca98a13aeee6e6881f9317baf441aff44bcfee99c4d71310de1829d1b,1577976094268,1577976092
0x95c90adca98a13aeee6e6881f9317baf441aff44bcfee99c4d71310de1829d1b,1577976094268,1577976092
0x95c90adca98a13aeee6e6881f9317baf441aff44bcfee99c4d71310de1829d1b,1577976094269,1577976092
0x95c90adca98a13aeee6e6881f9317baf441aff44bcfee99c4d71310de1829d1b,1577976094269,1577976092
0x95c90adca98a13aeee6e6881f9317baf441aff44bcfee99c4d71310de1829d1b,1577976094269,1577976092
0x95c90adca98a13aeee6e6881f9317baf441aff44bcfee99c4d71310de1829d1b,1577976094269,1577976092
0x95c90adca98a13aeee6e6881f9317baf441aff44bcfee99c4d71310de1829d1b,1577976094271,1577976092
0x95c90adca98a13aeee6e6881f9317baf441aff44bcfee99c4d71310de1829d1b,1577976094271,1577976092
0x95c90adca98a13aeee6e6881f9317baf441aff44bcfee99c4d71310de1829d1b,1577976094271,1577976092
0x95c90adca98a13aeee6e6881f9317baf441aff44bcfee99c4d71310de1829d1b,1577976094272,1577976092
0x95c90adca98a13aeee6e6881f9317baf441aff44bcfee99c4d71310de1829d1b,1577976094272,1577976092
0x95c90adca98a13aeee6e6881f9317baf441aff44bcfee99c4d71310de1829d1b,1577976094272,1577976092
0x95c90adca98a13aeee6e6881f9317baf441aff44bcfee99c4d71310de1829d1b,1577976094273,1577976092
0x95c90adca98a13aeee6e6881f9317baf441aff44bcfee99c4d71310de1829d1b,1577976094273,1577976092
0x95c90adca98a13aeee6e6881f9317baf441aff44bcfee99c4d71310de1829d1b,1577976094273,1577976092
0x95c90adca98a13aeee6e6881f9317baf441aff44bcfee99c4d71310de1829d1b,1577976094273,1577976092
0x95c90adca98a13aeee6e6881f9317baf441aff44bcfee99c4d71310de1829d1b,1577976094273,1577976092
0x95c90adca98a13aeee6e6881f9317baf441aff44bcfee99c4d71310de1829d1b,1577976094274,1577976092
0x95c90adca98a13aeee6e6881f9317baf441aff44bcfee99c4d71310de1829d1b,1577976094274,1577976092
0x95c90adca98a13aeee6e6881f9317baf441aff44bcfee99c4d71310de1829d1b,1577976094274,1577976092
0x95c90adca98a13aeee6e6881f9317baf441aff44bcfee99c4d71310de1829d1b,1577976094274,1577976092
0x95c90adca98a13aeee6e6881f9317baf441aff44bcfee99c4d71310de1829d1b,1577976094275,1577976092
0x95c90adca98a13aeee6e6881f9317baf441aff44bcfee99c4d71310de1829d1b,1577976094275,1577976092
0x95c90adca98a13aeee6e6881f9317baf441aff44bcfee99c4d71310de1829d1b,1577976094275,1577976092
0x95c90adca98a13aeee6e6881f9317baf441aff44bcfee99c4d71310de1829d1b,1577976094275,1577976092
0x95c90adca98a13aeee6e6881f9317baf441aff44bcfee99c4d71310de1829d1b,1577976094276,1577976092
0x95c90adca98a13aeee6e6881f9317baf441aff44bcfee99c4d71310de1829d1b,1577976094276,1577976092
0x95c90adca98a13aeee6e6881f9317baf441aff44bcfee99c4d71310de1829d1b,1577976094276,1577976092
0x95c90adca98a13aeee6e6881f9317baf441aff44bcfee99c4d71310de1829d1b,1577976094277,1577976092
0x95c90adca98a13aeee6e6881f9317baf441aff44bcfee99c4d71310de1829d1b,1577976094277,1577976092
0x95c90adca98a13aeee6e6881f9317baf441aff44bcfee99c4d71310de1829d1b,1577976094277,1577976092
0x95c90adca98a13aeee6e6881f9317baf441aff44bcfee99c4d71310de1829d1b,1577976094277,1577976092
0x95c90adca98a13aeee6e6881f9317baf441aff44bcfee99c4d71310de1829d1b,1577976094278,1577976092
0x95c90adca98a13aeee6e6881f9317baf441aff44bcfee99c4d71310de1829d1b,1577976094278,1577976092
0x95c90adca98a13aeee6e6881f9317baf441aff44bcfee99c4d71310de1829d1b,1577976094278,1577976092
0x95c90adca98a13aeee6e6881f9317baf441aff44bcfee99c4d71310de1829d1b,1577976094278,1577976092
0x95c90adca98a13aeee6e6881f9317baf441aff44bcfee99c4d71310de1829d1b,1577976094279,1577976092
0x95c90adca98a13aeee6e6881f9317baf441aff44bcfee99c4d71310de1829d1b,1577976094279,1577976092
0x95c90adca98a13aeee6e6881f9317baf441aff44bcfee99c4d71310de1829d1b,1577976094279,1577976092
0x95c90adca98a13aeee6e6881f9317baf441aff44bcfee99c4d71310de1829d1b,1577976094279,1577976092
0x95c90adca98a13aeee6e6881f9317baf441aff44bcfee99c4d71310de1829d1b,1577976094280,1577976092
0x95c90adca98a13aeee6e6881f9317baf441aff44bcfee99c4d71310de1829d1b,1577976094280,1577976092
0x95c90adca98a13aeee6e6881f9317baf441aff44bcfee99c4d71310de1829d1b,1577976094280,1577976092
0x95c90adca98a13aeee6e6881f9317baf441aff44bcfee99c4d71310de1829d1b,1577976094280,1577976092
0x95c90adca98a13aeee6e6881f9317baf441aff44bcfee99c4d71310de1829d1b,1577976094280,1577976092
0x95c90adca98a13aeee6e6881f9317baf441aff44bcfee99c4d71310de1829d1b,1577976094281,1577976092
0x95c90adca98a13aeee6e6881f9317baf441aff44bcfee99c4d71310de1829d1b,1577976094281,1577976092
0x95c90adca98a13aeee6e6881f9317baf441aff44bcfee99c4d71310de1829d1b,1577976094281,1577976092
0x95c90adca98a13aeee6e6881f9317baf441aff44bcfee99c4d71310de1829d1b,1577976095177,1577976094
0x95c90adca98a13aeee6e6881f9317baf441aff44bcfee99c4d71310de1829d1b,1577976095178,1577976094
0x95c90adca98a13aeee6e6881f9317baf441aff44bcfee99c4d71310de1829d1b,1577976095178,1577976094
0x95c90adca98a13aeee6e6881f9317baf441aff44bcfee99c4d71310de1829d1b,1577976095179,1577976094
0x95c90adca98a13aeee6e6881f9317baf441aff44bcfee99c4d71310de1829d1b,1577976095179,1577976094
0x95c90adca98a13aeee6e6881f9317baf441aff44bcfee99c4d71310de1829d1b,1577976095180,1577976094
0x95c90adca98a13aeee6e6881f9317baf441aff44bcfee99c4d71310de1829d1b,1577976095180,1577976094
0x95c90adca98a13aeee6e6881f9317baf441aff44bcfee99c4d71310de1829d1b,1577976095180,1577976094
0x95c90adca98a13aeee6e6881f9317baf441aff44bcfee99c4d71310de1829d1b,1577976095180,1577976094
0x95c90adca98a13aeee6e6881f9317baf441aff44bcfee99c4d71310de1829d1b,1577976095181,1577976094
0x95c90adca98a13aeee6e6881f9317baf441aff44bcfee99c4d71310de1829d1b,1577976095181,1577976094
0x95c90adca98a13aeee6e6881f9317baf441aff44bcfee99c4d71310de1829d1b,1577976095181,1577976094
0x95c90adca98a13aeee6e6881f9317baf441aff44bcfee99c4d71310de1829d1b,1577976095181,1577976094
0x95c90adca98a13aeee6e6881f9317baf441aff44bcfee99c4d71310de1829d1b,1577976095181,1577976094
0x95c90adca98a13aeee6e6881f9317baf441aff44bcfee99c4d71310de1829d1b,1577976095182,1577976094
0x95c90adca98a13aeee6e6881f9317baf441aff44bcfee99c4d71310de1829d1b,1577976095182,1577976094
0x95c90adca98a13aeee6e6881f9317baf441aff44bcfee99c4d71310de1829d1b,1577976095182,1577976094
0x95c90adca98a13aeee6e6881f9317baf441aff44bcfee99c4d71310de1829d1b,1577976095182,1577976094
0x95c90adca98a13aeee6e6881f9317baf441aff44bcfee99c4d71310de1829d1b,1577976095183,1577976094
0x95c90adca98a13aeee6e6881f9317baf441aff44bcfee99c4d71310de1829d1b,1577976095183,1577976094
0x95c90adca98a13aeee6e6881f9317baf441aff44bcfee99c4d71310de1829d1b,1577976095183,1577976094
0x95c90adca98a13aeee6e6881f9317baf441aff44bcfee99c4d71310de1829d1b,1577976095184,1577976094
0x95c90adca98a13aeee6e6881f9317baf441aff44bcfee99c4d71310de1829d1b,1577976095184,1577976094
0x95c90adca98a13aeee6e6881f9317baf441aff44bcfee99c4d71310de1829d1b,1577976095184,1577976094
0x95c90adca98a13aeee6e6881f9317baf441aff44bcfee99c4d71310de1829d1b,1577976095184,1577976094
0x95c90adca98a13aeee6e6881f9317baf441aff44bcfee99c4d71310de1829d1b,1577976095185,1577976094
0x95c90adca98a13aeee6e6881f9317baf441aff44bcfee99c4d71310de1829d1b,1577976095185,1577976094
0x95c90adca98a13aeee6e6881f9317baf441aff44bcfee99c4d71310de1829d1b,1577976095185,1577976094
0x95c90adca98a13aeee6e6881f9317baf441aff44bcfee99c4d71310de1829d1b,1577976095185,1577976094
0x95c90adca98a13aeee6e6881f9317baf441aff44bcfee99c4d71310de1829d1b,1577976095186,1577976094
0x95c90adca98a13aeee6e6881f9317baf441aff44bcfee99c4d71310de1829d1b,1577976095186,1577976094
0x95c90adca98a13aeee6e6881f9317baf441aff44bcfee99c4d71310de1829d1b,1577976095186,1577976094
0x95c90adca98a13aeee6e6881f9317baf441aff44bcfee99c4d71310de1829d1b,1577976095186,1577976094
0x95c90adca98a13aeee6e6881f9317baf441aff44bcfee99c4d71310de1829d1b,1577976095186,1577976094
0x95c90adca98a13aeee6e6881f9317baf441aff44bcfee99c4d71310de1829d1b,1577976095187,1577976094
0x95c90adca98a13aeee6e6881f9317baf441aff44bcfee99c4d71310de1829d1b,1577976095188,1577976094
0x95c90adca98a13aeee6e6881f9317baf441aff44bcfee99c4d71310de1829d1b,1577976095188,1577976094
0x95c90adca98a13aeee6e6881f9317baf441aff44bcfee99c4d71310de1829d1b,1577976095188,1577976094
0x95c90adca98a13aeee6e6881f9317baf441aff44bcfee99c4d71310de1829d1b,1577976095189,1577976094
0x95c90adca98a13aeee6e6881f9317baf441aff44bcfee99c4d71310de1829d1b,1577976095189,1577976094
0x95c90adca98a13aeee6e6881f9317baf441aff44bcfee99c4d71310de1829d1b,1577976095190,1577976094
0x95c90adca98a13aeee6e6881f9317baf441aff44bcfee99c4d71310de1829d1b,1577976095189,1577976094
0x95c90adca98a13aeee6e6881f9317baf441aff44bcfee99c4d71310de1829d1b,1577976095190,1577976094
0x95c90adca98a13aeee6e6881f9317baf441aff44bcfee99c4d71310de1829d1b,1577976095190,1577976094
0x95c90adca98a13aeee6e6881f9317baf441aff44bcfee99c4d71310de1829d1b,1577976095190,1577976094
0x95c90adca98a13aeee6e6881f9317baf441aff44bcfee99c4d71310de1829d1b,1577976095190,1577976094
0x95c90adca98a13aeee6e6881f9317baf441aff44bcfee99c4d71310de1829d1b,1577976095191,1577976094
0x95c90adca98a13aeee6e6881f9317baf441aff44bcfee99c4d71310de1829d1b,1577976095191,1577976094
0x95c90adca98a13aeee6e6881f9317baf441aff44bcfee99c4d71310de1829d1b,1577976095191,1577976094
0x95c90adca98a13aeee6e6881f9317baf441aff44bcfee99c4d71310de1829d1b,1577976095191,1577976094
0x95c90adca98a13aeee6e6881f9317baf441aff44bcfee99c4d71310de1829d1b,1577976095192,1577976094
0x95c90adca98a13aeee6e6881f9317baf441aff44bcfee99c4d71310de1829d1b,1577976095192,1577976094
0x95c90adca98a13aeee6e6881f9317baf441aff44bcfee99c4d71310de1829d1b,1577976095192,1577976094
0x95c90adca98a13aeee6e6881f9317baf441aff44bcfee99c4d71310de1829d1b,1577976095192,1577976094
0x95c90adca98a13aeee6e6881f9317baf441aff44bcfee99c4d71310de1829d1b,1577976095193,1577976094
0x95c90adca98a13aeee6e6881f9317baf441aff44bcfee99c4d71310de1829d1b,1577976095193,1577976094
0x95c90adca98a13aeee6e6881f9317baf441aff44bcfee99c4d71310de1829d1b,1577976095193,1577976094
0x95c90adca98a13aeee6e6881f9317baf441aff44bcfee99c4d71310de1829d1b,1577976095193,1577976094
0x95c90adca98a13aeee6e6881f9317baf441aff44bcfee99c4d71310de1829d1b,1577976095194,1577976094
0x95c90adca98a13aeee6e6881f9317baf441aff44bcfee99c4d71310de1829d1b,1577976095194,1577976094
0x95c90adca98a13aeee6e6881f9317baf441aff44bcfee99c4d71310de1829d1b,1577976095194,1577976094
0x95c90adca98a13aeee6e6881f9317baf441aff44bcfee99c4d71310de1829d1b,1577976095194,1577976094
0x95c90adca98a13aeee6e6881f9317baf441aff44bcfee99c4d71310de1829d1b,1577976095195,1577976094
0x95c90adca98a13aeee6e6881f9317baf441aff44bcfee99c4d71310de1829d1b,1577976095195,1577976094
0x95c90adca98a13aeee6e6881f9317baf441aff44bcfee99c4d71310de1829d1b,1577976095195,1577976094
0x95c90adca98a13aeee6e6881f9317baf441aff44bcfee99c4d71310de1829d1b,1577976095196,1577976094
0x95c90adca98a13aeee6e6881f9317baf441aff44bcfee99c4d71310de1829d1b,1577976095196,1577976094
0x95c90adca98a13aeee6e6881f9317baf441aff44bcfee99c4d71310de1829d1b,1577976095196,1577976094
0x95c90adca98a13aeee6e6881f9317baf441aff44bcfee99c4d71310de1829d1b,1577976095196,1577976094
0x95c90adca98a13aeee6e6881f9317baf441aff44bcfee99c4d71310de1829d1b,1577976095196,1577976094
0x95c90adca98a13aeee6e6881f9317baf441aff44bcfee99c4d71310de1829d1b,1577976095197,1577976094
0x95c90adca98a13aeee6e6881f9317baf441aff44bcfee99c4d71310de1829d1b,1577976095197,1577976094
0x95c90adca98a13aeee6e6881f9317baf441aff44bcfee99c4d71310de1829d1b,1577976095197,1577976094
0x95c90adca98a13aeee6e6881f9317baf441aff44bcfee99c4d71310de1829d1b,1577976095197,1577976094
0x95c90adca98a13aeee6e6881f9317baf441aff44bcfee99c4d71310de1829d1b,1577976095198,1577976094
0x95c90adca98a13aeee6e6881f9317baf441aff44bcfee99c4d71310de1829d1b,1577976095198,1577976094
0x95c90adca98a13aeee6e6881f9317baf441aff44bcfee99c4d71310de1829d1b,1577976095198,1577976094
0x95c90adca98a13aeee6e6881f9317baf441aff44bcfee99c4d71310de1829d1b,1577976095198,1577976094
0x95c90adca98a13aeee6e6881f9317baf441aff44bcfee99c4d71310de1829d1b,1577976095198,1577976094
0x95c90adca98a13aeee6e6881f9317baf441aff44bcfee99c4d71310de1829d1b,1577976095199,1577976094
0x95c90adca98a13aeee6e6881f9317baf441aff44bcfee99c4d71310de1829d1b,1577976095199,1577976094
0x95c90adca98a13aeee6e6881f9317baf441aff44bcfee99c4d71310de1829d1b,1577976095199,1577976094
0x95c90adca98a13aeee6e6881f9317baf441aff44bcfee99c4d71310de1829d1b,1577976095199,1577976094
0x95c90adca98a13aeee6e6881f9317baf441aff44bcfee99c4d71310de1829d1b,1577976095199,1577976094
0x95c90adca98a13aeee6e6881f9317baf441aff44bcfee99c4d71310de1829d1b,1577976095200,1577976094
0x95c90adca98a13aeee6e6881f9317baf441aff44bcfee99c4d71310de1829d1b,1577976095200,1577976094
0x95c90adca98a13aeee6e6881f9317baf441aff44bcfee99c4d71310de1829d1b,1577976095200,1577976094
0x95c90adca98a13aeee6e6881f9317baf441aff44bcfee99c4d71310de1829d1b,1577976095200,1577976094
0x95c90adca98a13aeee6e6881f9317baf441aff44bcfee99c4d71310de1829d1b,1577976095200,1577976094
0x95c90adca98a13aeee6e6881f9317baf441aff44bcfee99c4d71310de1829d1b,1577976095201,1577976094
0x95c90adca98a13aeee6e6881f9317baf441aff44bcfee99c4d71310de1829d1b,1577976095201,1577976094
0x95c90adca98a13aeee6e6881f9317baf441aff44bcfee99c4d71310de1829d1b,1577976095201,1577976094
0x95c90adca98a13aeee6e6881f9317baf441aff44bcfee99c4d71310de1829d1b,1577976095201,1577976094
0x95c90adca98a13aeee6e6881f9317baf441aff44bcfee99c4d71310de1829d1b,1577976095201,1577976094
0x95c90adca98a13aeee6e6881f9317baf441aff44bcfee99c4d71310de1829d1b,1577976095202,1577976094
0x95c90adca98a13aeee6e6881f9317baf441aff44bcfee99c4d71310de1829d1b,1577976095202,1577976094
0x95c90adca98a13aeee6e6881f9317baf441aff44bcfee99c4d71310de1829d1b,1577976095202,1577976094
0x95c90adca98a13aeee6e6881f9317baf441aff44bcfee99c4d71310de1829d1b,1577976095203,1577976094
0x95c90adca98a13aeee6e6881f9317baf441aff44bcfee99c4d71310de1829d1b,1577976095203,1577976094
0x95c90adca98a13aeee6e6881f9317baf441aff44bcfee99c4d71310de1829d1b,1577976095203,1577976094
0x95c90adca98a13aeee6e6881f9317baf441aff44bcfee99c4d71310de1829d1b,1577976095203,1577976094
0x95c90adca98a13aeee6e6881f9317baf441aff44bcfee99c4d71310de1829d1b,1577976095203,1577976094
0x95c90adca98a13aeee6e6881f9317baf441aff44bcfee99c4d71310de1829d1b,1577976095204,1577976094
0x95c90adca98a13aeee6e6881f9317baf441aff44bcfee99c4d71310de1829d1b,1577976095204,1577976094
0x95c90adca98a13aeee6e6881f9317baf441aff44bcfee99c4d71310de1829d1b,1577976095204,1577976094
0x95c90adca98a13aeee6e6881f9317baf441aff44bcfee99c4d71310de1829d1b,1577976095204,1577976094
0x95c90adca98a13aeee6e6881f9317baf441aff44bcfee99c4d71310de1829d1b,1577976095205,1577976094
0x95c90adca98a13aeee6e6881f9317baf441aff44bcfee99c4d71310de1829d1b,1577976095205,1577976094
0x95c90adca98a13aeee6e6881f9317baf441aff44bcfee99c4d71310de1829d1b,1577976095205,1577976094
0x95c90adca98a13aeee6e6881f9317baf441aff44bcfee99c4d71310de1829d1b,1577976095205,1577976094
0x95c90adca98a13aeee6e6881f9317baf441aff44bcfee99c4d71310de1829d1b,1577976095205,1577976094
0x95c90adca98a13aeee6e6881f9317baf441aff44bcfee99c4d71310de1829d1b,1577976095206,1577976094
0x95c90adca98a13aeee6e6881f9317baf441aff44bcfee99c4d71310de1829d1b,1577976095206,1577976094
0x95c90adca98a13aeee6e6881f9317baf441aff44bcfee99c4d71310de1829d1b,1577976095206,1577976094
0x95c90adca98a13aeee6e6881f9317baf441aff44bcfee99c4d71310de1829d1b,1577976095206,1577976094
0x95c90adca98a13aeee6e6881f9317baf441aff44bcfee99c4d71310de1829d1b,1577976095206,1577976094
0x95c90adca98a13aeee6e6881f9317baf441aff44bcfee99c4d71310de1829d1b,1577976095207,1577976094
0x95c90adca98a13aeee6e6881f9317baf441aff44bcfee99c4d71310de1829d1b,1577976095207,1577976094
0x95c90adca98a13aeee6e6881f9317baf441aff44bcfee99c4d71310de1829d1b,1577976095207,1577976094
0x95c90adca98a13aeee6e6881f9317baf441aff44bcfee99c4d71310de1829d1b,1577976095207,1577976094
0x95c90adca98a13aeee6e6881f9317baf441aff44bcfee99c4d71310de1829d1b,1577976095207,1577976094
0x95c90adca98a13aeee6e6881f9317baf441aff44bcfee99c4d71310de1829d1b,1577976095208,1577976094
0x95c90adca98a13aeee6e6881f9317baf441aff44bcfee99c4d71310de1829d1b,1577976095208,1577976094
0x95c90adca98a13aeee6e6881f9317baf441aff44bcfee99c4d71310de1829d1b,1577976095208,1577976094
0x95c90adca98a13aeee6e6881f9317baf441aff44bcfee99c4d71310de1829d1b,1577976095208,1577976094
0x95c90adca98a13aeee6e6881f9317baf441aff44bcfee99c4d71310de1829d1b,1577976095208,1577976094
0x95c90adca98a13aeee6e6881f9317baf441aff44bcfee99c4d71310de1829d1b,1577976095209,1577976094
0x95c90adca98a13aeee6e6881f9317baf441aff44bcfee99c4d71310de1829d1b,1577976095209,1577976094
0x95c90adca98a13aeee6e6881f9317baf441aff44bcfee99c4d71310de1829d1b,1577976095209,1577976094
0x95c90adca98a13aeee6e6881f9317baf441aff44bcfee99c4d71310de1829d1b,1577976095210,1577976094
0x95c90adca98a13aeee6e6881f9317baf441aff44bcfee99c4d71310de1829d1b,1577976095210,1577976094
0x95c90adca98a13aeee6e6881f9317baf441aff44bcfee99c4d71310de1829d1b,1577976095210,1577976094
0x95c90adca98a13aeee6e6881f9317baf441aff44bcfee99c4d71310de1829d1b,1577976095210,1577976094
0x95c90adca98a13aeee6e6881f9317baf441aff44bcfee99c4d71310de1829d1b,1577976095210,1577976094
0x95c90adca98a13aeee6e6881f9317baf441aff44bcfee99c4d71310de1829d1b,1577976095211,1577976094
0x95c90adca98a13aeee6e6881f9317baf441aff44bcfee99c4d71310de1829d1b,1577976095211,1577976094
0x95c90adca98a13aeee6e6881f9317baf441aff44bcfee99c4d71310de1829d1b,1577976095211,1577976094
0x95c90adca98a13aeee6e6881f9317baf441aff44bcfee99c4d71310de1829d1b,1577976095211,1577976094
0x95c90adca98a13aeee6e6881f9317baf441aff44bcfee99c4d71310de1829d1b,1577976095211,1577976094
0x95c90adca98a13aeee6e6881f9317baf441aff44bcfee99c4d71310de1829d1b,1577976095212,1577976094
0x95c90adca98a13aeee6e6881f9317baf441aff44bcfee99c4d71310de1829d1b,1577976095212,1577976094
0x95c90adca98a13aeee6e6881f9317baf441aff44bcfee99c4d71310de1829d1b,1577976095212,1577976094
0x95c90adca98a13aeee6e6881f9317baf441aff44bcfee99c4d71310de1829d1b,1577976095212,1577976094
0x95c90adca98a13aeee6e6881f9317baf441aff44bcfee99c4d71310de1829d1b,1577976095212,1577976094
0x95c90adca98a13aeee6e6881f9317baf441aff44bcfee99c4d71310de1829d1b,1577976095213,1577976094
0x95c90adca98a13aeee6e6881f9317baf441aff44bcfee99c4d71310de1829d1b,1577976095213,1577976094
0x95c90adca98a13aeee6e6881f9317baf441aff44bcfee99c4d71310de1829d1b,1577976095213,1577976094
0x95c90adca98a13aeee6e6881f9317baf441aff44bcfee99c4d71310de1829d1b,1577976095213,1577976094
0x95c90adca98a13aeee6e6881f9317baf441aff44bcfee99c4d71310de1829d1b,1577976095213,1577976094
0x95c90adca98a13aeee6e6881f9317baf441aff44bcfee99c4d71310de1829d1b,1577976095214,1577976094
0x95c90adca98a13aeee6e6881f9317baf441aff44bcfee99c4d71310de1829d1b,1577976095214,1577976094
0x95c90adca98a13aeee6e6881f9317baf441aff44bcfee99c4d71310de1829d1b,1577976095214,1577976094
0x95c90adca98a13aeee6e6881f9317baf441aff44bcfee99c4d71310de1829d1b,1577976095214,1577976094
0x95c90adca98a13aeee6e6881f9317baf441aff44bcfee99c4d71310de1829d1b,1577976095214,1577976094
0x95c90adca98a13aeee6e6881f9317baf441aff44bcfee99c4d71310de1829d1b,1577976095215,1577976094
0x95c90adca98a13aeee6e6881f9317baf441aff44bcfee99c4d71310de1829d1b,1577976095215,1577976094
0x95c90adca98a13aeee6e6881f9317baf441aff44bcfee99c4d71310de1829d1b,1577976095216,1577976094
0x95c90adca98a13aeee6e6881f9317baf441aff44bcfee99c4d71310de1829d1b,1577976095216,1577976094
0x95c90adca98a13aeee6e6881f9317baf441aff44bcfee99c4d71310de1829d1b,1577976095216,1577976094
0x95c90adca98a13aeee6e6881f9317baf441aff44bcfee99c4d71310de1829d1b,1577976095216,1577976094
0x95c90adca98a13aeee6e6881f9317baf441aff44bcfee99c4d71310de1829d1b,1577976095216,1577976094
0x95c90adca98a13aeee6e6881f9317baf441aff44bcfee99c4d71310de1829d1b,1577976095217,1577976094
0x95c90adca98a13aeee6e6881f9317baf441aff44bcfee99c4d71310de1829d1b,1577976095217,1577976094
0x95c90adca98a13aeee6e6881f9317baf441aff44bcfee99c4d71310de1829d1b,1577976095217,1577976094
0x95c90adca98a13aeee6e6881f9317baf441aff44bcfee99c4d71310de1829d1b,1577976095217,1577976094
0x95c90adca98a13aeee6e6881f9317baf441aff44bcfee99c4d71310de1829d1b,1577976095218,1577976094
0x95c90adca98a13aeee6e6881f9317baf441aff44bcfee99c4d71310de1829d1b,1577976095218,1577976094
0x95c90adca98a13aeee6e6881f9317baf441aff44bcfee99c4d71310de1829d1b,1577976095218,1577976094
0x95c90adca98a13aeee6e6881f9317baf441aff44bcfee99c4d71310de1829d1b,1577976095218,1577976094
0x95c90adca98a13aeee6e6881f9317baf441aff44bcfee99c4d71310de1829d1b,1577976095218,1577976094
0x95c90adca98a13aeee6e6881f9317baf441aff44bcfee99c4d71310de1829d1b,1577976095219,1577976094
0x95c90adca98a13aeee6e6881f9317baf441aff44bcfee99c4d71310de1829d1b,1577976095219,1577976094
0x95c90adca98a13aeee6e6881f9317baf441aff44bcfee99c4d71310de1829d1b,1577976095219,1577976094
0x95c90adca98a13aeee6e6881f9317baf441aff44bcfee99c4d71310de1829d1b,1577976095219,1577976094
0x95c90adca98a13aeee6e6881f9317baf441aff44bcfee99c4d71310de1829d1b,1577976095220,1577976094
0x95c90adca98a13aeee6e6881f9317baf441aff44bcfee99c4d71310de1829d1b,1577976095220,1577976094
0x95c90adca98a13aeee6e6881f9317baf441aff44bcfee99c4d71310de1829d1b,1577976095220,1577976094
0x95c90adca98a13aeee6e6881f9317baf441aff44bcfee99c4d71310de1829d1b,1577976095220,1577976094
0x95c90adca98a13aeee6e6881f9317baf441aff44bcfee99c4d71310de1829d1b,1577976095222,1577976094
0x95c90adca98a13aeee6e6881f9317baf441aff44bcfee99c4d71310de1829d1b,1577976095222,1577976094
0x95c90adca98a13aeee6e6881f9317baf441aff44bcfee99c4d71310de1829d1b,1577976095222,1577976094
0x95c90adca98a13aeee6e6881f9317baf441aff44bcfee99c4d71310de1829d1b,1577976095223,1577976094
0x95c90adca98a13aeee6e6881f9317baf441aff44bcfee99c4d71310de1829d1b,1577976095223,1577976094
0x95c90adca98a13aeee6e6881f9317baf441aff44bcfee99c4d71310de1829d1b,1577976095223,1577976094
0x95c90adca98a13aeee6e6881f9317baf441aff44bcfee99c4d71310de1829d1b,1577976095224,1577976094
0x95c90adca98a13aeee6e6881f9317baf441aff44bcfee99c4d71310de1829d1b,1577976095224,1577976094
0x95c90adca98a13aeee6e6881f9317baf441aff44bcfee99c4d71310de1829d1b,1577976095230,1577976094
0x95c90adca98a13aeee6e6881f9317baf441aff44bcfee99c4d71310de1829d1b,1577976095230,1577976094
0x95c90adca98a13aeee6e6881f9317baf441aff44bcfee99c4d71310de1829d1b,1577976095230,1577976094
0x95c90adca98a13aeee6e6881f9317baf441aff44bcfee99c4d71310de1829d1b,1577976095230,1577976094
0x95c90adca98a13aeee6e6881f9317baf441aff44bcfee99c4d71310de1829d1b,1577976095231,1577976094
0x95c90adca98a13aeee6e6881f9317baf441aff44bcfee99c4d71310de1829d1b,1577976095231,1577976094
0x95c90adca98a13aeee6e6881f9317baf441aff44bcfee99c4d71310de1829d1b,1577976095231,1577976094
0x95c90adca98a13aeee6e6881f9317baf441aff44bcfee99c4d71310de1829d1b,1577976095231,1577976094
0x95c90adca98a13aeee6e6881f9317baf441aff44bcfee99c4d71310de1829d1b,1577976095232,1577976094
0x95c90adca98a13aeee6e6881f9317baf441aff44bcfee99c4d71310de1829d1b,1577976095232,1577976094
0x95c90adca98a13aeee6e6881f9317baf441aff44bcfee99c4d71310de1829d1b,1577976095232,1577976094
0x95c90adca98a13aeee6e6881f9317baf441aff44bcfee99c4d71310de1829d1b,1577976095505,1577976095
0x95c90adca98a13aeee6e6881f9317baf441aff44bcfee99c4d71310de1829d1b,1577976095506,1577976095
0x95c90adca98a13aeee6e6881f9317baf441aff44bcfee99c4d71310de1829d1b,1577976095506,1577976095
0x95c90adca98a13aeee6e6881f9317baf441aff44bcfee99c4d71310de1829d1b,1577976095507,1577976095
0x95c90adca98a13aeee6e6881f9317baf441aff44bcfee99c4d71310de1829d1b,1577976095507,1577976095
0x95c90adca98a13aeee6e6881f9317baf441aff44bcfee99c4d71310de1829d1b,1577976095507,1577976095
0x95c90adca98a13aeee6e6881f9317baf441aff44bcfee99c4d71310de1829d1b,1577976095508,1577976095
0x95c90adca98a13aeee6e6881f9317baf441aff44bcfee99c4d71310de1829d1b,1577976095508,1577976095
0x95c90adca98a13aeee6e6881f9317baf441aff44bcfee99c4d71310de1829d1b,1577976095508,1577976095
0x95c90adca98a13aeee6e6881f9317baf441aff44bcfee99c4d71310de1829d1b,1577976095509,1577976095
0x95c90adca98a13aeee6e6881f9317baf441aff44bcfee99c4d71310de1829d1b,1577976095509,1577976095
0x95c90adca98a13aeee6e6881f9317baf441aff44bcfee99c4d71310de1829d1b,1577976095509,1577976095
0x95c90adca98a13aeee6e6881f9317baf441aff44bcfee99c4d71310de1829d1b,1577976095510,1577976095
0x95c90adca98a13aeee6e6881f9317baf441aff44bcfee99c4d71310de1829d1b,1577976095510,1577976095
0x95c90adca98a13aeee6e6881f9317baf441aff44bcfee99c4d71310de1829d1b,1577976095510,1577976095
0x95c90adca98a13aeee6e6881f9317baf441aff44bcfee99c4d71310de1829d1b,1577976095511,1577976095
0x95c90adca98a13aeee6e6881f9317baf441aff44bcfee99c4d71310de1829d1b,1577976103466,1577976097
0x95c90adca98a13aeee6e6881f9317baf441aff44bcfee99c4d71310de1829d1b,1577976103466,1577976097
0x95c90adca98a13aeee6e6881f9317baf441aff44bcfee99c4d71310de1829d1b,1577976103467,1577976097
0x95c90adca98a13aeee6e6881f9317baf441aff44bcfee99c4d71310de1829d1b,1577976103467,1577976097
0x95c90adca98a13aeee6e6881f9317baf441aff44bcfee99c4d71310de1829d1b,1577976103467,1577976097
0x95c90adca98a13aeee6e6881f9317baf441aff44bcfee99c4d71310de1829d1b,1577976103468,1577976097
0x95c90adca98a13aeee6e6881f9317baf441aff44bcfee99c4d71310de1829d1b,1577976103468,1577976097
0x95c90adca98a13aeee6e6881f9317baf441aff44bcfee99c4d71310de1829d1b,1577976103468,1577976097
0x95c90adca98a13aeee6e6881f9317baf441aff44bcfee99c4d71310de1829d1b,1577976103468,1577976097
0x95c90adca98a13aeee6e6881f9317baf441aff44bcfee99c4d71310de1829d1b,1577976103469,1577976097
0x95c90adca98a13aeee6e6881f9317baf441aff44bcfee99c4d71310de1829d1b,1577976103469,1577976097
0x95c90adca98a13aeee6e6881f9317baf441aff44bcfee99c4d71310de1829d1b,1577976103469,1577976097
0x95c90adca98a13aeee6e6881f9317baf441aff44bcfee99c4d71310de1829d1b,1577976103470,1577976097
0x95c90adca98a13aeee6e6881f9317baf441aff44bcfee99c4d71310de1829d1b,1577976103470,1577976097
0x95c90adca98a13aeee6e6881f9317baf441aff44bcfee99c4d71310de1829d1b,1577976103470,1577976097
0x95c90adca98a13aeee6e6881f9317baf441aff44bcfee99c4d71310de1829d1b,1577976103470,1577976097
0x95c90adca98a13aeee6e6881f9317baf441aff44bcfee99c4d71310de1829d1b,1577976103471,1577976097
0x95c90adca98a13aeee6e6881f9317baf441aff44bcfee99c4d71310de1829d1b,1577976103471,1577976097
0x95c90adca98a13aeee6e6881f9317baf441aff44bcfee99c4d71310de1829d1b,1577976103471,1577976097
0x95c90adca98a13aeee6e6881f9317baf441aff44bcfee99c4d71310de1829d1b,1577976103472,1577976097
0x95c90adca98a13aeee6e6881f9317baf441aff44bcfee99c4d71310de1829d1b,1577976103472,1577976097
0x95c90adca98a13aeee6e6881f9317baf441aff44bcfee99c4d71310de1829d1b,1577976103472,1577976097
0x95c90adca98a13aeee6e6881f9317baf441aff44bcfee99c4d71310de1829d1b,1577976103472,1577976097
0x95c90adca98a13aeee6e6881f9317baf441aff44bcfee99c4d71310de1829d1b,1577976103473,1577976097
0x95c90adca98a13aeee6e6881f9317baf441aff44bcfee99c4d71310de1829d1b,1577976103473,1577976097
0x95c90adca98a13aeee6e6881f9317baf441aff44bcfee99c4d71310de1829d1b,1577976103473,1577976097
0x95c90adca98a13aeee6e6881f9317baf441aff44bcfee99c4d71310de1829d1b,1577976103473,1577976097
0x95c90adca98a13aeee6e6881f9317baf441aff44bcfee99c4d71310de1829d1b,1577976103474,1577976097
0x95c90adca98a13aeee6e6881f9317baf441aff44bcfee99c4d71310de1829d1b,1577976103474,1577976097
0x95c90adca98a13aeee6e6881f9317baf441aff44bcfee99c4d71310de1829d1b,1577976103474,1577976097
0x95c90adca98a13aeee6e6881f9317baf441aff44bcfee99c4d71310de1829d1b,1577976103474,1577976097
0x95c90adca98a13aeee6e6881f9317baf441aff44bcfee99c4d71310de1829d1b,1577976103475,1577976097
0x95c90adca98a13aeee6e6881f9317baf441aff44bcfee99c4d71310de1829d1b,1577976103475,1577976097
0x95c90adca98a13aeee6e6881f9317baf441aff44bcfee99c4d71310de1829d1b,1577976103475,1577976097
0x95c90adca98a13aeee6e6881f9317baf441aff44bcfee99c4d71310de1829d1b,1577976103476,1577976097
0x95c90adca98a13aeee6e6881f9317baf441aff44bcfee99c4d71310de1829d1b,1577976103476,1577976097
0x95c90adca98a13aeee6e6881f9317baf441aff44bcfee99c4d71310de1829d1b,1577976103476,1577976097
0x95c90adca98a13aeee6e6881f9317baf441aff44bcfee99c4d71310de1829d1b,1577976103477,1577976097
0x95c90adca98a13aeee6e6881f9317baf441aff44bcfee99c4d71310de1829d1b,1577976103477,1577976097
0x95c90adca98a13aeee6e6881f9317baf441aff44bcfee99c4d71310de1829d1b,1577976103477,1577976097
0x95c90adca98a13aeee6e6881f9317baf441aff44bcfee99c4d71310de1829d1b,1577976103477,1577976097
0x95c90adca98a13aeee6e6881f9317baf441aff44bcfee99c4d71310de1829d1b,1577976103478,1577976097
0x95c90adca98a13aeee6e6881f9317baf441aff44bcfee99c4d71310de1829d1b,1577976103478,1577976097
0x95c90adca98a13aeee6e6881f9317baf441aff44bcfee99c4d71310de1829d1b,1577976103478,1577976097
0x95c90adca98a13aeee6e6881f9317baf441aff44bcfee99c4d71310de1829d1b,1577976103479,1577976097
0x95c90adca98a13aeee6e6881f9317baf441aff44bcfee99c4d71310de1829d1b,1577976103479,1577976097
0x95c90adca98a13aeee6e6881f9317baf441aff44bcfee99c4d71310de1829d1b,1577976103479,1577976097
0x95c90adca98a13aeee6e6881f9317baf441aff44bcfee99c4d71310de1829d1b,1577976103480,1577976097
0x95c90adca98a13aeee6e6881f9317baf441aff44bcfee99c4d71310de1829d1b,1577976103480,1577976097
0x95c90adca98a13aeee6e6881f9317baf441aff44bcfee99c4d71310de1829d1b,1577976103483,1577976097
0x95c90adca98a13aeee6e6881f9317baf441aff44bcfee99c4d71310de1829d1b,1577976103484,1577976097
0x95c90adca98a13aeee6e6881f9317baf441aff44bcfee99c4d71310de1829d1b,1577976103484,1577976097
0x95c90adca98a13aeee6e6881f9317baf441aff44bcfee99c4d71310de1829d1b,1577976103484,1577976097
0x95c90adca98a13aeee6e6881f9317baf441aff44bcfee99c4d71310de1829d1b,1577976103485,1577976097
0x95c90adca98a13aeee6e6881f9317baf441aff44bcfee99c4d71310de1829d1b,1577976103485,1577976097
0x95c90adca98a13aeee6e6881f9317baf441aff44bcfee99c4d71310de1829d1b,1577976103485,1577976097
0x95c90adca98a13aeee6e6881f9317baf441aff44bcfee99c4d71310de1829d1b,1577976103485,1577976097
0x95c90adca98a13aeee6e6881f9317baf441aff44bcfee99c4d71310de1829d1b,1577976103486,1577976097
0x95c90adca98a13aeee6e6881f9317baf441aff44bcfee99c4d71310de1829d1b,1577976103486,1577976097
0x95c90adca98a13aeee6e6881f9317baf441aff44bcfee99c4d71310de1829d1b,1577976103486,1577976097
0x95c90adca98a13aeee6e6881f9317baf441aff44bcfee99c4d71310de1829d1b,1577976108791,1577976103
0x95c90adca98a13aeee6e6881f9317baf441aff44bcfee99c4d71310de1829d1b,1577976108791,1577976103
0x95c90adca98a13aeee6e6881f9317baf441aff44bcfee99c4d71310de1829d1b,1577976108791,1577976103
0x95c90adca98a13aeee6e6881f9317baf441aff44bcfee99c4d71310de1829d1b,1577976108792,1577976103
0x95c90adca98a13aeee6e6881f9317baf441aff44bcfee99c4d71310de1829d1b,1577976108792,1577976103
0x95c90adca98a13aeee6e6881f9317baf441aff44bcfee99c4d71310de1829d1b,1577976108793,1577976103
0x95c90adca98a13aeee6e6881f9317baf441aff44bcfee99c4d71310de1829d1b,1577976108793,1577976103
0x95c90adca98a13aeee6e6881f9317baf441aff44bcfee99c4d71310de1829d1b,1577976108794,1577976103
0x95c90adca98a13aeee6e6881f9317baf441aff44bcfee99c4d71310de1829d1b,1577976108794,1577976103
0x95c90adca98a13aeee6e6881f9317baf441aff44bcfee99c4d71310de1829d1b,1577976108794,1577976103
0x95c90adca98a13aeee6e6881f9317baf441aff44bcfee99c4d71310de1829d1b,1577976108794,1577976103
0x95c90adca98a13aeee6e6881f9317baf441aff44bcfee99c4d71310de1829d1b,1577976108795,1577976103
0x95c90adca98a13aeee6e6881f9317baf441aff44bcfee99c4d71310de1829d1b,1577976108795,1577976103
0x95c90adca98a13aeee6e6881f9317baf441aff44bcfee99c4d71310de1829d1b,1577976108795,1577976103
0x95c90adca98a13aeee6e6881f9317baf441aff44bcfee99c4d71310de1829d1b,1577976108796,1577976103
0x95c90adca98a13aeee6e6881f9317baf441aff44bcfee99c4d71310de1829d1b,1577976108796,1577976103
0x95c90adca98a13aeee6e6881f9317baf441aff44bcfee99c4d71310de1829d1b,1577976108796,1577976103
0x95c90adca98a13aeee6e6881f9317baf441aff44bcfee99c4d71310de1829d1b,1577976108796,1577976103
0x95c90adca98a13aeee6e6881f9317baf441aff44bcfee99c4d71310de1829d1b,1577976108797,1577976103
0x95c90adca98a13aeee6e6881f9317baf441aff44bcfee99c4d71310de1829d1b,1577976108797,1577976103
0x95c90adca98a13aeee6e6881f9317baf441aff44bcfee99c4d71310de1829d1b,1577976108798,1577976103
0x95c90adca98a13aeee6e6881f9317baf441aff44bcfee99c4d71310de1829d1b,1577976108798,1577976103
0x95c90adca98a13aeee6e6881f9317baf441aff44bcfee99c4d71310de1829d1b,1577976108798,1577976103
0x95c90adca98a13aeee6e6881f9317baf441aff44bcfee99c4d71310de1829d1b,1577976108798,1577976103
0x95c90adca98a13aeee6e6881f9317baf441aff44bcfee99c4d71310de1829d1b,1577976108799,1577976103
0x95c90adca98a13aeee6e6881f9317baf441aff44bcfee99c4d71310de1829d1b,1577976108799,1577976103
0x95c90adca98a13aeee6e6881f9317baf441aff44bcfee99c4d71310de1829d1b,1577976108799,1577976103
0x95c90adca98a13aeee6e6881f9317baf441aff44bcfee99c4d71310de1829d1b,1577976108799,1577976103
0x95c90adca98a13aeee6e6881f9317baf441aff44bcfee99c4d71310de1829d1b,1577976108800,1577976103
0x95c90adca98a13aeee6e6881f9317baf441aff44bcfee99c4d71310de1829d1b,1577976108800,1577976103
0x95c90adca98a13aeee6e6881f9317baf441aff44bcfee99c4d71310de1829d1b,1577976108800,1577976103
0x95c90adca98a13aeee6e6881f9317baf441aff44bcfee99c4d71310de1829d1b,1577976108800,1577976103
0x95c90adca98a13aeee6e6881f9317baf441aff44bcfee99c4d71310de1829d1b,1577976108801,1577976103
0x95c90adca98a13aeee6e6881f9317baf441aff44bcfee99c4d71310de1829d1b,1577976108801,1577976103
0x95c90adca98a13aeee6e6881f9317baf441aff44bcfee99c4d71310de1829d1b,1577976108801,1577976103
0x95c90adca98a13aeee6e6881f9317baf441aff44bcfee99c4d71310de1829d1b,1577976108802,1577976103
0x95c90adca98a13aeee6e6881f9317baf441aff44bcfee99c4d71310de1829d1b,1577976108802,1577976103
0x95c90adca98a13aeee6e6881f9317baf441aff44bcfee99c4d71310de1829d1b,1577976108802,1577976103
0x95c90adca98a13aeee6e6881f9317baf441aff44bcfee99c4d71310de1829d1b,1577976108803,1577976103
0x95c90adca98a13aeee6e6881f9317baf441aff44bcfee99c4d71310de1829d1b,1577976108803,1577976103
0x95c90adca98a13aeee6e6881f9317baf441aff44bcfee99c4d71310de1829d1b,1577976108803,1577976103
0x95c90adca98a13aeee6e6881f9317baf441aff44bcfee99c4d71310de1829d1b,1577976108803,1577976103
0x95c90adca98a13aeee6e6881f9317baf441aff44bcfee99c4d71310de1829d1b,1577976108804,1577976103
0x95c90adca98a13aeee6e6881f9317baf441aff44bcfee99c4d71310de1829d1b,1577976108804,1577976103
0x95c90adca98a13aeee6e6881f9317baf441aff44bcfee99c4d71310de1829d1b,1577976108804,1577976103
0x95c90adca98a13aeee6e6881f9317baf441aff44bcfee99c4d71310de1829d1b,1577976108805,1577976103
0x95c90adca98a13aeee6e6881f9317baf441aff44bcfee99c4d71310de1829d1b,1577976108805,1577976103
0x95c90adca98a13aeee6e6881f9317baf441aff44bcfee99c4d71310de1829d1b,1577976108806,1577976103
0x95c90adca98a13aeee6e6881f9317baf441aff44bcfee99c4d71310de1829d1b,1577976108806,1577976103
0x95c90adca98a13aeee6e6881f9317baf441aff44bcfee99c4d71310de1829d1b,1577976108806,1577976103
0x95c90adca98a13aeee6e6881f9317baf441aff44bcfee99c4d71310de1829d1b,1577976108807,1577976103
0x95c90adca98a13aeee6e6881f9317baf441aff44bcfee99c4d71310de1829d1b,1577976108808,1577976103
0x95c90adca98a13aeee6e6881f9317baf441aff44bcfee99c4d71310de1829d1b,1577976108808,1577976103
0x95c90adca98a13aeee6e6881f9317baf441aff44bcfee99c4d71310de1829d1b,1577976108809,1577976103
0x95c90adca98a13aeee6e6881f9317baf441aff44bcfee99c4d71310de1829d1b,1577976108809,1577976103
0x95c90adca98a13aeee6e6881f9317baf441aff44bcfee99c4d71310de1829d1b,1577976108809,1577976103
0x95c90adca98a13aeee6e6881f9317baf441aff44bcfee99c4d71310de1829d1b,1577976108810,1577976103
0x95c90adca98a13aeee6e6881f9317baf441aff44bcfee99c4d71310de1829d1b,1577976108810,1577976103
0x95c90adca98a13aeee6e6881f9317baf441aff44bcfee99c4d71310de1829d1b,1577976108810,1577976103
0x95c90adca98a13aeee6e6881f9317baf441aff44bcfee99c4d71310de1829d1b,1577976108811,1577976103
0x95c90adca98a13aeee6e6881f9317baf441aff44bcfee99c4d71310de1829d1b,1577976108811,1577976103
0x95c90adca98a13aeee6e6881f9317baf441aff44bcfee99c4d71310de1829d1b,1577976108812,1577976103
0x95c90adca98a13aeee6e6881f9317baf441aff44bcfee99c4d71310de1829d1b,1577976108812,1577976103
0x95c90adca98a13aeee6e6881f9317baf441aff44bcfee99c4d71310de1829d1b,1577976108812,1577976103
0x95c90adca98a13aeee6e6881f9317baf441aff44bcfee99c4d71310de1829d1b,1577976108813,1577976103
0x95c90adca98a13aeee6e6881f9317baf441aff44bcfee99c4d71310de1829d1b,1577976108813,1577976103
0x95c90adca98a13aeee6e6881f9317baf441aff44bcfee99c4d71310de1829d1b,1577976108814,1577976103
0x95c90adca98a13aeee6e6881f9317baf441aff44bcfee99c4d71310de1829d1b,1577976108814,1577976103
0x95c90adca98a13aeee6e6881f9317baf441aff44bcfee99c4d71310de1829d1b,1577976108815,1577976103
0x95c90adca98a13aeee6e6881f9317baf441aff44bcfee99c4d71310de1829d1b,1577976108815,1577976103
0x95c90adca98a13aeee6e6881f9317baf441aff44bcfee99c4d71310de1829d1b,1577976108815,1577976103
0x95c90adca98a13aeee6e6881f9317baf441aff44bcfee99c4d71310de1829d1b,1577976108816,1577976103
0x95c90adca98a13aeee6e6881f9317baf441aff44bcfee99c4d71310de1829d1b,1577976108816,1577976103
0x95c90adca98a13aeee6e6881f9317baf441aff44bcfee99c4d71310de1829d1b,1577976108816,1577976103
0x95c90adca98a13aeee6e6881f9317baf441aff44bcfee99c4d71310de1829d1b,1577976108817,1577976103
0x95c90adca98a13aeee6e6881f9317baf441aff44bcfee99c4d71310de1829d1b,1577976108818,1577976103
0x95c90adca98a13aeee6e6881f9317baf441aff44bcfee99c4d71310de1829d1b,1577976108818,1577976103
0x95c90adca98a13aeee6e6881f9317baf441aff44bcfee99c4d71310de1829d1b,1577976108819,1577976103
0x95c90adca98a13aeee6e6881f9317baf441aff44bcfee99c4d71310de1829d1b,1577976108819,1577976103
0x95c90adca98a13aeee6e6881f9317baf441aff44bcfee99c4d71310de1829d1b,1577976108819,1577976103
0x95c90adca98a13aeee6e6881f9317baf441aff44bcfee99c4d71310de1829d1b,1577976108820,1577976103
0x95c90adca98a13aeee6e6881f9317baf441aff44bcfee99c4d71310de1829d1b,1577976108820,1577976103
0x95c90adca98a13aeee6e6881f9317baf441aff44bcfee99c4d71310de1829d1b,1577976108821,1577976103
0x95c90adca98a13aeee6e6881f9317baf441aff44bcfee99c4d71310de1829d1b,1577976108821,1577976103
0x95c90adca98a13aeee6e6881f9317baf441aff44bcfee99c4d71310de1829d1b,1577976108822,1577976103
0x95c90adca98a13aeee6e6881f9317baf441aff44bcfee99c4d71310de1829d1b,1577976108822,1577976103
0x95c90adca98a13aeee6e6881f9317baf441aff44bcfee99c4d71310de1829d1b,1577976108822,1577976103
0x95c90adca98a13aeee6e6881f9317baf441aff44bcfee99c4d71310de1829d1b,1577976108823,1577976103
0x95c90adca98a13aeee6e6881f9317baf441aff44bcfee99c4d71310de1829d1b,1577976108824,1577976103
0x95c90adca98a13aeee6e6881f9317baf441aff44bcfee99c4d71310de1829d1b,1577976108824,1577976103
0x95c90adca98a13aeee6e6881f9317baf441aff44bcfee99c4d71310de1829d1b,1577976108824,1577976103
0x95c90adca98a13aeee6e6881f9317baf441aff44bcfee99c4d71310de1829d1b,1577976108825,1577976103
0x95c90adca98a13aeee6e6881f9317baf441aff44bcfee99c4d71310de1829d1b,1577976108825,1577976103
0x95c90adca98a13aeee6e6881f9317baf441aff44bcfee99c4d71310de1829d1b,1577976108826,1577976103
0x95c90adca98a13aeee6e6881f9317baf441aff44bcfee99c4d71310de1829d1b,1577976108826,1577976103
0x95c90adca98a13aeee6e6881f9317baf441aff44bcfee99c4d71310de1829d1b,1577976108826,1577976103
0x95c90adca98a13aeee6e6881f9317baf441aff44bcfee99c4d71310de1829d1b,1577976108827,1577976103
0x95c90adca98a13aeee6e6881f9317baf441aff44bcfee99c4d71310de1829d1b,1577976108827,1577976103
0x95c90adca98a13aeee6e6881f9317baf441aff44bcfee99c4d71310de1829d1b,1577976108828,1577976103
0x95c90adca98a13aeee6e6881f9317baf441aff44bcfee99c4d71310de1829d1b,1577976108828,1577976103
0x95c90adca98a13aeee6e6881f9317baf441aff44bcfee99c4d71310de1829d1b,1577976108828,1577976103
0x95c90adca98a13aeee6e6881f9317baf441aff44bcfee99c4d71310de1829d1b,1577976108829,1577976103
0x95c90adca98a13aeee6e6881f9317baf441aff44bcfee99c4d71310de1829d1b,1577976108829,1577976103
0x95c90adca98a13aeee6e6881f9317baf441aff44bcfee99c4d71310de1829d1b,1577976108829,1577976103
0x95c90adca98a13aeee6e6881f9317baf441aff44bcfee99c4d71310de1829d1b,1577976108830,1577976103
0x95c90adca98a13aeee6e6881f9317baf441aff44bcfee99c4d71310de1829d1b,1577976108830,1577976103
0x95c90adca98a13aeee6e6881f9317baf441aff44bcfee99c4d71310de1829d1b,1577976108830,1577976103
0x95c90adca98a13aeee6e6881f9317baf441aff44bcfee99c4d71310de1829d1b,1577976108831,1577976103
0x95c90adca98a13aeee6e6881f9317baf441aff44bcfee99c4d71310de1829d1b,1577976108831,1577976103
0x95c90adca98a13aeee6e6881f9317baf441aff44bcfee99c4d71310de1829d1b,1577976108831,1577976103
0x95c90adca98a13aeee6e6881f9317baf441aff44bcfee99c4d71310de1829d1b,1577976108831,1577976103
0x95c90adca98a13aeee6e6881f9317baf441aff44bcfee99c4d71310de1829d1b,1577976108832,1577976103
0x95c90adca98a13aeee6e6881f9317baf441aff44bcfee99c4d71310de1829d1b,1577976108832,1577976103
0x95c90adca98a13aeee6e6881f9317baf441aff44bcfee99c4d71310de1829d1b,1577976108833,1577976103
0x95c90adca98a13aeee6e6881f9317baf441aff44bcfee99c4d71310de1829d1b,1577976108833,1577976103
0x95c90adca98a13aeee6e6881f9317baf441aff44bcfee99c4d71310de1829d1b,1577976108833,1577976103
0x95c90adca98a13aeee6e6881f9317baf441aff44bcfee99c4d71310de1829d1b,1577976108834,1577976103
0x95c90adca98a13aeee6e6881f9317baf441aff44bcfee99c4d71310de1829d1b,1577976108834,1577976103
0x95c90adca98a13aeee6e6881f9317baf441aff44bcfee99c4d71310de1829d1b,1577976108834,1577976103
0x95c90adca98a13aeee6e6881f9317baf441aff44bcfee99c4d71310de1829d1b,1577976108835,1577976103
0x95c90adca98a13aeee6e6881f9317baf441aff44bcfee99c4d71310de1829d1b,1577976108835,1577976103
0x95c90adca98a13aeee6e6881f9317baf441aff44bcfee99c4d71310de1829d1b,1577976108835,1577976103
0x95c90adca98a13aeee6e6881f9317baf441aff44bcfee99c4d71310de1829d1b,1577976108836,1577976103
0x95c90adca98a13aeee6e6881f9317baf441aff44bcfee99c4d71310de1829d1b,1577976108836,1577976103
0x95c90adca98a13aeee6e6881f9317baf441aff44bcfee99c4d71310de1829d1b,1577976108836,1577976103
0x95c90adca98a13aeee6e6881f9317baf441aff44bcfee99c4d71310de1829d1b,1577976108837,1577976103
0x95c90adca98a13aeee6e6881f9317baf441aff44bcfee99c4d71310de1829d1b,1577976108837,1577976103
0x95c90adca98a13aeee6e6881f9317baf441aff44bcfee99c4d71310de1829d1b,1577976108838,1577976103
0x95c90adca98a13aeee6e6881f9317baf441aff44bcfee99c4d71310de1829d1b,1577976108838,1577976103
0x95c90adca98a13aeee6e6881f9317baf441aff44bcfee99c4d71310de1829d1b,1577976123362,1577976121
0x95c90adca98a13aeee6e6881f9317baf441aff44bcfee99c4d71310de1829d1b,1577976123363,1577976121
0x95c90adca98a13aeee6e6881f9317baf441aff44bcfee99c4d71310de1829d1b,1577976123363,1577976121
0x95c90adca98a13aeee6e6881f9317baf441aff44bcfee99c4d71310de1829d1b,1577976123363,1577976121
0x95c90adca98a13aeee6e6881f9317baf441aff44bcfee99c4d71310de1829d1b,1577976123364,1577976121
0x95c90adca98a13aeee6e6881f9317baf441aff44bcfee99c4d71310de1829d1b,1577976123364,1577976121
0x95c90adca98a13aeee6e6881f9317baf441aff44bcfee99c4d71310de1829d1b,1577976123364,1577976121
0x95c90adca98a13aeee6e6881f9317baf441aff44bcfee99c4d71310de1829d1b,1577976123365,1577976121
0x95c90adca98a13aeee6e6881f9317baf441aff44bcfee99c4d71310de1829d1b,1577976123365,1577976121
0x95c90adca98a13aeee6e6881f9317baf441aff44bcfee99c4d71310de1829d1b,1577976123365,1577976121
0x95c90adca98a13aeee6e6881f9317baf441aff44bcfee99c4d71310de1829d1b,1577976123366,1577976121
0x95c90adca98a13aeee6e6881f9317baf441aff44bcfee99c4d71310de1829d1b,1577976123366,1577976121
0x95c90adca98a13aeee6e6881f9317baf441aff44bcfee99c4d71310de1829d1b,1577976123366,1577976121
0x95c90adca98a13aeee6e6881f9317baf441aff44bcfee99c4d71310de1829d1b,1577976123367,1577976121
0x95c90adca98a13aeee6e6881f9317baf441aff44bcfee99c4d71310de1829d1b,1577976123367,1577976121
0x95c90adca98a13aeee6e6881f9317baf441aff44bcfee99c4d71310de1829d1b,1577976123368,1577976121
0x95c90adca98a13aeee6e6881f9317baf441aff44bcfee99c4d71310de1829d1b,1577976123368,1577976121
0x95c90adca98a13aeee6e6881f9317baf441aff44bcfee99c4d71310de1829d1b,1577976123368,1577976121
0x95c90adca98a13aeee6e6881f9317baf441aff44bcfee99c4d71310de1829d1b,1577976123369,1577976121
0x95c90adca98a13aeee6e6881f9317baf441aff44bcfee99c4d71310de1829d1b,1577976123369,1577976121
0x95c90adca98a13aeee6e6881f9317baf441aff44bcfee99c4d71310de1829d1b,1577976123369,1577976121
0x95c90adca98a13aeee6e6881f9317baf441aff44bcfee99c4d71310de1829d1b,1577976123370,1577976121
0x95c90adca98a13aeee6e6881f9317baf441aff44bcfee99c4d71310de1829d1b,1577976123370,1577976121
0x95c90adca98a13aeee6e6881f9317baf441aff44bcfee99c4d71310de1829d1b,1577976123370,1577976121
0x95c90adca98a13aeee6e6881f9317baf441aff44bcfee99c4d71310de1829d1b,1577976123371,1577976121
0x95c90adca98a13aeee6e6881f9317baf441aff44bcfee99c4d71310de1829d1b,1577976123371,1577976121
0x95c90adca98a13aeee6e6881f9317baf441aff44bcfee99c4d71310de1829d1b,1577976123371,1577976121
0x95c90adca98a13aeee6e6881f9317baf441aff44bcfee99c4d71310de1829d1b,1577976123371,1577976121
0x95c90adca98a13aeee6e6881f9317baf441aff44bcfee99c4d71310de1829d1b,1577976123372,1577976121
0x95c90adca98a13aeee6e6881f9317baf441aff44bcfee99c4d71310de1829d1b,1577976123373,1577976121
0x95c90adca98a13aeee6e6881f9317baf441aff44bcfee99c4d71310de1829d1b,1577976123373,1577976121
0x95c90adca98a13aeee6e6881f9317baf441aff44bcfee99c4d71310de1829d1b,1577976123373,1577976121
0x95c90adca98a13aeee6e6881f9317baf441aff44bcfee99c4d71310de1829d1b,1577976123374,1577976121
0x95c90adca98a13aeee6e6881f9317baf441aff44bcfee99c4d71310de1829d1b,1577976123374,1577976121
0x95c90adca98a13aeee6e6881f9317baf441aff44bcfee99c4d71310de1829d1b,1577976123374,1577976121
0x95c90adca98a13aeee6e6881f9317baf441aff44bcfee99c4d71310de1829d1b,1577976123375,1577976121
0x95c90adca98a13aeee6e6881f9317baf441aff44bcfee99c4d71310de1829d1b,1577976123375,1577976121
0x95c90adca98a13aeee6e6881f9317baf441aff44bcfee99c4d71310de1829d1b,1577976123375,1577976121
0x95c90adca98a13aeee6e6881f9317baf441aff44bcfee99c4d71310de1829d1b,1577976123376,1577976121
