0x87ef67fa360c11dab4999bfb5154db2acd58702c7c6f5cd72e501c0bfb0ee455,1575961773613,1575961762
0x87ef67fa360c11dab4999bfb5154db2acd58702c7c6f5cd72e501c0bfb0ee455,1575961773613,1575961762
0x87ef67fa360c11dab4999bfb5154db2acd58702c7c6f5cd72e501c0bfb0ee455,1575961773614,1575961762
0x87ef67fa360c11dab4999bfb5154db2acd58702c7c6f5cd72e501c0bfb0ee455,1575961773614,1575961762
0x87ef67fa360c11dab4999bfb5154db2acd58702c7c6f5cd72e501c0bfb0ee455,1575961773614,1575961762
0x87ef67fa360c11dab4999bfb5154db2acd58702c7c6f5cd72e501c0bfb0ee455,1575961773615,1575961762
0x87ef67fa360c11dab4999bfb5154db2acd58702c7c6f5cd72e501c0bfb0ee455,1575961773615,1575961762
0x87ef67fa360c11dab4999bfb5154db2acd58702c7c6f5cd72e501c0bfb0ee455,1575961773616,1575961762
0x87ef67fa360c11dab4999bfb5154db2acd58702c7c6f5cd72e501c0bfb0ee455,1575961773616,1575961762
0x87ef67fa360c11dab4999bfb5154db2acd58702c7c6f5cd72e501c0bfb0ee455,1575961773616,1575961762
0x87ef67fa360c11dab4999bfb5154db2acd58702c7c6f5cd72e501c0bfb0ee455,1575961773617,1575961762
0x87ef67fa360c11dab4999bfb5154db2acd58702c7c6f5cd72e501c0bfb0ee455,1575961773617,1575961762
0x87ef67fa360c11dab4999bfb5154db2acd58702c7c6f5cd72e501c0bfb0ee455,1575961773617,1575961762
0x87ef67fa360c11dab4999bfb5154db2acd58702c7c6f5cd72e501c0bfb0ee455,1575961773617,1575961762
0x87ef67fa360c11dab4999bfb5154db2acd58702c7c6f5cd72e501c0bfb0ee455,1575961773618,1575961762
0x87ef67fa360c11dab4999bfb5154db2acd58702c7c6f5cd72e501c0bfb0ee455,1575961773618,1575961762
0x87ef67fa360c11dab4999bfb5154db2acd58702c7c6f5cd72e501c0bfb0ee455,1575961773618,1575961762
0x87ef67fa360c11dab4999bfb5154db2acd58702c7c6f5cd72e501c0bfb0ee455,1575961773618,1575961762
0x87ef67fa360c11dab4999bfb5154db2acd58702c7c6f5cd72e501c0bfb0ee455,1575961773618,1575961762
0x87ef67fa360c11dab4999bfb5154db2acd58702c7c6f5cd72e501c0bfb0ee455,1575961773619,1575961762
0x87ef67fa360c11dab4999bfb5154db2acd58702c7c6f5cd72e501c0bfb0ee455,1575961773619,1575961762
0x87ef67fa360c11dab4999bfb5154db2acd58702c7c6f5cd72e501c0bfb0ee455,1575961773620,1575961762
0x87ef67fa360c11dab4999bfb5154db2acd58702c7c6f5cd72e501c0bfb0ee455,1575961773620,1575961762
0x87ef67fa360c11dab4999bfb5154db2acd58702c7c6f5cd72e501c0bfb0ee455,1575961773620,1575961762
0x87ef67fa360c11dab4999bfb5154db2acd58702c7c6f5cd72e501c0bfb0ee455,1575961773621,1575961762
0x87ef67fa360c11dab4999bfb5154db2acd58702c7c6f5cd72e501c0bfb0ee455,1575961773621,1575961762
0x87ef67fa360c11dab4999bfb5154db2acd58702c7c6f5cd72e501c0bfb0ee455,1575961773621,1575961762
0x87ef67fa360c11dab4999bfb5154db2acd58702c7c6f5cd72e501c0bfb0ee455,1575961773621,1575961762
0x87ef67fa360c11dab4999bfb5154db2acd58702c7c6f5cd72e501c0bfb0ee455,1575961773622,1575961762
0x87ef67fa360c11dab4999bfb5154db2acd58702c7c6f5cd72e501c0bfb0ee455,1575961773622,1575961762
0x87ef67fa360c11dab4999bfb5154db2acd58702c7c6f5cd72e501c0bfb0ee455,1575961773622,1575961762
0x87ef67fa360c11dab4999bfb5154db2acd58702c7c6f5cd72e501c0bfb0ee455,1575961773622,1575961762
0x87ef67fa360c11dab4999bfb5154db2acd58702c7c6f5cd72e501c0bfb0ee455,1575961773623,1575961762
0x87ef67fa360c11dab4999bfb5154db2acd58702c7c6f5cd72e501c0bfb0ee455,1575961773623,1575961762
0x87ef67fa360c11dab4999bfb5154db2acd58702c7c6f5cd72e501c0bfb0ee455,1575961773623,1575961762
0x87ef67fa360c11dab4999bfb5154db2acd58702c7c6f5cd72e501c0bfb0ee455,1575961773624,1575961762
0x87ef67fa360c11dab4999bfb5154db2acd58702c7c6f5cd72e501c0bfb0ee455,1575961773624,1575961762
0x87ef67fa360c11dab4999bfb5154db2acd58702c7c6f5cd72e501c0bfb0ee455,1575961773624,1575961762
0x87ef67fa360c11dab4999bfb5154db2acd58702c7c6f5cd72e501c0bfb0ee455,1575961773625,1575961762
0x87ef67fa360c11dab4999bfb5154db2acd58702c7c6f5cd72e501c0bfb0ee455,1575961773625,1575961762
0x87ef67fa360c11dab4999bfb5154db2acd58702c7c6f5cd72e501c0bfb0ee455,1575961773626,1575961762
0x87ef67fa360c11dab4999bfb5154db2acd58702c7c6f5cd72e501c0bfb0ee455,1575961773626,1575961762
0x87ef67fa360c11dab4999bfb5154db2acd58702c7c6f5cd72e501c0bfb0ee455,1575961773626,1575961762
0x87ef67fa360c11dab4999bfb5154db2acd58702c7c6f5cd72e501c0bfb0ee455,1575961773627,1575961762
0x87ef67fa360c11dab4999bfb5154db2acd58702c7c6f5cd72e501c0bfb0ee455,1575961773627,1575961762
0x87ef67fa360c11dab4999bfb5154db2acd58702c7c6f5cd72e501c0bfb0ee455,1575961773628,1575961762
0x87ef67fa360c11dab4999bfb5154db2acd58702c7c6f5cd72e501c0bfb0ee455,1575961773628,1575961762
0x87ef67fa360c11dab4999bfb5154db2acd58702c7c6f5cd72e501c0bfb0ee455,1575961773628,1575961762
0x87ef67fa360c11dab4999bfb5154db2acd58702c7c6f5cd72e501c0bfb0ee455,1575961773629,1575961762
0x87ef67fa360c11dab4999bfb5154db2acd58702c7c6f5cd72e501c0bfb0ee455,1575961773629,1575961762
0x87ef67fa360c11dab4999bfb5154db2acd58702c7c6f5cd72e501c0bfb0ee455,1575961773629,1575961762
0x87ef67fa360c11dab4999bfb5154db2acd58702c7c6f5cd72e501c0bfb0ee455,1575961773630,1575961762
0x87ef67fa360c11dab4999bfb5154db2acd58702c7c6f5cd72e501c0bfb0ee455,1575961773631,1575961762
0x87ef67fa360c11dab4999bfb5154db2acd58702c7c6f5cd72e501c0bfb0ee455,1575961773631,1575961762
0x87ef67fa360c11dab4999bfb5154db2acd58702c7c6f5cd72e501c0bfb0ee455,1575961773631,1575961762
0x87ef67fa360c11dab4999bfb5154db2acd58702c7c6f5cd72e501c0bfb0ee455,1575961773632,1575961762
0x87ef67fa360c11dab4999bfb5154db2acd58702c7c6f5cd72e501c0bfb0ee455,1575961773632,1575961762
0x87ef67fa360c11dab4999bfb5154db2acd58702c7c6f5cd72e501c0bfb0ee455,1575961773633,1575961762
0x87ef67fa360c11dab4999bfb5154db2acd58702c7c6f5cd72e501c0bfb0ee455,1575961773633,1575961762
0x87ef67fa360c11dab4999bfb5154db2acd58702c7c6f5cd72e501c0bfb0ee455,1575961773634,1575961762
0x87ef67fa360c11dab4999bfb5154db2acd58702c7c6f5cd72e501c0bfb0ee455,1575961773634,1575961762
0x87ef67fa360c11dab4999bfb5154db2acd58702c7c6f5cd72e501c0bfb0ee455,1575961773634,1575961762
0x87ef67fa360c11dab4999bfb5154db2acd58702c7c6f5cd72e501c0bfb0ee455,1575961773635,1575961762
0x87ef67fa360c11dab4999bfb5154db2acd58702c7c6f5cd72e501c0bfb0ee455,1575961773635,1575961762
0x87ef67fa360c11dab4999bfb5154db2acd58702c7c6f5cd72e501c0bfb0ee455,1575961773635,1575961762
0x87ef67fa360c11dab4999bfb5154db2acd58702c7c6f5cd72e501c0bfb0ee455,1575961773636,1575961762
0x87ef67fa360c11dab4999bfb5154db2acd58702c7c6f5cd72e501c0bfb0ee455,1575961773636,1575961762
0x87ef67fa360c11dab4999bfb5154db2acd58702c7c6f5cd72e501c0bfb0ee455,1575961773637,1575961762
0x87ef67fa360c11dab4999bfb5154db2acd58702c7c6f5cd72e501c0bfb0ee455,1575961773637,1575961762
0x87ef67fa360c11dab4999bfb5154db2acd58702c7c6f5cd72e501c0bfb0ee455,1575961773638,1575961762
0x87ef67fa360c11dab4999bfb5154db2acd58702c7c6f5cd72e501c0bfb0ee455,1575961773638,1575961762
0x87ef67fa360c11dab4999bfb5154db2acd58702c7c6f5cd72e501c0bfb0ee455,1575961773639,1575961762
0x87ef67fa360c11dab4999bfb5154db2acd58702c7c6f5cd72e501c0bfb0ee455,1575961773639,1575961762
0x87ef67fa360c11dab4999bfb5154db2acd58702c7c6f5cd72e501c0bfb0ee455,1575961773639,1575961762
0x87ef67fa360c11dab4999bfb5154db2acd58702c7c6f5cd72e501c0bfb0ee455,1575961773640,1575961762
0x87ef67fa360c11dab4999bfb5154db2acd58702c7c6f5cd72e501c0bfb0ee455,1575961773640,1575961762
0x87ef67fa360c11dab4999bfb5154db2acd58702c7c6f5cd72e501c0bfb0ee455,1575961773641,1575961762
0x87ef67fa360c11dab4999bfb5154db2acd58702c7c6f5cd72e501c0bfb0ee455,1575961773640,1575961762
0x87ef67fa360c11dab4999bfb5154db2acd58702c7c6f5cd72e501c0bfb0ee455,1575961773641,1575961762
0x87ef67fa360c11dab4999bfb5154db2acd58702c7c6f5cd72e501c0bfb0ee455,1575961773642,1575961762
0x87ef67fa360c11dab4999bfb5154db2acd58702c7c6f5cd72e501c0bfb0ee455,1575961773642,1575961762
0x87ef67fa360c11dab4999bfb5154db2acd58702c7c6f5cd72e501c0bfb0ee455,1575961773642,1575961762
0x87ef67fa360c11dab4999bfb5154db2acd58702c7c6f5cd72e501c0bfb0ee455,1575961773643,1575961762
0x87ef67fa360c11dab4999bfb5154db2acd58702c7c6f5cd72e501c0bfb0ee455,1575961773644,1575961762
0x87ef67fa360c11dab4999bfb5154db2acd58702c7c6f5cd72e501c0bfb0ee455,1575961773644,1575961762
0x87ef67fa360c11dab4999bfb5154db2acd58702c7c6f5cd72e501c0bfb0ee455,1575961773644,1575961762
0x87ef67fa360c11dab4999bfb5154db2acd58702c7c6f5cd72e501c0bfb0ee455,1575961773645,1575961762
0x87ef67fa360c11dab4999bfb5154db2acd58702c7c6f5cd72e501c0bfb0ee455,1575961773645,1575961762
0x87ef67fa360c11dab4999bfb5154db2acd58702c7c6f5cd72e501c0bfb0ee455,1575961773646,1575961762
0x87ef67fa360c11dab4999bfb5154db2acd58702c7c6f5cd72e501c0bfb0ee455,1575961773646,1575961762
0x87ef67fa360c11dab4999bfb5154db2acd58702c7c6f5cd72e501c0bfb0ee455,1575961773646,1575961762
0x87ef67fa360c11dab4999bfb5154db2acd58702c7c6f5cd72e501c0bfb0ee455,1575961773647,1575961762
0x87ef67fa360c11dab4999bfb5154db2acd58702c7c6f5cd72e501c0bfb0ee455,1575961773647,1575961762
0x87ef67fa360c11dab4999bfb5154db2acd58702c7c6f5cd72e501c0bfb0ee455,1575961773647,1575961762
0x87ef67fa360c11dab4999bfb5154db2acd58702c7c6f5cd72e501c0bfb0ee455,1575961773648,1575961762
0x87ef67fa360c11dab4999bfb5154db2acd58702c7c6f5cd72e501c0bfb0ee455,1575961773649,1575961762
0x87ef67fa360c11dab4999bfb5154db2acd58702c7c6f5cd72e501c0bfb0ee455,1575961773649,1575961762
0x87ef67fa360c11dab4999bfb5154db2acd58702c7c6f5cd72e501c0bfb0ee455,1575961773650,1575961762
0x87ef67fa360c11dab4999bfb5154db2acd58702c7c6f5cd72e501c0bfb0ee455,1575961773650,1575961762
0x87ef67fa360c11dab4999bfb5154db2acd58702c7c6f5cd72e501c0bfb0ee455,1575961773651,1575961762
0x87ef67fa360c11dab4999bfb5154db2acd58702c7c6f5cd72e501c0bfb0ee455,1575961773652,1575961762
0x87ef67fa360c11dab4999bfb5154db2acd58702c7c6f5cd72e501c0bfb0ee455,1575961773652,1575961762
0x87ef67fa360c11dab4999bfb5154db2acd58702c7c6f5cd72e501c0bfb0ee455,1575961773653,1575961762
0x87ef67fa360c11dab4999bfb5154db2acd58702c7c6f5cd72e501c0bfb0ee455,1575961773653,1575961762
0x87ef67fa360c11dab4999bfb5154db2acd58702c7c6f5cd72e501c0bfb0ee455,1575961773653,1575961762
0x87ef67fa360c11dab4999bfb5154db2acd58702c7c6f5cd72e501c0bfb0ee455,1575961773654,1575961762
0x87ef67fa360c11dab4999bfb5154db2acd58702c7c6f5cd72e501c0bfb0ee455,1575961773654,1575961762
0x87ef67fa360c11dab4999bfb5154db2acd58702c7c6f5cd72e501c0bfb0ee455,1575961773654,1575961762
0x87ef67fa360c11dab4999bfb5154db2acd58702c7c6f5cd72e501c0bfb0ee455,1575961773655,1575961762
0x87ef67fa360c11dab4999bfb5154db2acd58702c7c6f5cd72e501c0bfb0ee455,1575961773655,1575961762
0x87ef67fa360c11dab4999bfb5154db2acd58702c7c6f5cd72e501c0bfb0ee455,1575961773656,1575961762
0x87ef67fa360c11dab4999bfb5154db2acd58702c7c6f5cd72e501c0bfb0ee455,1575961773656,1575961762
0x87ef67fa360c11dab4999bfb5154db2acd58702c7c6f5cd72e501c0bfb0ee455,1575961773656,1575961762
0x87ef67fa360c11dab4999bfb5154db2acd58702c7c6f5cd72e501c0bfb0ee455,1575961773657,1575961762
0x87ef67fa360c11dab4999bfb5154db2acd58702c7c6f5cd72e501c0bfb0ee455,1575961773657,1575961762
0x87ef67fa360c11dab4999bfb5154db2acd58702c7c6f5cd72e501c0bfb0ee455,1575961773658,1575961762
0x87ef67fa360c11dab4999bfb5154db2acd58702c7c6f5cd72e501c0bfb0ee455,1575961773658,1575961762
0x87ef67fa360c11dab4999bfb5154db2acd58702c7c6f5cd72e501c0bfb0ee455,1575961773659,1575961762
0x87ef67fa360c11dab4999bfb5154db2acd58702c7c6f5cd72e501c0bfb0ee455,1575961773659,1575961762
0x87ef67fa360c11dab4999bfb5154db2acd58702c7c6f5cd72e501c0bfb0ee455,1575961773659,1575961762
0x87ef67fa360c11dab4999bfb5154db2acd58702c7c6f5cd72e501c0bfb0ee455,1575961773660,1575961762
0x87ef67fa360c11dab4999bfb5154db2acd58702c7c6f5cd72e501c0bfb0ee455,1575961773660,1575961762
0x87ef67fa360c11dab4999bfb5154db2acd58702c7c6f5cd72e501c0bfb0ee455,1575961773660,1575961762
0x87ef67fa360c11dab4999bfb5154db2acd58702c7c6f5cd72e501c0bfb0ee455,1575961773661,1575961762
0x87ef67fa360c11dab4999bfb5154db2acd58702c7c6f5cd72e501c0bfb0ee455,1575961773661,1575961762
0x87ef67fa360c11dab4999bfb5154db2acd58702c7c6f5cd72e501c0bfb0ee455,1575961773662,1575961762
0x87ef67fa360c11dab4999bfb5154db2acd58702c7c6f5cd72e501c0bfb0ee455,1575961773662,1575961762
0x87ef67fa360c11dab4999bfb5154db2acd58702c7c6f5cd72e501c0bfb0ee455,1575961773663,1575961762
0x87ef67fa360c11dab4999bfb5154db2acd58702c7c6f5cd72e501c0bfb0ee455,1575961773663,1575961762
0x87ef67fa360c11dab4999bfb5154db2acd58702c7c6f5cd72e501c0bfb0ee455,1575961773664,1575961762
0x87ef67fa360c11dab4999bfb5154db2acd58702c7c6f5cd72e501c0bfb0ee455,1575961773664,1575961762
0x87ef67fa360c11dab4999bfb5154db2acd58702c7c6f5cd72e501c0bfb0ee455,1575961773664,1575961762
0x87ef67fa360c11dab4999bfb5154db2acd58702c7c6f5cd72e501c0bfb0ee455,1575961773665,1575961762
0x87ef67fa360c11dab4999bfb5154db2acd58702c7c6f5cd72e501c0bfb0ee455,1575961773665,1575961762
0x87ef67fa360c11dab4999bfb5154db2acd58702c7c6f5cd72e501c0bfb0ee455,1575961773665,1575961762
0x87ef67fa360c11dab4999bfb5154db2acd58702c7c6f5cd72e501c0bfb0ee455,1575961773666,1575961762
0x87ef67fa360c11dab4999bfb5154db2acd58702c7c6f5cd72e501c0bfb0ee455,1575961773666,1575961762
0x87ef67fa360c11dab4999bfb5154db2acd58702c7c6f5cd72e501c0bfb0ee455,1575961773667,1575961762
0x87ef67fa360c11dab4999bfb5154db2acd58702c7c6f5cd72e501c0bfb0ee455,1575961773667,1575961762
0x87ef67fa360c11dab4999bfb5154db2acd58702c7c6f5cd72e501c0bfb0ee455,1575961773667,1575961762
0x87ef67fa360c11dab4999bfb5154db2acd58702c7c6f5cd72e501c0bfb0ee455,1575961773668,1575961762
0x87ef67fa360c11dab4999bfb5154db2acd58702c7c6f5cd72e501c0bfb0ee455,1575961773668,1575961762
0x87ef67fa360c11dab4999bfb5154db2acd58702c7c6f5cd72e501c0bfb0ee455,1575961785048,1575961773
0x87ef67fa360c11dab4999bfb5154db2acd58702c7c6f5cd72e501c0bfb0ee455,1575961785048,1575961773
0x87ef67fa360c11dab4999bfb5154db2acd58702c7c6f5cd72e501c0bfb0ee455,1575961785049,1575961773
0x87ef67fa360c11dab4999bfb5154db2acd58702c7c6f5cd72e501c0bfb0ee455,1575961785049,1575961773
0x87ef67fa360c11dab4999bfb5154db2acd58702c7c6f5cd72e501c0bfb0ee455,1575961785050,1575961773
0x87ef67fa360c11dab4999bfb5154db2acd58702c7c6f5cd72e501c0bfb0ee455,1575961785050,1575961773
0x87ef67fa360c11dab4999bfb5154db2acd58702c7c6f5cd72e501c0bfb0ee455,1575961785050,1575961773
0x87ef67fa360c11dab4999bfb5154db2acd58702c7c6f5cd72e501c0bfb0ee455,1575961785051,1575961773
0x87ef67fa360c11dab4999bfb5154db2acd58702c7c6f5cd72e501c0bfb0ee455,1575961785051,1575961773
0x87ef67fa360c11dab4999bfb5154db2acd58702c7c6f5cd72e501c0bfb0ee455,1575961785051,1575961773
0x87ef67fa360c11dab4999bfb5154db2acd58702c7c6f5cd72e501c0bfb0ee455,1575961785051,1575961773
0x87ef67fa360c11dab4999bfb5154db2acd58702c7c6f5cd72e501c0bfb0ee455,1575961785052,1575961773
0x87ef67fa360c11dab4999bfb5154db2acd58702c7c6f5cd72e501c0bfb0ee455,1575961785052,1575961773
0x87ef67fa360c11dab4999bfb5154db2acd58702c7c6f5cd72e501c0bfb0ee455,1575961785053,1575961773
0x87ef67fa360c11dab4999bfb5154db2acd58702c7c6f5cd72e501c0bfb0ee455,1575961785053,1575961773
0x87ef67fa360c11dab4999bfb5154db2acd58702c7c6f5cd72e501c0bfb0ee455,1575961785053,1575961773
0x87ef67fa360c11dab4999bfb5154db2acd58702c7c6f5cd72e501c0bfb0ee455,1575961785054,1575961773
0x87ef67fa360c11dab4999bfb5154db2acd58702c7c6f5cd72e501c0bfb0ee455,1575961785054,1575961773
0x87ef67fa360c11dab4999bfb5154db2acd58702c7c6f5cd72e501c0bfb0ee455,1575961785054,1575961773
0x87ef67fa360c11dab4999bfb5154db2acd58702c7c6f5cd72e501c0bfb0ee455,1575961785054,1575961773
0x87ef67fa360c11dab4999bfb5154db2acd58702c7c6f5cd72e501c0bfb0ee455,1575961785055,1575961773
0x87ef67fa360c11dab4999bfb5154db2acd58702c7c6f5cd72e501c0bfb0ee455,1575961785055,1575961773
0x87ef67fa360c11dab4999bfb5154db2acd58702c7c6f5cd72e501c0bfb0ee455,1575961785055,1575961773
0x87ef67fa360c11dab4999bfb5154db2acd58702c7c6f5cd72e501c0bfb0ee455,1575961785055,1575961773
0x87ef67fa360c11dab4999bfb5154db2acd58702c7c6f5cd72e501c0bfb0ee455,1575961785056,1575961773
0x87ef67fa360c11dab4999bfb5154db2acd58702c7c6f5cd72e501c0bfb0ee455,1575961785056,1575961773
0x87ef67fa360c11dab4999bfb5154db2acd58702c7c6f5cd72e501c0bfb0ee455,1575961785056,1575961773
0x87ef67fa360c11dab4999bfb5154db2acd58702c7c6f5cd72e501c0bfb0ee455,1575961785056,1575961773
0x87ef67fa360c11dab4999bfb5154db2acd58702c7c6f5cd72e501c0bfb0ee455,1575961785057,1575961773
0x87ef67fa360c11dab4999bfb5154db2acd58702c7c6f5cd72e501c0bfb0ee455,1575961785057,1575961773
0x87ef67fa360c11dab4999bfb5154db2acd58702c7c6f5cd72e501c0bfb0ee455,1575961785057,1575961773
0x87ef67fa360c11dab4999bfb5154db2acd58702c7c6f5cd72e501c0bfb0ee455,1575961785057,1575961773
0x87ef67fa360c11dab4999bfb5154db2acd58702c7c6f5cd72e501c0bfb0ee455,1575961785058,1575961773
0x87ef67fa360c11dab4999bfb5154db2acd58702c7c6f5cd72e501c0bfb0ee455,1575961785058,1575961773
0x87ef67fa360c11dab4999bfb5154db2acd58702c7c6f5cd72e501c0bfb0ee455,1575961785059,1575961773
0x87ef67fa360c11dab4999bfb5154db2acd58702c7c6f5cd72e501c0bfb0ee455,1575961785059,1575961773
0x87ef67fa360c11dab4999bfb5154db2acd58702c7c6f5cd72e501c0bfb0ee455,1575961785060,1575961773
0x87ef67fa360c11dab4999bfb5154db2acd58702c7c6f5cd72e501c0bfb0ee455,1575961785061,1575961773
0x87ef67fa360c11dab4999bfb5154db2acd58702c7c6f5cd72e501c0bfb0ee455,1575961785061,1575961773
0x87ef67fa360c11dab4999bfb5154db2acd58702c7c6f5cd72e501c0bfb0ee455,1575961785062,1575961773
0x87ef67fa360c11dab4999bfb5154db2acd58702c7c6f5cd72e501c0bfb0ee455,1575961785062,1575961773
0x87ef67fa360c11dab4999bfb5154db2acd58702c7c6f5cd72e501c0bfb0ee455,1575961785062,1575961773
0x87ef67fa360c11dab4999bfb5154db2acd58702c7c6f5cd72e501c0bfb0ee455,1575961785062,1575961773
0x87ef67fa360c11dab4999bfb5154db2acd58702c7c6f5cd72e501c0bfb0ee455,1575961785063,1575961773
0x87ef67fa360c11dab4999bfb5154db2acd58702c7c6f5cd72e501c0bfb0ee455,1575961785063,1575961773
0x87ef67fa360c11dab4999bfb5154db2acd58702c7c6f5cd72e501c0bfb0ee455,1575961785063,1575961773
0x87ef67fa360c11dab4999bfb5154db2acd58702c7c6f5cd72e501c0bfb0ee455,1575961785063,1575961773
0x87ef67fa360c11dab4999bfb5154db2acd58702c7c6f5cd72e501c0bfb0ee455,1575961785064,1575961773
0x87ef67fa360c11dab4999bfb5154db2acd58702c7c6f5cd72e501c0bfb0ee455,1575961785064,1575961773
0x87ef67fa360c11dab4999bfb5154db2acd58702c7c6f5cd72e501c0bfb0ee455,1575961785065,1575961773
0x87ef67fa360c11dab4999bfb5154db2acd58702c7c6f5cd72e501c0bfb0ee455,1575961785065,1575961773
0x87ef67fa360c11dab4999bfb5154db2acd58702c7c6f5cd72e501c0bfb0ee455,1575961785065,1575961773
0x87ef67fa360c11dab4999bfb5154db2acd58702c7c6f5cd72e501c0bfb0ee455,1575961785066,1575961773
0x87ef67fa360c11dab4999bfb5154db2acd58702c7c6f5cd72e501c0bfb0ee455,1575961785066,1575961773
0x87ef67fa360c11dab4999bfb5154db2acd58702c7c6f5cd72e501c0bfb0ee455,1575961785066,1575961773
0x87ef67fa360c11dab4999bfb5154db2acd58702c7c6f5cd72e501c0bfb0ee455,1575961785066,1575961773
0x87ef67fa360c11dab4999bfb5154db2acd58702c7c6f5cd72e501c0bfb0ee455,1575961785067,1575961773
0x87ef67fa360c11dab4999bfb5154db2acd58702c7c6f5cd72e501c0bfb0ee455,1575961785067,1575961773
0x87ef67fa360c11dab4999bfb5154db2acd58702c7c6f5cd72e501c0bfb0ee455,1575961785067,1575961773
0x87ef67fa360c11dab4999bfb5154db2acd58702c7c6f5cd72e501c0bfb0ee455,1575961785067,1575961773
0x87ef67fa360c11dab4999bfb5154db2acd58702c7c6f5cd72e501c0bfb0ee455,1575961785068,1575961773
0x87ef67fa360c11dab4999bfb5154db2acd58702c7c6f5cd72e501c0bfb0ee455,1575961785068,1575961773
0x87ef67fa360c11dab4999bfb5154db2acd58702c7c6f5cd72e501c0bfb0ee455,1575961785068,1575961773
0x87ef67fa360c11dab4999bfb5154db2acd58702c7c6f5cd72e501c0bfb0ee455,1575961785069,1575961773
0x87ef67fa360c11dab4999bfb5154db2acd58702c7c6f5cd72e501c0bfb0ee455,1575961785069,1575961773
0x87ef67fa360c11dab4999bfb5154db2acd58702c7c6f5cd72e501c0bfb0ee455,1575961785069,1575961773
0x87ef67fa360c11dab4999bfb5154db2acd58702c7c6f5cd72e501c0bfb0ee455,1575961785070,1575961773
0x87ef67fa360c11dab4999bfb5154db2acd58702c7c6f5cd72e501c0bfb0ee455,1575961785070,1575961773
0x87ef67fa360c11dab4999bfb5154db2acd58702c7c6f5cd72e501c0bfb0ee455,1575961785070,1575961773
0x87ef67fa360c11dab4999bfb5154db2acd58702c7c6f5cd72e501c0bfb0ee455,1575961785070,1575961773
0x87ef67fa360c11dab4999bfb5154db2acd58702c7c6f5cd72e501c0bfb0ee455,1575961785071,1575961773
0x87ef67fa360c11dab4999bfb5154db2acd58702c7c6f5cd72e501c0bfb0ee455,1575961785071,1575961773
0x87ef67fa360c11dab4999bfb5154db2acd58702c7c6f5cd72e501c0bfb0ee455,1575961785071,1575961773
0x87ef67fa360c11dab4999bfb5154db2acd58702c7c6f5cd72e501c0bfb0ee455,1575961785071,1575961773
0x87ef67fa360c11dab4999bfb5154db2acd58702c7c6f5cd72e501c0bfb0ee455,1575961785072,1575961773
0x87ef67fa360c11dab4999bfb5154db2acd58702c7c6f5cd72e501c0bfb0ee455,1575961785072,1575961773
0x87ef67fa360c11dab4999bfb5154db2acd58702c7c6f5cd72e501c0bfb0ee455,1575961785072,1575961773
0x87ef67fa360c11dab4999bfb5154db2acd58702c7c6f5cd72e501c0bfb0ee455,1575961785072,1575961773
0x87ef67fa360c11dab4999bfb5154db2acd58702c7c6f5cd72e501c0bfb0ee455,1575961785073,1575961773
0x87ef67fa360c11dab4999bfb5154db2acd58702c7c6f5cd72e501c0bfb0ee455,1575961785073,1575961773
0x87ef67fa360c11dab4999bfb5154db2acd58702c7c6f5cd72e501c0bfb0ee455,1575961785073,1575961773
0x87ef67fa360c11dab4999bfb5154db2acd58702c7c6f5cd72e501c0bfb0ee455,1575961785074,1575961773
0x87ef67fa360c11dab4999bfb5154db2acd58702c7c6f5cd72e501c0bfb0ee455,1575961785074,1575961773
0x87ef67fa360c11dab4999bfb5154db2acd58702c7c6f5cd72e501c0bfb0ee455,1575961785074,1575961773
0x87ef67fa360c11dab4999bfb5154db2acd58702c7c6f5cd72e501c0bfb0ee455,1575961785074,1575961773
0x87ef67fa360c11dab4999bfb5154db2acd58702c7c6f5cd72e501c0bfb0ee455,1575961785074,1575961773
0x87ef67fa360c11dab4999bfb5154db2acd58702c7c6f5cd72e501c0bfb0ee455,1575961785075,1575961773
0x87ef67fa360c11dab4999bfb5154db2acd58702c7c6f5cd72e501c0bfb0ee455,1575961785075,1575961773
0x87ef67fa360c11dab4999bfb5154db2acd58702c7c6f5cd72e501c0bfb0ee455,1575961785075,1575961773
0x87ef67fa360c11dab4999bfb5154db2acd58702c7c6f5cd72e501c0bfb0ee455,1575961785076,1575961773
0x87ef67fa360c11dab4999bfb5154db2acd58702c7c6f5cd72e501c0bfb0ee455,1575961785076,1575961773
0x87ef67fa360c11dab4999bfb5154db2acd58702c7c6f5cd72e501c0bfb0ee455,1575961785076,1575961773
0x87ef67fa360c11dab4999bfb5154db2acd58702c7c6f5cd72e501c0bfb0ee455,1575961785076,1575961773
0x87ef67fa360c11dab4999bfb5154db2acd58702c7c6f5cd72e501c0bfb0ee455,1575961785077,1575961773
0x87ef67fa360c11dab4999bfb5154db2acd58702c7c6f5cd72e501c0bfb0ee455,1575961785077,1575961773
0x87ef67fa360c11dab4999bfb5154db2acd58702c7c6f5cd72e501c0bfb0ee455,1575961785077,1575961773
0x87ef67fa360c11dab4999bfb5154db2acd58702c7c6f5cd72e501c0bfb0ee455,1575961785078,1575961773
0x87ef67fa360c11dab4999bfb5154db2acd58702c7c6f5cd72e501c0bfb0ee455,1575961785078,1575961773
0x87ef67fa360c11dab4999bfb5154db2acd58702c7c6f5cd72e501c0bfb0ee455,1575961785078,1575961773
0x87ef67fa360c11dab4999bfb5154db2acd58702c7c6f5cd72e501c0bfb0ee455,1575961785079,1575961773
0x87ef67fa360c11dab4999bfb5154db2acd58702c7c6f5cd72e501c0bfb0ee455,1575961785079,1575961773
0x87ef67fa360c11dab4999bfb5154db2acd58702c7c6f5cd72e501c0bfb0ee455,1575961785079,1575961773
0x87ef67fa360c11dab4999bfb5154db2acd58702c7c6f5cd72e501c0bfb0ee455,1575961785080,1575961773
0x87ef67fa360c11dab4999bfb5154db2acd58702c7c6f5cd72e501c0bfb0ee455,1575961785080,1575961773
0x87ef67fa360c11dab4999bfb5154db2acd58702c7c6f5cd72e501c0bfb0ee455,1575961785080,1575961773
0x87ef67fa360c11dab4999bfb5154db2acd58702c7c6f5cd72e501c0bfb0ee455,1575961785080,1575961773
0x87ef67fa360c11dab4999bfb5154db2acd58702c7c6f5cd72e501c0bfb0ee455,1575961785081,1575961773
0x87ef67fa360c11dab4999bfb5154db2acd58702c7c6f5cd72e501c0bfb0ee455,1575961785081,1575961773
0x87ef67fa360c11dab4999bfb5154db2acd58702c7c6f5cd72e501c0bfb0ee455,1575961785081,1575961773
0x87ef67fa360c11dab4999bfb5154db2acd58702c7c6f5cd72e501c0bfb0ee455,1575961785082,1575961773
0x87ef67fa360c11dab4999bfb5154db2acd58702c7c6f5cd72e501c0bfb0ee455,1575961785082,1575961773
0x87ef67fa360c11dab4999bfb5154db2acd58702c7c6f5cd72e501c0bfb0ee455,1575961785082,1575961773
0x87ef67fa360c11dab4999bfb5154db2acd58702c7c6f5cd72e501c0bfb0ee455,1575961785082,1575961773
0x87ef67fa360c11dab4999bfb5154db2acd58702c7c6f5cd72e501c0bfb0ee455,1575961785083,1575961773
0x87ef67fa360c11dab4999bfb5154db2acd58702c7c6f5cd72e501c0bfb0ee455,1575961785083,1575961773
0x87ef67fa360c11dab4999bfb5154db2acd58702c7c6f5cd72e501c0bfb0ee455,1575961785083,1575961773
0x87ef67fa360c11dab4999bfb5154db2acd58702c7c6f5cd72e501c0bfb0ee455,1575961785083,1575961773
0x87ef67fa360c11dab4999bfb5154db2acd58702c7c6f5cd72e501c0bfb0ee455,1575961785084,1575961773
0x87ef67fa360c11dab4999bfb5154db2acd58702c7c6f5cd72e501c0bfb0ee455,1575961785084,1575961773
0x87ef67fa360c11dab4999bfb5154db2acd58702c7c6f5cd72e501c0bfb0ee455,1575961785084,1575961773
0x87ef67fa360c11dab4999bfb5154db2acd58702c7c6f5cd72e501c0bfb0ee455,1575961785084,1575961773
0x87ef67fa360c11dab4999bfb5154db2acd58702c7c6f5cd72e501c0bfb0ee455,1575961785085,1575961773
0x87ef67fa360c11dab4999bfb5154db2acd58702c7c6f5cd72e501c0bfb0ee455,1575961785085,1575961773
0x87ef67fa360c11dab4999bfb5154db2acd58702c7c6f5cd72e501c0bfb0ee455,1575961785085,1575961773
0x87ef67fa360c11dab4999bfb5154db2acd58702c7c6f5cd72e501c0bfb0ee455,1575961785085,1575961773
0x87ef67fa360c11dab4999bfb5154db2acd58702c7c6f5cd72e501c0bfb0ee455,1575961785086,1575961773
0x87ef67fa360c11dab4999bfb5154db2acd58702c7c6f5cd72e501c0bfb0ee455,1575961785086,1575961773
0x87ef67fa360c11dab4999bfb5154db2acd58702c7c6f5cd72e501c0bfb0ee455,1575961785086,1575961773
0x87ef67fa360c11dab4999bfb5154db2acd58702c7c6f5cd72e501c0bfb0ee455,1575961785086,1575961773
0x87ef67fa360c11dab4999bfb5154db2acd58702c7c6f5cd72e501c0bfb0ee455,1575961785087,1575961773
0x87ef67fa360c11dab4999bfb5154db2acd58702c7c6f5cd72e501c0bfb0ee455,1575961785087,1575961773
0x87ef67fa360c11dab4999bfb5154db2acd58702c7c6f5cd72e501c0bfb0ee455,1575961785087,1575961773
0x87ef67fa360c11dab4999bfb5154db2acd58702c7c6f5cd72e501c0bfb0ee455,1575961785087,1575961773
0x87ef67fa360c11dab4999bfb5154db2acd58702c7c6f5cd72e501c0bfb0ee455,1575961785088,1575961773
0x87ef67fa360c11dab4999bfb5154db2acd58702c7c6f5cd72e501c0bfb0ee455,1575961785088,1575961773
0x87ef67fa360c11dab4999bfb5154db2acd58702c7c6f5cd72e501c0bfb0ee455,1575961785088,1575961773
0x87ef67fa360c11dab4999bfb5154db2acd58702c7c6f5cd72e501c0bfb0ee455,1575961785088,1575961773
0x87ef67fa360c11dab4999bfb5154db2acd58702c7c6f5cd72e501c0bfb0ee455,1575961785089,1575961773
0x87ef67fa360c11dab4999bfb5154db2acd58702c7c6f5cd72e501c0bfb0ee455,1575961785089,1575961773
0x87ef67fa360c11dab4999bfb5154db2acd58702c7c6f5cd72e501c0bfb0ee455,1575961785089,1575961773
0x87ef67fa360c11dab4999bfb5154db2acd58702c7c6f5cd72e501c0bfb0ee455,1575961785089,1575961773
0x87ef67fa360c11dab4999bfb5154db2acd58702c7c6f5cd72e501c0bfb0ee455,1575961785090,1575961773
0x87ef67fa360c11dab4999bfb5154db2acd58702c7c6f5cd72e501c0bfb0ee455,1575961785090,1575961773
0x87ef67fa360c11dab4999bfb5154db2acd58702c7c6f5cd72e501c0bfb0ee455,1575961785090,1575961773
0x87ef67fa360c11dab4999bfb5154db2acd58702c7c6f5cd72e501c0bfb0ee455,1575961785090,1575961773
0x87ef67fa360c11dab4999bfb5154db2acd58702c7c6f5cd72e501c0bfb0ee455,1575961785091,1575961773
0x87ef67fa360c11dab4999bfb5154db2acd58702c7c6f5cd72e501c0bfb0ee455,1575961785091,1575961773
0x87ef67fa360c11dab4999bfb5154db2acd58702c7c6f5cd72e501c0bfb0ee455,1575961785091,1575961773
0x87ef67fa360c11dab4999bfb5154db2acd58702c7c6f5cd72e501c0bfb0ee455,1575961785092,1575961773
0x87ef67fa360c11dab4999bfb5154db2acd58702c7c6f5cd72e501c0bfb0ee455,1575961785092,1575961773
0x87ef67fa360c11dab4999bfb5154db2acd58702c7c6f5cd72e501c0bfb0ee455,1575961785092,1575961773
0x87ef67fa360c11dab4999bfb5154db2acd58702c7c6f5cd72e501c0bfb0ee455,1575961785092,1575961773
0x87ef67fa360c11dab4999bfb5154db2acd58702c7c6f5cd72e501c0bfb0ee455,1575961785093,1575961773
0x87ef67fa360c11dab4999bfb5154db2acd58702c7c6f5cd72e501c0bfb0ee455,1575961785093,1575961773
0x87ef67fa360c11dab4999bfb5154db2acd58702c7c6f5cd72e501c0bfb0ee455,1575961785093,1575961773
0x87ef67fa360c11dab4999bfb5154db2acd58702c7c6f5cd72e501c0bfb0ee455,1575961785094,1575961773
0x87ef67fa360c11dab4999bfb5154db2acd58702c7c6f5cd72e501c0bfb0ee455,1575961785094,1575961773
0x87ef67fa360c11dab4999bfb5154db2acd58702c7c6f5cd72e501c0bfb0ee455,1575961785094,1575961773
0x87ef67fa360c11dab4999bfb5154db2acd58702c7c6f5cd72e501c0bfb0ee455,1575961785094,1575961773
0x87ef67fa360c11dab4999bfb5154db2acd58702c7c6f5cd72e501c0bfb0ee455,1575961785094,1575961773
0x87ef67fa360c11dab4999bfb5154db2acd58702c7c6f5cd72e501c0bfb0ee455,1575961785095,1575961773
0x87ef67fa360c11dab4999bfb5154db2acd58702c7c6f5cd72e501c0bfb0ee455,1575961785095,1575961773
0x87ef67fa360c11dab4999bfb5154db2acd58702c7c6f5cd72e501c0bfb0ee455,1575961785095,1575961773
0x87ef67fa360c11dab4999bfb5154db2acd58702c7c6f5cd72e501c0bfb0ee455,1575961785095,1575961773
0x87ef67fa360c11dab4999bfb5154db2acd58702c7c6f5cd72e501c0bfb0ee455,1575961785096,1575961773
0x87ef67fa360c11dab4999bfb5154db2acd58702c7c6f5cd72e501c0bfb0ee455,1575961785096,1575961773
0x87ef67fa360c11dab4999bfb5154db2acd58702c7c6f5cd72e501c0bfb0ee455,1575961785096,1575961773
0x87ef67fa360c11dab4999bfb5154db2acd58702c7c6f5cd72e501c0bfb0ee455,1575961785096,1575961773
0x87ef67fa360c11dab4999bfb5154db2acd58702c7c6f5cd72e501c0bfb0ee455,1575961785096,1575961773
0x87ef67fa360c11dab4999bfb5154db2acd58702c7c6f5cd72e501c0bfb0ee455,1575961785097,1575961773
0x87ef67fa360c11dab4999bfb5154db2acd58702c7c6f5cd72e501c0bfb0ee455,1575961785097,1575961773
0x87ef67fa360c11dab4999bfb5154db2acd58702c7c6f5cd72e501c0bfb0ee455,1575961785098,1575961773
0x87ef67fa360c11dab4999bfb5154db2acd58702c7c6f5cd72e501c0bfb0ee455,1575961785098,1575961773
0x87ef67fa360c11dab4999bfb5154db2acd58702c7c6f5cd72e501c0bfb0ee455,1575961785098,1575961773
0x87ef67fa360c11dab4999bfb5154db2acd58702c7c6f5cd72e501c0bfb0ee455,1575961785098,1575961773
0x87ef67fa360c11dab4999bfb5154db2acd58702c7c6f5cd72e501c0bfb0ee455,1575961785098,1575961773
0x87ef67fa360c11dab4999bfb5154db2acd58702c7c6f5cd72e501c0bfb0ee455,1575961804563,1575961785
0x87ef67fa360c11dab4999bfb5154db2acd58702c7c6f5cd72e501c0bfb0ee455,1575961804563,1575961785
0x87ef67fa360c11dab4999bfb5154db2acd58702c7c6f5cd72e501c0bfb0ee455,1575961804563,1575961785
0x87ef67fa360c11dab4999bfb5154db2acd58702c7c6f5cd72e501c0bfb0ee455,1575961804564,1575961785
0x87ef67fa360c11dab4999bfb5154db2acd58702c7c6f5cd72e501c0bfb0ee455,1575961804564,1575961785
0x87ef67fa360c11dab4999bfb5154db2acd58702c7c6f5cd72e501c0bfb0ee455,1575961804564,1575961785
0x87ef67fa360c11dab4999bfb5154db2acd58702c7c6f5cd72e501c0bfb0ee455,1575961804565,1575961785
0x87ef67fa360c11dab4999bfb5154db2acd58702c7c6f5cd72e501c0bfb0ee455,1575961804565,1575961785
0x87ef67fa360c11dab4999bfb5154db2acd58702c7c6f5cd72e501c0bfb0ee455,1575961804566,1575961785
0x87ef67fa360c11dab4999bfb5154db2acd58702c7c6f5cd72e501c0bfb0ee455,1575961804566,1575961785
0x87ef67fa360c11dab4999bfb5154db2acd58702c7c6f5cd72e501c0bfb0ee455,1575961804566,1575961785
0x87ef67fa360c11dab4999bfb5154db2acd58702c7c6f5cd72e501c0bfb0ee455,1575961804567,1575961785
0x87ef67fa360c11dab4999bfb5154db2acd58702c7c6f5cd72e501c0bfb0ee455,1575961804567,1575961785
0x87ef67fa360c11dab4999bfb5154db2acd58702c7c6f5cd72e501c0bfb0ee455,1575961804567,1575961785
0x87ef67fa360c11dab4999bfb5154db2acd58702c7c6f5cd72e501c0bfb0ee455,1575961804568,1575961785
0x87ef67fa360c11dab4999bfb5154db2acd58702c7c6f5cd72e501c0bfb0ee455,1575961804568,1575961785
0x87ef67fa360c11dab4999bfb5154db2acd58702c7c6f5cd72e501c0bfb0ee455,1575961804568,1575961785
0x87ef67fa360c11dab4999bfb5154db2acd58702c7c6f5cd72e501c0bfb0ee455,1575961804568,1575961785
0x87ef67fa360c11dab4999bfb5154db2acd58702c7c6f5cd72e501c0bfb0ee455,1575961804569,1575961785
0x87ef67fa360c11dab4999bfb5154db2acd58702c7c6f5cd72e501c0bfb0ee455,1575961804569,1575961785
0x87ef67fa360c11dab4999bfb5154db2acd58702c7c6f5cd72e501c0bfb0ee455,1575961804569,1575961785
0x87ef67fa360c11dab4999bfb5154db2acd58702c7c6f5cd72e501c0bfb0ee455,1575961804569,1575961785
0x87ef67fa360c11dab4999bfb5154db2acd58702c7c6f5cd72e501c0bfb0ee455,1575961804570,1575961785
0x87ef67fa360c11dab4999bfb5154db2acd58702c7c6f5cd72e501c0bfb0ee455,1575961804570,1575961785
0x87ef67fa360c11dab4999bfb5154db2acd58702c7c6f5cd72e501c0bfb0ee455,1575961804570,1575961785
0x87ef67fa360c11dab4999bfb5154db2acd58702c7c6f5cd72e501c0bfb0ee455,1575961804571,1575961785
0x87ef67fa360c11dab4999bfb5154db2acd58702c7c6f5cd72e501c0bfb0ee455,1575961804571,1575961785
0x87ef67fa360c11dab4999bfb5154db2acd58702c7c6f5cd72e501c0bfb0ee455,1575961804571,1575961785
0x87ef67fa360c11dab4999bfb5154db2acd58702c7c6f5cd72e501c0bfb0ee455,1575961804571,1575961785
0x87ef67fa360c11dab4999bfb5154db2acd58702c7c6f5cd72e501c0bfb0ee455,1575961804572,1575961785
0x87ef67fa360c11dab4999bfb5154db2acd58702c7c6f5cd72e501c0bfb0ee455,1575961804572,1575961785
0x87ef67fa360c11dab4999bfb5154db2acd58702c7c6f5cd72e501c0bfb0ee455,1575961804572,1575961785
0x87ef67fa360c11dab4999bfb5154db2acd58702c7c6f5cd72e501c0bfb0ee455,1575961804572,1575961785
0x87ef67fa360c11dab4999bfb5154db2acd58702c7c6f5cd72e501c0bfb0ee455,1575961804573,1575961785
0x87ef67fa360c11dab4999bfb5154db2acd58702c7c6f5cd72e501c0bfb0ee455,1575961804573,1575961785
0x87ef67fa360c11dab4999bfb5154db2acd58702c7c6f5cd72e501c0bfb0ee455,1575961804573,1575961785
0x87ef67fa360c11dab4999bfb5154db2acd58702c7c6f5cd72e501c0bfb0ee455,1575961804578,1575961785
0x87ef67fa360c11dab4999bfb5154db2acd58702c7c6f5cd72e501c0bfb0ee455,1575961804578,1575961785
0x87ef67fa360c11dab4999bfb5154db2acd58702c7c6f5cd72e501c0bfb0ee455,1575961804579,1575961785
0x87ef67fa360c11dab4999bfb5154db2acd58702c7c6f5cd72e501c0bfb0ee455,1575961804579,1575961785
0x87ef67fa360c11dab4999bfb5154db2acd58702c7c6f5cd72e501c0bfb0ee455,1575961804580,1575961785
0x87ef67fa360c11dab4999bfb5154db2acd58702c7c6f5cd72e501c0bfb0ee455,1575961804580,1575961785
0x87ef67fa360c11dab4999bfb5154db2acd58702c7c6f5cd72e501c0bfb0ee455,1575961804581,1575961785
0x87ef67fa360c11dab4999bfb5154db2acd58702c7c6f5cd72e501c0bfb0ee455,1575961804581,1575961785
0x87ef67fa360c11dab4999bfb5154db2acd58702c7c6f5cd72e501c0bfb0ee455,1575961804581,1575961785
0x87ef67fa360c11dab4999bfb5154db2acd58702c7c6f5cd72e501c0bfb0ee455,1575961804581,1575961785
0x87ef67fa360c11dab4999bfb5154db2acd58702c7c6f5cd72e501c0bfb0ee455,1575961804582,1575961785
0x87ef67fa360c11dab4999bfb5154db2acd58702c7c6f5cd72e501c0bfb0ee455,1575961804582,1575961785
0x87ef67fa360c11dab4999bfb5154db2acd58702c7c6f5cd72e501c0bfb0ee455,1575961804582,1575961785
0x87ef67fa360c11dab4999bfb5154db2acd58702c7c6f5cd72e501c0bfb0ee455,1575961804582,1575961785
0x87ef67fa360c11dab4999bfb5154db2acd58702c7c6f5cd72e501c0bfb0ee455,1575961804583,1575961785
0x87ef67fa360c11dab4999bfb5154db2acd58702c7c6f5cd72e501c0bfb0ee455,1575961804583,1575961785
0x87ef67fa360c11dab4999bfb5154db2acd58702c7c6f5cd72e501c0bfb0ee455,1575961804583,1575961785
0x87ef67fa360c11dab4999bfb5154db2acd58702c7c6f5cd72e501c0bfb0ee455,1575961804583,1575961785
0x87ef67fa360c11dab4999bfb5154db2acd58702c7c6f5cd72e501c0bfb0ee455,1575961804583,1575961785
0x87ef67fa360c11dab4999bfb5154db2acd58702c7c6f5cd72e501c0bfb0ee455,1575961804584,1575961785
0x87ef67fa360c11dab4999bfb5154db2acd58702c7c6f5cd72e501c0bfb0ee455,1575961804584,1575961785
0x87ef67fa360c11dab4999bfb5154db2acd58702c7c6f5cd72e501c0bfb0ee455,1575961804585,1575961785
0x87ef67fa360c11dab4999bfb5154db2acd58702c7c6f5cd72e501c0bfb0ee455,1575961804585,1575961785
0x87ef67fa360c11dab4999bfb5154db2acd58702c7c6f5cd72e501c0bfb0ee455,1575961804585,1575961785
0x87ef67fa360c11dab4999bfb5154db2acd58702c7c6f5cd72e501c0bfb0ee455,1575961804586,1575961785
0x87ef67fa360c11dab4999bfb5154db2acd58702c7c6f5cd72e501c0bfb0ee455,1575961804586,1575961785
0x87ef67fa360c11dab4999bfb5154db2acd58702c7c6f5cd72e501c0bfb0ee455,1575961804586,1575961785
0x87ef67fa360c11dab4999bfb5154db2acd58702c7c6f5cd72e501c0bfb0ee455,1575961804586,1575961785
0x87ef67fa360c11dab4999bfb5154db2acd58702c7c6f5cd72e501c0bfb0ee455,1575961804587,1575961785
0x87ef67fa360c11dab4999bfb5154db2acd58702c7c6f5cd72e501c0bfb0ee455,1575961804587,1575961785
0x87ef67fa360c11dab4999bfb5154db2acd58702c7c6f5cd72e501c0bfb0ee455,1575961804587,1575961785
0x87ef67fa360c11dab4999bfb5154db2acd58702c7c6f5cd72e501c0bfb0ee455,1575961804587,1575961785
0x87ef67fa360c11dab4999bfb5154db2acd58702c7c6f5cd72e501c0bfb0ee455,1575961804588,1575961785
0x87ef67fa360c11dab4999bfb5154db2acd58702c7c6f5cd72e501c0bfb0ee455,1575961804588,1575961785
0x87ef67fa360c11dab4999bfb5154db2acd58702c7c6f5cd72e501c0bfb0ee455,1575961804588,1575961785
0x87ef67fa360c11dab4999bfb5154db2acd58702c7c6f5cd72e501c0bfb0ee455,1575961804589,1575961785
0x87ef67fa360c11dab4999bfb5154db2acd58702c7c6f5cd72e501c0bfb0ee455,1575961804589,1575961785
0x87ef67fa360c11dab4999bfb5154db2acd58702c7c6f5cd72e501c0bfb0ee455,1575961804589,1575961785
0x87ef67fa360c11dab4999bfb5154db2acd58702c7c6f5cd72e501c0bfb0ee455,1575961804589,1575961785
0x87ef67fa360c11dab4999bfb5154db2acd58702c7c6f5cd72e501c0bfb0ee455,1575961804590,1575961785
0x87ef67fa360c11dab4999bfb5154db2acd58702c7c6f5cd72e501c0bfb0ee455,1575961804590,1575961785
0x87ef67fa360c11dab4999bfb5154db2acd58702c7c6f5cd72e501c0bfb0ee455,1575961804590,1575961785
0x87ef67fa360c11dab4999bfb5154db2acd58702c7c6f5cd72e501c0bfb0ee455,1575961804591,1575961785
0x87ef67fa360c11dab4999bfb5154db2acd58702c7c6f5cd72e501c0bfb0ee455,1575961804591,1575961785
0x87ef67fa360c11dab4999bfb5154db2acd58702c7c6f5cd72e501c0bfb0ee455,1575961804591,1575961785
0x87ef67fa360c11dab4999bfb5154db2acd58702c7c6f5cd72e501c0bfb0ee455,1575961804592,1575961785
0x87ef67fa360c11dab4999bfb5154db2acd58702c7c6f5cd72e501c0bfb0ee455,1575961804592,1575961785
0x87ef67fa360c11dab4999bfb5154db2acd58702c7c6f5cd72e501c0bfb0ee455,1575961804592,1575961785
0x87ef67fa360c11dab4999bfb5154db2acd58702c7c6f5cd72e501c0bfb0ee455,1575961804592,1575961785
0x87ef67fa360c11dab4999bfb5154db2acd58702c7c6f5cd72e501c0bfb0ee455,1575961804593,1575961785
0x87ef67fa360c11dab4999bfb5154db2acd58702c7c6f5cd72e501c0bfb0ee455,1575961804593,1575961785
0x87ef67fa360c11dab4999bfb5154db2acd58702c7c6f5cd72e501c0bfb0ee455,1575961804594,1575961785
0x87ef67fa360c11dab4999bfb5154db2acd58702c7c6f5cd72e501c0bfb0ee455,1575961804594,1575961785
0x87ef67fa360c11dab4999bfb5154db2acd58702c7c6f5cd72e501c0bfb0ee455,1575961804595,1575961785
0x87ef67fa360c11dab4999bfb5154db2acd58702c7c6f5cd72e501c0bfb0ee455,1575961804595,1575961785
0x87ef67fa360c11dab4999bfb5154db2acd58702c7c6f5cd72e501c0bfb0ee455,1575961804595,1575961785
0x87ef67fa360c11dab4999bfb5154db2acd58702c7c6f5cd72e501c0bfb0ee455,1575961804596,1575961785
0x87ef67fa360c11dab4999bfb5154db2acd58702c7c6f5cd72e501c0bfb0ee455,1575961804597,1575961785
0x87ef67fa360c11dab4999bfb5154db2acd58702c7c6f5cd72e501c0bfb0ee455,1575961804597,1575961785
0x87ef67fa360c11dab4999bfb5154db2acd58702c7c6f5cd72e501c0bfb0ee455,1575961804597,1575961785
0x87ef67fa360c11dab4999bfb5154db2acd58702c7c6f5cd72e501c0bfb0ee455,1575961804598,1575961785
0x87ef67fa360c11dab4999bfb5154db2acd58702c7c6f5cd72e501c0bfb0ee455,1575961804598,1575961785
0x87ef67fa360c11dab4999bfb5154db2acd58702c7c6f5cd72e501c0bfb0ee455,1575961804599,1575961785
0x87ef67fa360c11dab4999bfb5154db2acd58702c7c6f5cd72e501c0bfb0ee455,1575961804599,1575961785
0x87ef67fa360c11dab4999bfb5154db2acd58702c7c6f5cd72e501c0bfb0ee455,1575961804599,1575961785
0x87ef67fa360c11dab4999bfb5154db2acd58702c7c6f5cd72e501c0bfb0ee455,1575961804600,1575961785
0x87ef67fa360c11dab4999bfb5154db2acd58702c7c6f5cd72e501c0bfb0ee455,1575961804600,1575961785
0x87ef67fa360c11dab4999bfb5154db2acd58702c7c6f5cd72e501c0bfb0ee455,1575961804601,1575961785
0x87ef67fa360c11dab4999bfb5154db2acd58702c7c6f5cd72e501c0bfb0ee455,1575961804601,1575961785
0x87ef67fa360c11dab4999bfb5154db2acd58702c7c6f5cd72e501c0bfb0ee455,1575961804601,1575961785
0x87ef67fa360c11dab4999bfb5154db2acd58702c7c6f5cd72e501c0bfb0ee455,1575961804602,1575961785
0x87ef67fa360c11dab4999bfb5154db2acd58702c7c6f5cd72e501c0bfb0ee455,1575961804602,1575961785
0x87ef67fa360c11dab4999bfb5154db2acd58702c7c6f5cd72e501c0bfb0ee455,1575961804602,1575961785
0x87ef67fa360c11dab4999bfb5154db2acd58702c7c6f5cd72e501c0bfb0ee455,1575961804603,1575961785
0x87ef67fa360c11dab4999bfb5154db2acd58702c7c6f5cd72e501c0bfb0ee455,1575961804603,1575961785
0x87ef67fa360c11dab4999bfb5154db2acd58702c7c6f5cd72e501c0bfb0ee455,1575961804603,1575961785
0x87ef67fa360c11dab4999bfb5154db2acd58702c7c6f5cd72e501c0bfb0ee455,1575961804604,1575961785
0x87ef67fa360c11dab4999bfb5154db2acd58702c7c6f5cd72e501c0bfb0ee455,1575961804604,1575961785
0x87ef67fa360c11dab4999bfb5154db2acd58702c7c6f5cd72e501c0bfb0ee455,1575961804604,1575961785
0x87ef67fa360c11dab4999bfb5154db2acd58702c7c6f5cd72e501c0bfb0ee455,1575961804604,1575961785
0x87ef67fa360c11dab4999bfb5154db2acd58702c7c6f5cd72e501c0bfb0ee455,1575961804605,1575961785
0x87ef67fa360c11dab4999bfb5154db2acd58702c7c6f5cd72e501c0bfb0ee455,1575961804606,1575961785
0x87ef67fa360c11dab4999bfb5154db2acd58702c7c6f5cd72e501c0bfb0ee455,1575961804606,1575961785
0x87ef67fa360c11dab4999bfb5154db2acd58702c7c6f5cd72e501c0bfb0ee455,1575961804606,1575961785
0x87ef67fa360c11dab4999bfb5154db2acd58702c7c6f5cd72e501c0bfb0ee455,1575961804607,1575961785
0x87ef67fa360c11dab4999bfb5154db2acd58702c7c6f5cd72e501c0bfb0ee455,1575961804607,1575961785
0x87ef67fa360c11dab4999bfb5154db2acd58702c7c6f5cd72e501c0bfb0ee455,1575961804607,1575961785
0x87ef67fa360c11dab4999bfb5154db2acd58702c7c6f5cd72e501c0bfb0ee455,1575961804607,1575961785
0x87ef67fa360c11dab4999bfb5154db2acd58702c7c6f5cd72e501c0bfb0ee455,1575961804608,1575961785
0x87ef67fa360c11dab4999bfb5154db2acd58702c7c6f5cd72e501c0bfb0ee455,1575961804608,1575961785
0x87ef67fa360c11dab4999bfb5154db2acd58702c7c6f5cd72e501c0bfb0ee455,1575961804608,1575961785
0x87ef67fa360c11dab4999bfb5154db2acd58702c7c6f5cd72e501c0bfb0ee455,1575961804609,1575961785
0x87ef67fa360c11dab4999bfb5154db2acd58702c7c6f5cd72e501c0bfb0ee455,1575961804609,1575961785
0x87ef67fa360c11dab4999bfb5154db2acd58702c7c6f5cd72e501c0bfb0ee455,1575961804609,1575961785
0x87ef67fa360c11dab4999bfb5154db2acd58702c7c6f5cd72e501c0bfb0ee455,1575961804610,1575961785
0x87ef67fa360c11dab4999bfb5154db2acd58702c7c6f5cd72e501c0bfb0ee455,1575961804610,1575961785
0x87ef67fa360c11dab4999bfb5154db2acd58702c7c6f5cd72e501c0bfb0ee455,1575961804611,1575961785
0x87ef67fa360c11dab4999bfb5154db2acd58702c7c6f5cd72e501c0bfb0ee455,1575961804611,1575961785
0x87ef67fa360c11dab4999bfb5154db2acd58702c7c6f5cd72e501c0bfb0ee455,1575961804611,1575961785
0x87ef67fa360c11dab4999bfb5154db2acd58702c7c6f5cd72e501c0bfb0ee455,1575961804611,1575961785
0x87ef67fa360c11dab4999bfb5154db2acd58702c7c6f5cd72e501c0bfb0ee455,1575961804612,1575961785
0x87ef67fa360c11dab4999bfb5154db2acd58702c7c6f5cd72e501c0bfb0ee455,1575961804612,1575961785
0x87ef67fa360c11dab4999bfb5154db2acd58702c7c6f5cd72e501c0bfb0ee455,1575961804612,1575961785
0x87ef67fa360c11dab4999bfb5154db2acd58702c7c6f5cd72e501c0bfb0ee455,1575961804613,1575961785
0x87ef67fa360c11dab4999bfb5154db2acd58702c7c6f5cd72e501c0bfb0ee455,1575961804613,1575961785
0x87ef67fa360c11dab4999bfb5154db2acd58702c7c6f5cd72e501c0bfb0ee455,1575961804613,1575961785
0x87ef67fa360c11dab4999bfb5154db2acd58702c7c6f5cd72e501c0bfb0ee455,1575961804614,1575961785
0x87ef67fa360c11dab4999bfb5154db2acd58702c7c6f5cd72e501c0bfb0ee455,1575961804614,1575961785
0x87ef67fa360c11dab4999bfb5154db2acd58702c7c6f5cd72e501c0bfb0ee455,1575961804614,1575961785
0x87ef67fa360c11dab4999bfb5154db2acd58702c7c6f5cd72e501c0bfb0ee455,1575961804615,1575961785
0x87ef67fa360c11dab4999bfb5154db2acd58702c7c6f5cd72e501c0bfb0ee455,1575961804615,1575961785
0x87ef67fa360c11dab4999bfb5154db2acd58702c7c6f5cd72e501c0bfb0ee455,1575961804616,1575961785
0x87ef67fa360c11dab4999bfb5154db2acd58702c7c6f5cd72e501c0bfb0ee455,1575961804616,1575961785
0x87ef67fa360c11dab4999bfb5154db2acd58702c7c6f5cd72e501c0bfb0ee455,1575961804616,1575961785
0x87ef67fa360c11dab4999bfb5154db2acd58702c7c6f5cd72e501c0bfb0ee455,1575961804617,1575961785
0x87ef67fa360c11dab4999bfb5154db2acd58702c7c6f5cd72e501c0bfb0ee455,1575961804617,1575961785
0x87ef67fa360c11dab4999bfb5154db2acd58702c7c6f5cd72e501c0bfb0ee455,1575961804617,1575961785
0x87ef67fa360c11dab4999bfb5154db2acd58702c7c6f5cd72e501c0bfb0ee455,1575961804618,1575961785
0x87ef67fa360c11dab4999bfb5154db2acd58702c7c6f5cd72e501c0bfb0ee455,1575961804618,1575961785
0x87ef67fa360c11dab4999bfb5154db2acd58702c7c6f5cd72e501c0bfb0ee455,1575961804618,1575961785
0x87ef67fa360c11dab4999bfb5154db2acd58702c7c6f5cd72e501c0bfb0ee455,1575961804619,1575961785
0x87ef67fa360c11dab4999bfb5154db2acd58702c7c6f5cd72e501c0bfb0ee455,1575961804619,1575961785
0x87ef67fa360c11dab4999bfb5154db2acd58702c7c6f5cd72e501c0bfb0ee455,1575961804620,1575961785
0x87ef67fa360c11dab4999bfb5154db2acd58702c7c6f5cd72e501c0bfb0ee455,1575961804620,1575961785
0x87ef67fa360c11dab4999bfb5154db2acd58702c7c6f5cd72e501c0bfb0ee455,1575961804620,1575961785
0x87ef67fa360c11dab4999bfb5154db2acd58702c7c6f5cd72e501c0bfb0ee455,1575961804621,1575961785
0x87ef67fa360c11dab4999bfb5154db2acd58702c7c6f5cd72e501c0bfb0ee455,1575961804621,1575961785
0x87ef67fa360c11dab4999bfb5154db2acd58702c7c6f5cd72e501c0bfb0ee455,1575961804622,1575961785
0x87ef67fa360c11dab4999bfb5154db2acd58702c7c6f5cd72e501c0bfb0ee455,1575961804622,1575961785
0x87ef67fa360c11dab4999bfb5154db2acd58702c7c6f5cd72e501c0bfb0ee455,1575961804622,1575961785
0x87ef67fa360c11dab4999bfb5154db2acd58702c7c6f5cd72e501c0bfb0ee455,1575961804623,1575961785
0x87ef67fa360c11dab4999bfb5154db2acd58702c7c6f5cd72e501c0bfb0ee455,1575961804623,1575961785
0x87ef67fa360c11dab4999bfb5154db2acd58702c7c6f5cd72e501c0bfb0ee455,1575961804623,1575961785
0x87ef67fa360c11dab4999bfb5154db2acd58702c7c6f5cd72e501c0bfb0ee455,1575961804624,1575961785
0x87ef67fa360c11dab4999bfb5154db2acd58702c7c6f5cd72e501c0bfb0ee455,1575961804624,1575961785
0x87ef67fa360c11dab4999bfb5154db2acd58702c7c6f5cd72e501c0bfb0ee455,1575961804624,1575961785
0x87ef67fa360c11dab4999bfb5154db2acd58702c7c6f5cd72e501c0bfb0ee455,1575961804624,1575961785
0x87ef67fa360c11dab4999bfb5154db2acd58702c7c6f5cd72e501c0bfb0ee455,1575961804625,1575961785
0x87ef67fa360c11dab4999bfb5154db2acd58702c7c6f5cd72e501c0bfb0ee455,1575961804625,1575961785
0x87ef67fa360c11dab4999bfb5154db2acd58702c7c6f5cd72e501c0bfb0ee455,1575961804625,1575961785
0x87ef67fa360c11dab4999bfb5154db2acd58702c7c6f5cd72e501c0bfb0ee455,1575961811977,1575961804
0x87ef67fa360c11dab4999bfb5154db2acd58702c7c6f5cd72e501c0bfb0ee455,1575961811978,1575961804
0x87ef67fa360c11dab4999bfb5154db2acd58702c7c6f5cd72e501c0bfb0ee455,1575961811979,1575961804
0x87ef67fa360c11dab4999bfb5154db2acd58702c7c6f5cd72e501c0bfb0ee455,1575961811979,1575961804
0x87ef67fa360c11dab4999bfb5154db2acd58702c7c6f5cd72e501c0bfb0ee455,1575961811979,1575961804
0x87ef67fa360c11dab4999bfb5154db2acd58702c7c6f5cd72e501c0bfb0ee455,1575961811980,1575961804
0x87ef67fa360c11dab4999bfb5154db2acd58702c7c6f5cd72e501c0bfb0ee455,1575961811980,1575961804
0x87ef67fa360c11dab4999bfb5154db2acd58702c7c6f5cd72e501c0bfb0ee455,1575961811980,1575961804
0x87ef67fa360c11dab4999bfb5154db2acd58702c7c6f5cd72e501c0bfb0ee455,1575961811981,1575961804
0x87ef67fa360c11dab4999bfb5154db2acd58702c7c6f5cd72e501c0bfb0ee455,1575961811981,1575961804
0x87ef67fa360c11dab4999bfb5154db2acd58702c7c6f5cd72e501c0bfb0ee455,1575961811981,1575961804
0x87ef67fa360c11dab4999bfb5154db2acd58702c7c6f5cd72e501c0bfb0ee455,1575961811982,1575961804
0x87ef67fa360c11dab4999bfb5154db2acd58702c7c6f5cd72e501c0bfb0ee455,1575961811982,1575961804
0x87ef67fa360c11dab4999bfb5154db2acd58702c7c6f5cd72e501c0bfb0ee455,1575961811982,1575961804
0x87ef67fa360c11dab4999bfb5154db2acd58702c7c6f5cd72e501c0bfb0ee455,1575961811982,1575961804
0x87ef67fa360c11dab4999bfb5154db2acd58702c7c6f5cd72e501c0bfb0ee455,1575961811983,1575961804
0x87ef67fa360c11dab4999bfb5154db2acd58702c7c6f5cd72e501c0bfb0ee455,1575961811983,1575961804
0x87ef67fa360c11dab4999bfb5154db2acd58702c7c6f5cd72e501c0bfb0ee455,1575961811984,1575961804
0x87ef67fa360c11dab4999bfb5154db2acd58702c7c6f5cd72e501c0bfb0ee455,1575961811984,1575961804
0x87ef67fa360c11dab4999bfb5154db2acd58702c7c6f5cd72e501c0bfb0ee455,1575961811984,1575961804
0x87ef67fa360c11dab4999bfb5154db2acd58702c7c6f5cd72e501c0bfb0ee455,1575961811984,1575961804
0x87ef67fa360c11dab4999bfb5154db2acd58702c7c6f5cd72e501c0bfb0ee455,1575961811985,1575961804
0x87ef67fa360c11dab4999bfb5154db2acd58702c7c6f5cd72e501c0bfb0ee455,1575961811985,1575961804
0x87ef67fa360c11dab4999bfb5154db2acd58702c7c6f5cd72e501c0bfb0ee455,1575961811985,1575961804
0x87ef67fa360c11dab4999bfb5154db2acd58702c7c6f5cd72e501c0bfb0ee455,1575961811985,1575961804
0x87ef67fa360c11dab4999bfb5154db2acd58702c7c6f5cd72e501c0bfb0ee455,1575961811986,1575961804
0x87ef67fa360c11dab4999bfb5154db2acd58702c7c6f5cd72e501c0bfb0ee455,1575961811986,1575961804
0x87ef67fa360c11dab4999bfb5154db2acd58702c7c6f5cd72e501c0bfb0ee455,1575961811986,1575961804
0x87ef67fa360c11dab4999bfb5154db2acd58702c7c6f5cd72e501c0bfb0ee455,1575961811987,1575961804
0x87ef67fa360c11dab4999bfb5154db2acd58702c7c6f5cd72e501c0bfb0ee455,1575961811988,1575961804
0x87ef67fa360c11dab4999bfb5154db2acd58702c7c6f5cd72e501c0bfb0ee455,1575961811989,1575961804
0x87ef67fa360c11dab4999bfb5154db2acd58702c7c6f5cd72e501c0bfb0ee455,1575961811989,1575961804
0x87ef67fa360c11dab4999bfb5154db2acd58702c7c6f5cd72e501c0bfb0ee455,1575961811991,1575961804
0x87ef67fa360c11dab4999bfb5154db2acd58702c7c6f5cd72e501c0bfb0ee455,1575961811991,1575961804
0x87ef67fa360c11dab4999bfb5154db2acd58702c7c6f5cd72e501c0bfb0ee455,1575961811991,1575961804
0x87ef67fa360c11dab4999bfb5154db2acd58702c7c6f5cd72e501c0bfb0ee455,1575961811992,1575961804
0x87ef67fa360c11dab4999bfb5154db2acd58702c7c6f5cd72e501c0bfb0ee455,1575961811992,1575961804
0x87ef67fa360c11dab4999bfb5154db2acd58702c7c6f5cd72e501c0bfb0ee455,1575961811993,1575961804
0x87ef67fa360c11dab4999bfb5154db2acd58702c7c6f5cd72e501c0bfb0ee455,1575961811993,1575961804
0x87ef67fa360c11dab4999bfb5154db2acd58702c7c6f5cd72e501c0bfb0ee455,1575961811994,1575961804
0x87ef67fa360c11dab4999bfb5154db2acd58702c7c6f5cd72e501c0bfb0ee455,1575961811994,1575961804
0x87ef67fa360c11dab4999bfb5154db2acd58702c7c6f5cd72e501c0bfb0ee455,1575961811994,1575961804
0x87ef67fa360c11dab4999bfb5154db2acd58702c7c6f5cd72e501c0bfb0ee455,1575961811995,1575961804
0x87ef67fa360c11dab4999bfb5154db2acd58702c7c6f5cd72e501c0bfb0ee455,1575961811995,1575961804
0x87ef67fa360c11dab4999bfb5154db2acd58702c7c6f5cd72e501c0bfb0ee455,1575961811996,1575961804
0x87ef67fa360c11dab4999bfb5154db2acd58702c7c6f5cd72e501c0bfb0ee455,1575961811996,1575961804
0x87ef67fa360c11dab4999bfb5154db2acd58702c7c6f5cd72e501c0bfb0ee455,1575961811996,1575961804
0x87ef67fa360c11dab4999bfb5154db2acd58702c7c6f5cd72e501c0bfb0ee455,1575961811997,1575961804
0x87ef67fa360c11dab4999bfb5154db2acd58702c7c6f5cd72e501c0bfb0ee455,1575961811997,1575961804
0x87ef67fa360c11dab4999bfb5154db2acd58702c7c6f5cd72e501c0bfb0ee455,1575961811998,1575961804
0x87ef67fa360c11dab4999bfb5154db2acd58702c7c6f5cd72e501c0bfb0ee455,1575961811998,1575961804
0x87ef67fa360c11dab4999bfb5154db2acd58702c7c6f5cd72e501c0bfb0ee455,1575961811999,1575961804
0x87ef67fa360c11dab4999bfb5154db2acd58702c7c6f5cd72e501c0bfb0ee455,1575961811999,1575961804
0x87ef67fa360c11dab4999bfb5154db2acd58702c7c6f5cd72e501c0bfb0ee455,1575961812000,1575961804
0x87ef67fa360c11dab4999bfb5154db2acd58702c7c6f5cd72e501c0bfb0ee455,1575961812000,1575961804
0x87ef67fa360c11dab4999bfb5154db2acd58702c7c6f5cd72e501c0bfb0ee455,1575961812000,1575961804
0x87ef67fa360c11dab4999bfb5154db2acd58702c7c6f5cd72e501c0bfb0ee455,1575961812001,1575961804
0x87ef67fa360c11dab4999bfb5154db2acd58702c7c6f5cd72e501c0bfb0ee455,1575961812001,1575961804
0x87ef67fa360c11dab4999bfb5154db2acd58702c7c6f5cd72e501c0bfb0ee455,1575961812001,1575961804
0x87ef67fa360c11dab4999bfb5154db2acd58702c7c6f5cd72e501c0bfb0ee455,1575961812002,1575961804
0x87ef67fa360c11dab4999bfb5154db2acd58702c7c6f5cd72e501c0bfb0ee455,1575961812002,1575961804
0x87ef67fa360c11dab4999bfb5154db2acd58702c7c6f5cd72e501c0bfb0ee455,1575961812002,1575961804
0x87ef67fa360c11dab4999bfb5154db2acd58702c7c6f5cd72e501c0bfb0ee455,1575961812002,1575961804
0x87ef67fa360c11dab4999bfb5154db2acd58702c7c6f5cd72e501c0bfb0ee455,1575961812003,1575961804
0x87ef67fa360c11dab4999bfb5154db2acd58702c7c6f5cd72e501c0bfb0ee455,1575961812004,1575961804
0x87ef67fa360c11dab4999bfb5154db2acd58702c7c6f5cd72e501c0bfb0ee455,1575961812004,1575961804
0x87ef67fa360c11dab4999bfb5154db2acd58702c7c6f5cd72e501c0bfb0ee455,1575961812004,1575961804
0x87ef67fa360c11dab4999bfb5154db2acd58702c7c6f5cd72e501c0bfb0ee455,1575961812005,1575961804
0x87ef67fa360c11dab4999bfb5154db2acd58702c7c6f5cd72e501c0bfb0ee455,1575961812005,1575961804
0x87ef67fa360c11dab4999bfb5154db2acd58702c7c6f5cd72e501c0bfb0ee455,1575961812005,1575961804
0x87ef67fa360c11dab4999bfb5154db2acd58702c7c6f5cd72e501c0bfb0ee455,1575961812005,1575961804
0x87ef67fa360c11dab4999bfb5154db2acd58702c7c6f5cd72e501c0bfb0ee455,1575961812006,1575961804
0x87ef67fa360c11dab4999bfb5154db2acd58702c7c6f5cd72e501c0bfb0ee455,1575961812006,1575961804
0x87ef67fa360c11dab4999bfb5154db2acd58702c7c6f5cd72e501c0bfb0ee455,1575961812006,1575961804
0x87ef67fa360c11dab4999bfb5154db2acd58702c7c6f5cd72e501c0bfb0ee455,1575961812007,1575961804
0x87ef67fa360c11dab4999bfb5154db2acd58702c7c6f5cd72e501c0bfb0ee455,1575961812007,1575961804
0x87ef67fa360c11dab4999bfb5154db2acd58702c7c6f5cd72e501c0bfb0ee455,1575961812007,1575961804
0x87ef67fa360c11dab4999bfb5154db2acd58702c7c6f5cd72e501c0bfb0ee455,1575961812008,1575961804
0x87ef67fa360c11dab4999bfb5154db2acd58702c7c6f5cd72e501c0bfb0ee455,1575961812008,1575961804
0x87ef67fa360c11dab4999bfb5154db2acd58702c7c6f5cd72e501c0bfb0ee455,1575961812009,1575961804
0x87ef67fa360c11dab4999bfb5154db2acd58702c7c6f5cd72e501c0bfb0ee455,1575961812009,1575961804
0x87ef67fa360c11dab4999bfb5154db2acd58702c7c6f5cd72e501c0bfb0ee455,1575961812009,1575961804
0x87ef67fa360c11dab4999bfb5154db2acd58702c7c6f5cd72e501c0bfb0ee455,1575961812010,1575961804
0x87ef67fa360c11dab4999bfb5154db2acd58702c7c6f5cd72e501c0bfb0ee455,1575961812010,1575961804
0x87ef67fa360c11dab4999bfb5154db2acd58702c7c6f5cd72e501c0bfb0ee455,1575961812010,1575961804
0x87ef67fa360c11dab4999bfb5154db2acd58702c7c6f5cd72e501c0bfb0ee455,1575961812011,1575961804
0x87ef67fa360c11dab4999bfb5154db2acd58702c7c6f5cd72e501c0bfb0ee455,1575961812011,1575961804
0x87ef67fa360c11dab4999bfb5154db2acd58702c7c6f5cd72e501c0bfb0ee455,1575961812011,1575961804
0x87ef67fa360c11dab4999bfb5154db2acd58702c7c6f5cd72e501c0bfb0ee455,1575961812012,1575961804
0x87ef67fa360c11dab4999bfb5154db2acd58702c7c6f5cd72e501c0bfb0ee455,1575961812012,1575961804
0x87ef67fa360c11dab4999bfb5154db2acd58702c7c6f5cd72e501c0bfb0ee455,1575961812012,1575961804
0x87ef67fa360c11dab4999bfb5154db2acd58702c7c6f5cd72e501c0bfb0ee455,1575961812013,1575961804
0x87ef67fa360c11dab4999bfb5154db2acd58702c7c6f5cd72e501c0bfb0ee455,1575961812013,1575961804
0x87ef67fa360c11dab4999bfb5154db2acd58702c7c6f5cd72e501c0bfb0ee455,1575961812013,1575961804
0x87ef67fa360c11dab4999bfb5154db2acd58702c7c6f5cd72e501c0bfb0ee455,1575961812014,1575961804
0x87ef67fa360c11dab4999bfb5154db2acd58702c7c6f5cd72e501c0bfb0ee455,1575961812014,1575961804
0x87ef67fa360c11dab4999bfb5154db2acd58702c7c6f5cd72e501c0bfb0ee455,1575961812014,1575961804
0x87ef67fa360c11dab4999bfb5154db2acd58702c7c6f5cd72e501c0bfb0ee455,1575961812015,1575961804
0x87ef67fa360c11dab4999bfb5154db2acd58702c7c6f5cd72e501c0bfb0ee455,1575961812015,1575961804
0x87ef67fa360c11dab4999bfb5154db2acd58702c7c6f5cd72e501c0bfb0ee455,1575961812015,1575961804
0x87ef67fa360c11dab4999bfb5154db2acd58702c7c6f5cd72e501c0bfb0ee455,1575961812016,1575961804
0x87ef67fa360c11dab4999bfb5154db2acd58702c7c6f5cd72e501c0bfb0ee455,1575961812016,1575961804
0x87ef67fa360c11dab4999bfb5154db2acd58702c7c6f5cd72e501c0bfb0ee455,1575961812016,1575961804
0x87ef67fa360c11dab4999bfb5154db2acd58702c7c6f5cd72e501c0bfb0ee455,1575961812017,1575961804
0x87ef67fa360c11dab4999bfb5154db2acd58702c7c6f5cd72e501c0bfb0ee455,1575961812017,1575961804
0x87ef67fa360c11dab4999bfb5154db2acd58702c7c6f5cd72e501c0bfb0ee455,1575961812017,1575961804
0x87ef67fa360c11dab4999bfb5154db2acd58702c7c6f5cd72e501c0bfb0ee455,1575961812018,1575961804
0x87ef67fa360c11dab4999bfb5154db2acd58702c7c6f5cd72e501c0bfb0ee455,1575961812018,1575961804
0x87ef67fa360c11dab4999bfb5154db2acd58702c7c6f5cd72e501c0bfb0ee455,1575961812018,1575961804
0x87ef67fa360c11dab4999bfb5154db2acd58702c7c6f5cd72e501c0bfb0ee455,1575961812019,1575961804
0x87ef67fa360c11dab4999bfb5154db2acd58702c7c6f5cd72e501c0bfb0ee455,1575961812019,1575961804
0x87ef67fa360c11dab4999bfb5154db2acd58702c7c6f5cd72e501c0bfb0ee455,1575961812020,1575961804
0x87ef67fa360c11dab4999bfb5154db2acd58702c7c6f5cd72e501c0bfb0ee455,1575961812020,1575961804
0x87ef67fa360c11dab4999bfb5154db2acd58702c7c6f5cd72e501c0bfb0ee455,1575961812020,1575961804
0x87ef67fa360c11dab4999bfb5154db2acd58702c7c6f5cd72e501c0bfb0ee455,1575961812021,1575961804
0x87ef67fa360c11dab4999bfb5154db2acd58702c7c6f5cd72e501c0bfb0ee455,1575961812021,1575961804
0x87ef67fa360c11dab4999bfb5154db2acd58702c7c6f5cd72e501c0bfb0ee455,1575961812022,1575961804
0x87ef67fa360c11dab4999bfb5154db2acd58702c7c6f5cd72e501c0bfb0ee455,1575961812022,1575961804
0x87ef67fa360c11dab4999bfb5154db2acd58702c7c6f5cd72e501c0bfb0ee455,1575961812022,1575961804
0x87ef67fa360c11dab4999bfb5154db2acd58702c7c6f5cd72e501c0bfb0ee455,1575961812023,1575961804
0x87ef67fa360c11dab4999bfb5154db2acd58702c7c6f5cd72e501c0bfb0ee455,1575961812023,1575961804
0x87ef67fa360c11dab4999bfb5154db2acd58702c7c6f5cd72e501c0bfb0ee455,1575961812023,1575961804
0x87ef67fa360c11dab4999bfb5154db2acd58702c7c6f5cd72e501c0bfb0ee455,1575961812023,1575961804
0x87ef67fa360c11dab4999bfb5154db2acd58702c7c6f5cd72e501c0bfb0ee455,1575961812024,1575961804
0x87ef67fa360c11dab4999bfb5154db2acd58702c7c6f5cd72e501c0bfb0ee455,1575961812024,1575961804
0x87ef67fa360c11dab4999bfb5154db2acd58702c7c6f5cd72e501c0bfb0ee455,1575961812025,1575961804
0x87ef67fa360c11dab4999bfb5154db2acd58702c7c6f5cd72e501c0bfb0ee455,1575961812025,1575961804
0x87ef67fa360c11dab4999bfb5154db2acd58702c7c6f5cd72e501c0bfb0ee455,1575961812025,1575961804
0x87ef67fa360c11dab4999bfb5154db2acd58702c7c6f5cd72e501c0bfb0ee455,1575961812025,1575961804
0x87ef67fa360c11dab4999bfb5154db2acd58702c7c6f5cd72e501c0bfb0ee455,1575961812026,1575961804
0x87ef67fa360c11dab4999bfb5154db2acd58702c7c6f5cd72e501c0bfb0ee455,1575961812026,1575961804
0x87ef67fa360c11dab4999bfb5154db2acd58702c7c6f5cd72e501c0bfb0ee455,1575961812026,1575961804
0x87ef67fa360c11dab4999bfb5154db2acd58702c7c6f5cd72e501c0bfb0ee455,1575961812027,1575961804
0x87ef67fa360c11dab4999bfb5154db2acd58702c7c6f5cd72e501c0bfb0ee455,1575961812027,1575961804
0x87ef67fa360c11dab4999bfb5154db2acd58702c7c6f5cd72e501c0bfb0ee455,1575961812027,1575961804
0x87ef67fa360c11dab4999bfb5154db2acd58702c7c6f5cd72e501c0bfb0ee455,1575961812028,1575961804
0x87ef67fa360c11dab4999bfb5154db2acd58702c7c6f5cd72e501c0bfb0ee455,1575961812028,1575961804
0x87ef67fa360c11dab4999bfb5154db2acd58702c7c6f5cd72e501c0bfb0ee455,1575961812028,1575961804
0x87ef67fa360c11dab4999bfb5154db2acd58702c7c6f5cd72e501c0bfb0ee455,1575961812028,1575961804
0x87ef67fa360c11dab4999bfb5154db2acd58702c7c6f5cd72e501c0bfb0ee455,1575961812029,1575961804
0x87ef67fa360c11dab4999bfb5154db2acd58702c7c6f5cd72e501c0bfb0ee455,1575961812029,1575961804
0x87ef67fa360c11dab4999bfb5154db2acd58702c7c6f5cd72e501c0bfb0ee455,1575961812030,1575961804
0x87ef67fa360c11dab4999bfb5154db2acd58702c7c6f5cd72e501c0bfb0ee455,1575961812030,1575961804
0x87ef67fa360c11dab4999bfb5154db2acd58702c7c6f5cd72e501c0bfb0ee455,1575961812030,1575961804
0x87ef67fa360c11dab4999bfb5154db2acd58702c7c6f5cd72e501c0bfb0ee455,1575961812031,1575961804
0x87ef67fa360c11dab4999bfb5154db2acd58702c7c6f5cd72e501c0bfb0ee455,1575961812031,1575961804
0x87ef67fa360c11dab4999bfb5154db2acd58702c7c6f5cd72e501c0bfb0ee455,1575961812031,1575961804
0x87ef67fa360c11dab4999bfb5154db2acd58702c7c6f5cd72e501c0bfb0ee455,1575961812031,1575961804
0x87ef67fa360c11dab4999bfb5154db2acd58702c7c6f5cd72e501c0bfb0ee455,1575961812032,1575961804
0x87ef67fa360c11dab4999bfb5154db2acd58702c7c6f5cd72e501c0bfb0ee455,1575961812032,1575961804
0x87ef67fa360c11dab4999bfb5154db2acd58702c7c6f5cd72e501c0bfb0ee455,1575961812032,1575961804
0x87ef67fa360c11dab4999bfb5154db2acd58702c7c6f5cd72e501c0bfb0ee455,1575961812033,1575961804
0x87ef67fa360c11dab4999bfb5154db2acd58702c7c6f5cd72e501c0bfb0ee455,1575961812033,1575961804
0x87ef67fa360c11dab4999bfb5154db2acd58702c7c6f5cd72e501c0bfb0ee455,1575961812033,1575961804
0x87ef67fa360c11dab4999bfb5154db2acd58702c7c6f5cd72e501c0bfb0ee455,1575961812033,1575961804
0x87ef67fa360c11dab4999bfb5154db2acd58702c7c6f5cd72e501c0bfb0ee455,1575961812034,1575961804
0x87ef67fa360c11dab4999bfb5154db2acd58702c7c6f5cd72e501c0bfb0ee455,1575961812034,1575961804
0x87ef67fa360c11dab4999bfb5154db2acd58702c7c6f5cd72e501c0bfb0ee455,1575961812035,1575961804
0x87ef67fa360c11dab4999bfb5154db2acd58702c7c6f5cd72e501c0bfb0ee455,1575961812035,1575961804
0x87ef67fa360c11dab4999bfb5154db2acd58702c7c6f5cd72e501c0bfb0ee455,1575961812035,1575961804
0x87ef67fa360c11dab4999bfb5154db2acd58702c7c6f5cd72e501c0bfb0ee455,1575961812035,1575961804
0x87ef67fa360c11dab4999bfb5154db2acd58702c7c6f5cd72e501c0bfb0ee455,1575961812036,1575961804
0x87ef67fa360c11dab4999bfb5154db2acd58702c7c6f5cd72e501c0bfb0ee455,1575961812036,1575961804
0x87ef67fa360c11dab4999bfb5154db2acd58702c7c6f5cd72e501c0bfb0ee455,1575961812036,1575961804
0x87ef67fa360c11dab4999bfb5154db2acd58702c7c6f5cd72e501c0bfb0ee455,1575961812037,1575961804
0x87ef67fa360c11dab4999bfb5154db2acd58702c7c6f5cd72e501c0bfb0ee455,1575961812037,1575961804
0x87ef67fa360c11dab4999bfb5154db2acd58702c7c6f5cd72e501c0bfb0ee455,1575961812037,1575961804
0x87ef67fa360c11dab4999bfb5154db2acd58702c7c6f5cd72e501c0bfb0ee455,1575961812038,1575961804
0x87ef67fa360c11dab4999bfb5154db2acd58702c7c6f5cd72e501c0bfb0ee455,1575961812038,1575961804
0x87ef67fa360c11dab4999bfb5154db2acd58702c7c6f5cd72e501c0bfb0ee455,1575961812038,1575961804
0x87ef67fa360c11dab4999bfb5154db2acd58702c7c6f5cd72e501c0bfb0ee455,1575961812038,1575961804
0x87ef67fa360c11dab4999bfb5154db2acd58702c7c6f5cd72e501c0bfb0ee455,1575961812039,1575961804
0x87ef67fa360c11dab4999bfb5154db2acd58702c7c6f5cd72e501c0bfb0ee455,1575961812039,1575961804
0x87ef67fa360c11dab4999bfb5154db2acd58702c7c6f5cd72e501c0bfb0ee455,1575961812039,1575961804
0x87ef67fa360c11dab4999bfb5154db2acd58702c7c6f5cd72e501c0bfb0ee455,1575961812040,1575961804
0x87ef67fa360c11dab4999bfb5154db2acd58702c7c6f5cd72e501c0bfb0ee455,1575961812040,1575961804
0x87ef67fa360c11dab4999bfb5154db2acd58702c7c6f5cd72e501c0bfb0ee455,1575961815130,1575961811
0x87ef67fa360c11dab4999bfb5154db2acd58702c7c6f5cd72e501c0bfb0ee455,1575961815130,1575961811
0x87ef67fa360c11dab4999bfb5154db2acd58702c7c6f5cd72e501c0bfb0ee455,1575961815130,1575961811
0x87ef67fa360c11dab4999bfb5154db2acd58702c7c6f5cd72e501c0bfb0ee455,1575961815131,1575961811
0x87ef67fa360c11dab4999bfb5154db2acd58702c7c6f5cd72e501c0bfb0ee455,1575961815131,1575961811
0x87ef67fa360c11dab4999bfb5154db2acd58702c7c6f5cd72e501c0bfb0ee455,1575961815131,1575961811
0x87ef67fa360c11dab4999bfb5154db2acd58702c7c6f5cd72e501c0bfb0ee455,1575961815131,1575961811
0x87ef67fa360c11dab4999bfb5154db2acd58702c7c6f5cd72e501c0bfb0ee455,1575961815132,1575961811
0x87ef67fa360c11dab4999bfb5154db2acd58702c7c6f5cd72e501c0bfb0ee455,1575961815132,1575961811
0x87ef67fa360c11dab4999bfb5154db2acd58702c7c6f5cd72e501c0bfb0ee455,1575961815132,1575961811
0x87ef67fa360c11dab4999bfb5154db2acd58702c7c6f5cd72e501c0bfb0ee455,1575961815133,1575961811
0x87ef67fa360c11dab4999bfb5154db2acd58702c7c6f5cd72e501c0bfb0ee455,1575961815133,1575961811
0x87ef67fa360c11dab4999bfb5154db2acd58702c7c6f5cd72e501c0bfb0ee455,1575961815133,1575961811
0x87ef67fa360c11dab4999bfb5154db2acd58702c7c6f5cd72e501c0bfb0ee455,1575961815133,1575961811
0x87ef67fa360c11dab4999bfb5154db2acd58702c7c6f5cd72e501c0bfb0ee455,1575961815133,1575961811
0x87ef67fa360c11dab4999bfb5154db2acd58702c7c6f5cd72e501c0bfb0ee455,1575961815134,1575961811
0x87ef67fa360c11dab4999bfb5154db2acd58702c7c6f5cd72e501c0bfb0ee455,1575961815134,1575961811
0x87ef67fa360c11dab4999bfb5154db2acd58702c7c6f5cd72e501c0bfb0ee455,1575961815134,1575961811
0x87ef67fa360c11dab4999bfb5154db2acd58702c7c6f5cd72e501c0bfb0ee455,1575961815134,1575961811
0x87ef67fa360c11dab4999bfb5154db2acd58702c7c6f5cd72e501c0bfb0ee455,1575961815136,1575961811
0x87ef67fa360c11dab4999bfb5154db2acd58702c7c6f5cd72e501c0bfb0ee455,1575961815136,1575961811
0x87ef67fa360c11dab4999bfb5154db2acd58702c7c6f5cd72e501c0bfb0ee455,1575961815136,1575961811
0x87ef67fa360c11dab4999bfb5154db2acd58702c7c6f5cd72e501c0bfb0ee455,1575961815137,1575961811
0x87ef67fa360c11dab4999bfb5154db2acd58702c7c6f5cd72e501c0bfb0ee455,1575961815137,1575961811
0x87ef67fa360c11dab4999bfb5154db2acd58702c7c6f5cd72e501c0bfb0ee455,1575961815137,1575961811
0x87ef67fa360c11dab4999bfb5154db2acd58702c7c6f5cd72e501c0bfb0ee455,1575961815137,1575961811
0x87ef67fa360c11dab4999bfb5154db2acd58702c7c6f5cd72e501c0bfb0ee455,1575961815138,1575961811
0x87ef67fa360c11dab4999bfb5154db2acd58702c7c6f5cd72e501c0bfb0ee455,1575961815139,1575961811
0x87ef67fa360c11dab4999bfb5154db2acd58702c7c6f5cd72e501c0bfb0ee455,1575961815139,1575961811
0x87ef67fa360c11dab4999bfb5154db2acd58702c7c6f5cd72e501c0bfb0ee455,1575961815140,1575961811
0x87ef67fa360c11dab4999bfb5154db2acd58702c7c6f5cd72e501c0bfb0ee455,1575961815140,1575961811
0x87ef67fa360c11dab4999bfb5154db2acd58702c7c6f5cd72e501c0bfb0ee455,1575961815140,1575961811
0x87ef67fa360c11dab4999bfb5154db2acd58702c7c6f5cd72e501c0bfb0ee455,1575961815140,1575961811
0x87ef67fa360c11dab4999bfb5154db2acd58702c7c6f5cd72e501c0bfb0ee455,1575961815141,1575961811
0x87ef67fa360c11dab4999bfb5154db2acd58702c7c6f5cd72e501c0bfb0ee455,1575961815141,1575961811
0x87ef67fa360c11dab4999bfb5154db2acd58702c7c6f5cd72e501c0bfb0ee455,1575961815141,1575961811
0x87ef67fa360c11dab4999bfb5154db2acd58702c7c6f5cd72e501c0bfb0ee455,1575961815141,1575961811
0x87ef67fa360c11dab4999bfb5154db2acd58702c7c6f5cd72e501c0bfb0ee455,1575961815142,1575961811
0x87ef67fa360c11dab4999bfb5154db2acd58702c7c6f5cd72e501c0bfb0ee455,1575961815142,1575961811
0x87ef67fa360c11dab4999bfb5154db2acd58702c7c6f5cd72e501c0bfb0ee455,1575961815142,1575961811
0x87ef67fa360c11dab4999bfb5154db2acd58702c7c6f5cd72e501c0bfb0ee455,1575961815143,1575961811
0x87ef67fa360c11dab4999bfb5154db2acd58702c7c6f5cd72e501c0bfb0ee455,1575961815143,1575961811
0x87ef67fa360c11dab4999bfb5154db2acd58702c7c6f5cd72e501c0bfb0ee455,1575961815143,1575961811
0x87ef67fa360c11dab4999bfb5154db2acd58702c7c6f5cd72e501c0bfb0ee455,1575961815144,1575961811
0x87ef67fa360c11dab4999bfb5154db2acd58702c7c6f5cd72e501c0bfb0ee455,1575961815144,1575961811
0x87ef67fa360c11dab4999bfb5154db2acd58702c7c6f5cd72e501c0bfb0ee455,1575961815144,1575961811
0x87ef67fa360c11dab4999bfb5154db2acd58702c7c6f5cd72e501c0bfb0ee455,1575961815144,1575961811
0x87ef67fa360c11dab4999bfb5154db2acd58702c7c6f5cd72e501c0bfb0ee455,1575961815144,1575961811
0x87ef67fa360c11dab4999bfb5154db2acd58702c7c6f5cd72e501c0bfb0ee455,1575961815145,1575961811
0x87ef67fa360c11dab4999bfb5154db2acd58702c7c6f5cd72e501c0bfb0ee455,1575961815145,1575961811
0x87ef67fa360c11dab4999bfb5154db2acd58702c7c6f5cd72e501c0bfb0ee455,1575961815145,1575961811
0x87ef67fa360c11dab4999bfb5154db2acd58702c7c6f5cd72e501c0bfb0ee455,1575961815145,1575961811
0x87ef67fa360c11dab4999bfb5154db2acd58702c7c6f5cd72e501c0bfb0ee455,1575961815146,1575961811
0x87ef67fa360c11dab4999bfb5154db2acd58702c7c6f5cd72e501c0bfb0ee455,1575961815146,1575961811
0x87ef67fa360c11dab4999bfb5154db2acd58702c7c6f5cd72e501c0bfb0ee455,1575961815146,1575961811
0x87ef67fa360c11dab4999bfb5154db2acd58702c7c6f5cd72e501c0bfb0ee455,1575961815146,1575961811
0x87ef67fa360c11dab4999bfb5154db2acd58702c7c6f5cd72e501c0bfb0ee455,1575961815147,1575961811
0x87ef67fa360c11dab4999bfb5154db2acd58702c7c6f5cd72e501c0bfb0ee455,1575961815147,1575961811
0x87ef67fa360c11dab4999bfb5154db2acd58702c7c6f5cd72e501c0bfb0ee455,1575961815147,1575961811
0x87ef67fa360c11dab4999bfb5154db2acd58702c7c6f5cd72e501c0bfb0ee455,1575961815147,1575961811
0x87ef67fa360c11dab4999bfb5154db2acd58702c7c6f5cd72e501c0bfb0ee455,1575961815148,1575961811
0x87ef67fa360c11dab4999bfb5154db2acd58702c7c6f5cd72e501c0bfb0ee455,1575961815148,1575961811
0x87ef67fa360c11dab4999bfb5154db2acd58702c7c6f5cd72e501c0bfb0ee455,1575961815148,1575961811
0x87ef67fa360c11dab4999bfb5154db2acd58702c7c6f5cd72e501c0bfb0ee455,1575961815148,1575961811
0x87ef67fa360c11dab4999bfb5154db2acd58702c7c6f5cd72e501c0bfb0ee455,1575961815148,1575961811
0x87ef67fa360c11dab4999bfb5154db2acd58702c7c6f5cd72e501c0bfb0ee455,1575961815149,1575961811
0x87ef67fa360c11dab4999bfb5154db2acd58702c7c6f5cd72e501c0bfb0ee455,1575961815149,1575961811
0x87ef67fa360c11dab4999bfb5154db2acd58702c7c6f5cd72e501c0bfb0ee455,1575961815149,1575961811
0x87ef67fa360c11dab4999bfb5154db2acd58702c7c6f5cd72e501c0bfb0ee455,1575961815149,1575961811
0x87ef67fa360c11dab4999bfb5154db2acd58702c7c6f5cd72e501c0bfb0ee455,1575961815149,1575961811
0x87ef67fa360c11dab4999bfb5154db2acd58702c7c6f5cd72e501c0bfb0ee455,1575961815150,1575961811
0x87ef67fa360c11dab4999bfb5154db2acd58702c7c6f5cd72e501c0bfb0ee455,1575961815150,1575961811
0x87ef67fa360c11dab4999bfb5154db2acd58702c7c6f5cd72e501c0bfb0ee455,1575961815150,1575961811
0x87ef67fa360c11dab4999bfb5154db2acd58702c7c6f5cd72e501c0bfb0ee455,1575961815151,1575961811
0x87ef67fa360c11dab4999bfb5154db2acd58702c7c6f5cd72e501c0bfb0ee455,1575961815151,1575961811
0x87ef67fa360c11dab4999bfb5154db2acd58702c7c6f5cd72e501c0bfb0ee455,1575961815151,1575961811
0x87ef67fa360c11dab4999bfb5154db2acd58702c7c6f5cd72e501c0bfb0ee455,1575961815151,1575961811
0x87ef67fa360c11dab4999bfb5154db2acd58702c7c6f5cd72e501c0bfb0ee455,1575961815151,1575961811
0x87ef67fa360c11dab4999bfb5154db2acd58702c7c6f5cd72e501c0bfb0ee455,1575961815152,1575961811
0x87ef67fa360c11dab4999bfb5154db2acd58702c7c6f5cd72e501c0bfb0ee455,1575961815152,1575961811
0x87ef67fa360c11dab4999bfb5154db2acd58702c7c6f5cd72e501c0bfb0ee455,1575961815152,1575961811
0x87ef67fa360c11dab4999bfb5154db2acd58702c7c6f5cd72e501c0bfb0ee455,1575961815152,1575961811
0x87ef67fa360c11dab4999bfb5154db2acd58702c7c6f5cd72e501c0bfb0ee455,1575961815152,1575961811
0x87ef67fa360c11dab4999bfb5154db2acd58702c7c6f5cd72e501c0bfb0ee455,1575961815153,1575961811
0x87ef67fa360c11dab4999bfb5154db2acd58702c7c6f5cd72e501c0bfb0ee455,1575961815153,1575961811
0x87ef67fa360c11dab4999bfb5154db2acd58702c7c6f5cd72e501c0bfb0ee455,1575961815153,1575961811
0x87ef67fa360c11dab4999bfb5154db2acd58702c7c6f5cd72e501c0bfb0ee455,1575961815153,1575961811
0x87ef67fa360c11dab4999bfb5154db2acd58702c7c6f5cd72e501c0bfb0ee455,1575961815154,1575961811
0x87ef67fa360c11dab4999bfb5154db2acd58702c7c6f5cd72e501c0bfb0ee455,1575961815154,1575961811
0x87ef67fa360c11dab4999bfb5154db2acd58702c7c6f5cd72e501c0bfb0ee455,1575961815154,1575961811
0x87ef67fa360c11dab4999bfb5154db2acd58702c7c6f5cd72e501c0bfb0ee455,1575961815154,1575961811
0x87ef67fa360c11dab4999bfb5154db2acd58702c7c6f5cd72e501c0bfb0ee455,1575961815155,1575961811
0x87ef67fa360c11dab4999bfb5154db2acd58702c7c6f5cd72e501c0bfb0ee455,1575961815155,1575961811
0x87ef67fa360c11dab4999bfb5154db2acd58702c7c6f5cd72e501c0bfb0ee455,1575961815155,1575961811
0x87ef67fa360c11dab4999bfb5154db2acd58702c7c6f5cd72e501c0bfb0ee455,1575961815155,1575961811
0x87ef67fa360c11dab4999bfb5154db2acd58702c7c6f5cd72e501c0bfb0ee455,1575961815156,1575961811
0x87ef67fa360c11dab4999bfb5154db2acd58702c7c6f5cd72e501c0bfb0ee455,1575961815156,1575961811
0x87ef67fa360c11dab4999bfb5154db2acd58702c7c6f5cd72e501c0bfb0ee455,1575961815156,1575961811
0x87ef67fa360c11dab4999bfb5154db2acd58702c7c6f5cd72e501c0bfb0ee455,1575961815156,1575961811
0x87ef67fa360c11dab4999bfb5154db2acd58702c7c6f5cd72e501c0bfb0ee455,1575961815157,1575961811
0x87ef67fa360c11dab4999bfb5154db2acd58702c7c6f5cd72e501c0bfb0ee455,1575961815158,1575961811
0x87ef67fa360c11dab4999bfb5154db2acd58702c7c6f5cd72e501c0bfb0ee455,1575961815158,1575961811
0x87ef67fa360c11dab4999bfb5154db2acd58702c7c6f5cd72e501c0bfb0ee455,1575961815158,1575961811
0x87ef67fa360c11dab4999bfb5154db2acd58702c7c6f5cd72e501c0bfb0ee455,1575961815159,1575961811
