0x977944aa1ccbd7c810a8ecf8cf98c49c933248fc429338b820dfb3f4bc7ec6d1,1575893603703,1575893587
0x977944aa1ccbd7c810a8ecf8cf98c49c933248fc429338b820dfb3f4bc7ec6d1,1575893603703,1575893587
0x977944aa1ccbd7c810a8ecf8cf98c49c933248fc429338b820dfb3f4bc7ec6d1,1575893603704,1575893587
0x977944aa1ccbd7c810a8ecf8cf98c49c933248fc429338b820dfb3f4bc7ec6d1,1575893603704,1575893587
0x977944aa1ccbd7c810a8ecf8cf98c49c933248fc429338b820dfb3f4bc7ec6d1,1575893603705,1575893587
0x977944aa1ccbd7c810a8ecf8cf98c49c933248fc429338b820dfb3f4bc7ec6d1,1575893603705,1575893587
0x977944aa1ccbd7c810a8ecf8cf98c49c933248fc429338b820dfb3f4bc7ec6d1,1575893603706,1575893587
0x977944aa1ccbd7c810a8ecf8cf98c49c933248fc429338b820dfb3f4bc7ec6d1,1575893603706,1575893587
0x977944aa1ccbd7c810a8ecf8cf98c49c933248fc429338b820dfb3f4bc7ec6d1,1575893603706,1575893587
0x977944aa1ccbd7c810a8ecf8cf98c49c933248fc429338b820dfb3f4bc7ec6d1,1575893603707,1575893587
0x977944aa1ccbd7c810a8ecf8cf98c49c933248fc429338b820dfb3f4bc7ec6d1,1575893603707,1575893587
0x977944aa1ccbd7c810a8ecf8cf98c49c933248fc429338b820dfb3f4bc7ec6d1,1575893603707,1575893587
0x977944aa1ccbd7c810a8ecf8cf98c49c933248fc429338b820dfb3f4bc7ec6d1,1575893603707,1575893587
0x977944aa1ccbd7c810a8ecf8cf98c49c933248fc429338b820dfb3f4bc7ec6d1,1575893603708,1575893587
0x977944aa1ccbd7c810a8ecf8cf98c49c933248fc429338b820dfb3f4bc7ec6d1,1575893603708,1575893587
0x977944aa1ccbd7c810a8ecf8cf98c49c933248fc429338b820dfb3f4bc7ec6d1,1575893603709,1575893587
0x977944aa1ccbd7c810a8ecf8cf98c49c933248fc429338b820dfb3f4bc7ec6d1,1575893603709,1575893587
0x977944aa1ccbd7c810a8ecf8cf98c49c933248fc429338b820dfb3f4bc7ec6d1,1575893603709,1575893587
0x977944aa1ccbd7c810a8ecf8cf98c49c933248fc429338b820dfb3f4bc7ec6d1,1575893603710,1575893587
0x977944aa1ccbd7c810a8ecf8cf98c49c933248fc429338b820dfb3f4bc7ec6d1,1575893603710,1575893587
0x977944aa1ccbd7c810a8ecf8cf98c49c933248fc429338b820dfb3f4bc7ec6d1,1575893603710,1575893587
0x977944aa1ccbd7c810a8ecf8cf98c49c933248fc429338b820dfb3f4bc7ec6d1,1575893603711,1575893587
0x977944aa1ccbd7c810a8ecf8cf98c49c933248fc429338b820dfb3f4bc7ec6d1,1575893603711,1575893587
0x977944aa1ccbd7c810a8ecf8cf98c49c933248fc429338b820dfb3f4bc7ec6d1,1575893603711,1575893587
0x977944aa1ccbd7c810a8ecf8cf98c49c933248fc429338b820dfb3f4bc7ec6d1,1575893603711,1575893587
0x977944aa1ccbd7c810a8ecf8cf98c49c933248fc429338b820dfb3f4bc7ec6d1,1575893603712,1575893587
0x977944aa1ccbd7c810a8ecf8cf98c49c933248fc429338b820dfb3f4bc7ec6d1,1575893603712,1575893587
0x977944aa1ccbd7c810a8ecf8cf98c49c933248fc429338b820dfb3f4bc7ec6d1,1575893603712,1575893587
0x977944aa1ccbd7c810a8ecf8cf98c49c933248fc429338b820dfb3f4bc7ec6d1,1575893603713,1575893587
0x977944aa1ccbd7c810a8ecf8cf98c49c933248fc429338b820dfb3f4bc7ec6d1,1575893603713,1575893587
0x977944aa1ccbd7c810a8ecf8cf98c49c933248fc429338b820dfb3f4bc7ec6d1,1575893603714,1575893587
0x977944aa1ccbd7c810a8ecf8cf98c49c933248fc429338b820dfb3f4bc7ec6d1,1575893603714,1575893587
0x977944aa1ccbd7c810a8ecf8cf98c49c933248fc429338b820dfb3f4bc7ec6d1,1575893603715,1575893587
0x977944aa1ccbd7c810a8ecf8cf98c49c933248fc429338b820dfb3f4bc7ec6d1,1575893603715,1575893587
0x977944aa1ccbd7c810a8ecf8cf98c49c933248fc429338b820dfb3f4bc7ec6d1,1575893603715,1575893587
0x977944aa1ccbd7c810a8ecf8cf98c49c933248fc429338b820dfb3f4bc7ec6d1,1575893603715,1575893587
0x977944aa1ccbd7c810a8ecf8cf98c49c933248fc429338b820dfb3f4bc7ec6d1,1575893603716,1575893587
0x977944aa1ccbd7c810a8ecf8cf98c49c933248fc429338b820dfb3f4bc7ec6d1,1575893603716,1575893587
0x977944aa1ccbd7c810a8ecf8cf98c49c933248fc429338b820dfb3f4bc7ec6d1,1575893603716,1575893587
0x977944aa1ccbd7c810a8ecf8cf98c49c933248fc429338b820dfb3f4bc7ec6d1,1575893603717,1575893587
0x977944aa1ccbd7c810a8ecf8cf98c49c933248fc429338b820dfb3f4bc7ec6d1,1575893603717,1575893587
0x977944aa1ccbd7c810a8ecf8cf98c49c933248fc429338b820dfb3f4bc7ec6d1,1575893603717,1575893587
0x977944aa1ccbd7c810a8ecf8cf98c49c933248fc429338b820dfb3f4bc7ec6d1,1575893603718,1575893587
0x977944aa1ccbd7c810a8ecf8cf98c49c933248fc429338b820dfb3f4bc7ec6d1,1575893603718,1575893587
0x977944aa1ccbd7c810a8ecf8cf98c49c933248fc429338b820dfb3f4bc7ec6d1,1575893603718,1575893587
0x977944aa1ccbd7c810a8ecf8cf98c49c933248fc429338b820dfb3f4bc7ec6d1,1575893603719,1575893587
0x977944aa1ccbd7c810a8ecf8cf98c49c933248fc429338b820dfb3f4bc7ec6d1,1575893603719,1575893587
0x977944aa1ccbd7c810a8ecf8cf98c49c933248fc429338b820dfb3f4bc7ec6d1,1575893603719,1575893587
0x977944aa1ccbd7c810a8ecf8cf98c49c933248fc429338b820dfb3f4bc7ec6d1,1575893603720,1575893587
0x977944aa1ccbd7c810a8ecf8cf98c49c933248fc429338b820dfb3f4bc7ec6d1,1575893603720,1575893587
0x977944aa1ccbd7c810a8ecf8cf98c49c933248fc429338b820dfb3f4bc7ec6d1,1575893603720,1575893587
0x977944aa1ccbd7c810a8ecf8cf98c49c933248fc429338b820dfb3f4bc7ec6d1,1575893603720,1575893587
0x977944aa1ccbd7c810a8ecf8cf98c49c933248fc429338b820dfb3f4bc7ec6d1,1575893603721,1575893587
0x977944aa1ccbd7c810a8ecf8cf98c49c933248fc429338b820dfb3f4bc7ec6d1,1575893603721,1575893587
0x977944aa1ccbd7c810a8ecf8cf98c49c933248fc429338b820dfb3f4bc7ec6d1,1575893603721,1575893587
0x977944aa1ccbd7c810a8ecf8cf98c49c933248fc429338b820dfb3f4bc7ec6d1,1575893603722,1575893587
0x977944aa1ccbd7c810a8ecf8cf98c49c933248fc429338b820dfb3f4bc7ec6d1,1575893603722,1575893587
0x977944aa1ccbd7c810a8ecf8cf98c49c933248fc429338b820dfb3f4bc7ec6d1,1575893603722,1575893587
0x977944aa1ccbd7c810a8ecf8cf98c49c933248fc429338b820dfb3f4bc7ec6d1,1575893603723,1575893587
0x977944aa1ccbd7c810a8ecf8cf98c49c933248fc429338b820dfb3f4bc7ec6d1,1575893603723,1575893587
0x977944aa1ccbd7c810a8ecf8cf98c49c933248fc429338b820dfb3f4bc7ec6d1,1575893603723,1575893587
0x977944aa1ccbd7c810a8ecf8cf98c49c933248fc429338b820dfb3f4bc7ec6d1,1575893603724,1575893587
0x977944aa1ccbd7c810a8ecf8cf98c49c933248fc429338b820dfb3f4bc7ec6d1,1575893603724,1575893587
0x977944aa1ccbd7c810a8ecf8cf98c49c933248fc429338b820dfb3f4bc7ec6d1,1575893603724,1575893587
0x977944aa1ccbd7c810a8ecf8cf98c49c933248fc429338b820dfb3f4bc7ec6d1,1575893603725,1575893587
0x977944aa1ccbd7c810a8ecf8cf98c49c933248fc429338b820dfb3f4bc7ec6d1,1575893603725,1575893587
0x977944aa1ccbd7c810a8ecf8cf98c49c933248fc429338b820dfb3f4bc7ec6d1,1575893603725,1575893587
0x977944aa1ccbd7c810a8ecf8cf98c49c933248fc429338b820dfb3f4bc7ec6d1,1575893603726,1575893587
0x977944aa1ccbd7c810a8ecf8cf98c49c933248fc429338b820dfb3f4bc7ec6d1,1575893603726,1575893587
0x977944aa1ccbd7c810a8ecf8cf98c49c933248fc429338b820dfb3f4bc7ec6d1,1575893603726,1575893587
0x977944aa1ccbd7c810a8ecf8cf98c49c933248fc429338b820dfb3f4bc7ec6d1,1575893603727,1575893587
0x977944aa1ccbd7c810a8ecf8cf98c49c933248fc429338b820dfb3f4bc7ec6d1,1575893603727,1575893587
0x977944aa1ccbd7c810a8ecf8cf98c49c933248fc429338b820dfb3f4bc7ec6d1,1575893603727,1575893587
0x977944aa1ccbd7c810a8ecf8cf98c49c933248fc429338b820dfb3f4bc7ec6d1,1575893603728,1575893587
0x977944aa1ccbd7c810a8ecf8cf98c49c933248fc429338b820dfb3f4bc7ec6d1,1575893603728,1575893587
0x977944aa1ccbd7c810a8ecf8cf98c49c933248fc429338b820dfb3f4bc7ec6d1,1575893603729,1575893587
0x977944aa1ccbd7c810a8ecf8cf98c49c933248fc429338b820dfb3f4bc7ec6d1,1575893603730,1575893587
0x977944aa1ccbd7c810a8ecf8cf98c49c933248fc429338b820dfb3f4bc7ec6d1,1575893603730,1575893587
0x977944aa1ccbd7c810a8ecf8cf98c49c933248fc429338b820dfb3f4bc7ec6d1,1575893603730,1575893587
0x977944aa1ccbd7c810a8ecf8cf98c49c933248fc429338b820dfb3f4bc7ec6d1,1575893603731,1575893587
0x977944aa1ccbd7c810a8ecf8cf98c49c933248fc429338b820dfb3f4bc7ec6d1,1575893603731,1575893587
0x977944aa1ccbd7c810a8ecf8cf98c49c933248fc429338b820dfb3f4bc7ec6d1,1575893603731,1575893587
0x977944aa1ccbd7c810a8ecf8cf98c49c933248fc429338b820dfb3f4bc7ec6d1,1575893603732,1575893587
0x977944aa1ccbd7c810a8ecf8cf98c49c933248fc429338b820dfb3f4bc7ec6d1,1575893603732,1575893587
0x977944aa1ccbd7c810a8ecf8cf98c49c933248fc429338b820dfb3f4bc7ec6d1,1575893603733,1575893587
0x977944aa1ccbd7c810a8ecf8cf98c49c933248fc429338b820dfb3f4bc7ec6d1,1575893603733,1575893587
0x977944aa1ccbd7c810a8ecf8cf98c49c933248fc429338b820dfb3f4bc7ec6d1,1575893603734,1575893587
0x977944aa1ccbd7c810a8ecf8cf98c49c933248fc429338b820dfb3f4bc7ec6d1,1575893603734,1575893587
0x977944aa1ccbd7c810a8ecf8cf98c49c933248fc429338b820dfb3f4bc7ec6d1,1575893603735,1575893587
0x977944aa1ccbd7c810a8ecf8cf98c49c933248fc429338b820dfb3f4bc7ec6d1,1575893603735,1575893587
0x977944aa1ccbd7c810a8ecf8cf98c49c933248fc429338b820dfb3f4bc7ec6d1,1575893603737,1575893587
0x977944aa1ccbd7c810a8ecf8cf98c49c933248fc429338b820dfb3f4bc7ec6d1,1575893603738,1575893587
0x977944aa1ccbd7c810a8ecf8cf98c49c933248fc429338b820dfb3f4bc7ec6d1,1575893603738,1575893587
0x977944aa1ccbd7c810a8ecf8cf98c49c933248fc429338b820dfb3f4bc7ec6d1,1575893603739,1575893587
0x977944aa1ccbd7c810a8ecf8cf98c49c933248fc429338b820dfb3f4bc7ec6d1,1575893603739,1575893587
0x977944aa1ccbd7c810a8ecf8cf98c49c933248fc429338b820dfb3f4bc7ec6d1,1575893603739,1575893587
0x977944aa1ccbd7c810a8ecf8cf98c49c933248fc429338b820dfb3f4bc7ec6d1,1575893603740,1575893587
0x977944aa1ccbd7c810a8ecf8cf98c49c933248fc429338b820dfb3f4bc7ec6d1,1575893603740,1575893587
0x977944aa1ccbd7c810a8ecf8cf98c49c933248fc429338b820dfb3f4bc7ec6d1,1575893603741,1575893587
0x977944aa1ccbd7c810a8ecf8cf98c49c933248fc429338b820dfb3f4bc7ec6d1,1575893603741,1575893587
0x977944aa1ccbd7c810a8ecf8cf98c49c933248fc429338b820dfb3f4bc7ec6d1,1575893603742,1575893587
0x977944aa1ccbd7c810a8ecf8cf98c49c933248fc429338b820dfb3f4bc7ec6d1,1575893603742,1575893587
0x977944aa1ccbd7c810a8ecf8cf98c49c933248fc429338b820dfb3f4bc7ec6d1,1575893603743,1575893587
0x977944aa1ccbd7c810a8ecf8cf98c49c933248fc429338b820dfb3f4bc7ec6d1,1575893603743,1575893587
0x977944aa1ccbd7c810a8ecf8cf98c49c933248fc429338b820dfb3f4bc7ec6d1,1575893603744,1575893587
0x977944aa1ccbd7c810a8ecf8cf98c49c933248fc429338b820dfb3f4bc7ec6d1,1575893603744,1575893587
0x977944aa1ccbd7c810a8ecf8cf98c49c933248fc429338b820dfb3f4bc7ec6d1,1575893603745,1575893587
0x977944aa1ccbd7c810a8ecf8cf98c49c933248fc429338b820dfb3f4bc7ec6d1,1575893603745,1575893587
0x977944aa1ccbd7c810a8ecf8cf98c49c933248fc429338b820dfb3f4bc7ec6d1,1575893603746,1575893587
0x977944aa1ccbd7c810a8ecf8cf98c49c933248fc429338b820dfb3f4bc7ec6d1,1575893603746,1575893587
0x977944aa1ccbd7c810a8ecf8cf98c49c933248fc429338b820dfb3f4bc7ec6d1,1575893603747,1575893587
0x977944aa1ccbd7c810a8ecf8cf98c49c933248fc429338b820dfb3f4bc7ec6d1,1575893603747,1575893587
0x977944aa1ccbd7c810a8ecf8cf98c49c933248fc429338b820dfb3f4bc7ec6d1,1575893603754,1575893587
0x977944aa1ccbd7c810a8ecf8cf98c49c933248fc429338b820dfb3f4bc7ec6d1,1575893603755,1575893587
0x977944aa1ccbd7c810a8ecf8cf98c49c933248fc429338b820dfb3f4bc7ec6d1,1575893603755,1575893587
0x977944aa1ccbd7c810a8ecf8cf98c49c933248fc429338b820dfb3f4bc7ec6d1,1575893603756,1575893587
0x977944aa1ccbd7c810a8ecf8cf98c49c933248fc429338b820dfb3f4bc7ec6d1,1575893603756,1575893587
0x977944aa1ccbd7c810a8ecf8cf98c49c933248fc429338b820dfb3f4bc7ec6d1,1575893603757,1575893587
0x977944aa1ccbd7c810a8ecf8cf98c49c933248fc429338b820dfb3f4bc7ec6d1,1575893603757,1575893587
0x977944aa1ccbd7c810a8ecf8cf98c49c933248fc429338b820dfb3f4bc7ec6d1,1575893603757,1575893587
0x977944aa1ccbd7c810a8ecf8cf98c49c933248fc429338b820dfb3f4bc7ec6d1,1575893603758,1575893587
0x977944aa1ccbd7c810a8ecf8cf98c49c933248fc429338b820dfb3f4bc7ec6d1,1575893603759,1575893587
0x977944aa1ccbd7c810a8ecf8cf98c49c933248fc429338b820dfb3f4bc7ec6d1,1575893603759,1575893587
0x977944aa1ccbd7c810a8ecf8cf98c49c933248fc429338b820dfb3f4bc7ec6d1,1575893603759,1575893587
0x977944aa1ccbd7c810a8ecf8cf98c49c933248fc429338b820dfb3f4bc7ec6d1,1575893603760,1575893587
0x977944aa1ccbd7c810a8ecf8cf98c49c933248fc429338b820dfb3f4bc7ec6d1,1575893603760,1575893587
0x977944aa1ccbd7c810a8ecf8cf98c49c933248fc429338b820dfb3f4bc7ec6d1,1575893603760,1575893587
0x977944aa1ccbd7c810a8ecf8cf98c49c933248fc429338b820dfb3f4bc7ec6d1,1575893603761,1575893587
0x977944aa1ccbd7c810a8ecf8cf98c49c933248fc429338b820dfb3f4bc7ec6d1,1575893603761,1575893587
0x977944aa1ccbd7c810a8ecf8cf98c49c933248fc429338b820dfb3f4bc7ec6d1,1575893603762,1575893587
0x977944aa1ccbd7c810a8ecf8cf98c49c933248fc429338b820dfb3f4bc7ec6d1,1575893603762,1575893587
0x977944aa1ccbd7c810a8ecf8cf98c49c933248fc429338b820dfb3f4bc7ec6d1,1575893603762,1575893587
0x977944aa1ccbd7c810a8ecf8cf98c49c933248fc429338b820dfb3f4bc7ec6d1,1575893603763,1575893587
0x977944aa1ccbd7c810a8ecf8cf98c49c933248fc429338b820dfb3f4bc7ec6d1,1575893603763,1575893587
0x977944aa1ccbd7c810a8ecf8cf98c49c933248fc429338b820dfb3f4bc7ec6d1,1575893603764,1575893587
0x977944aa1ccbd7c810a8ecf8cf98c49c933248fc429338b820dfb3f4bc7ec6d1,1575893603764,1575893587
0x977944aa1ccbd7c810a8ecf8cf98c49c933248fc429338b820dfb3f4bc7ec6d1,1575893603765,1575893587
0x977944aa1ccbd7c810a8ecf8cf98c49c933248fc429338b820dfb3f4bc7ec6d1,1575893603765,1575893587
0x977944aa1ccbd7c810a8ecf8cf98c49c933248fc429338b820dfb3f4bc7ec6d1,1575893603765,1575893587
0x977944aa1ccbd7c810a8ecf8cf98c49c933248fc429338b820dfb3f4bc7ec6d1,1575893603766,1575893587
0x977944aa1ccbd7c810a8ecf8cf98c49c933248fc429338b820dfb3f4bc7ec6d1,1575893603767,1575893587
0x977944aa1ccbd7c810a8ecf8cf98c49c933248fc429338b820dfb3f4bc7ec6d1,1575893603767,1575893587
0x977944aa1ccbd7c810a8ecf8cf98c49c933248fc429338b820dfb3f4bc7ec6d1,1575893603768,1575893587
0x977944aa1ccbd7c810a8ecf8cf98c49c933248fc429338b820dfb3f4bc7ec6d1,1575893603768,1575893587
0x977944aa1ccbd7c810a8ecf8cf98c49c933248fc429338b820dfb3f4bc7ec6d1,1575893603768,1575893587
0x977944aa1ccbd7c810a8ecf8cf98c49c933248fc429338b820dfb3f4bc7ec6d1,1575893603769,1575893587
0x977944aa1ccbd7c810a8ecf8cf98c49c933248fc429338b820dfb3f4bc7ec6d1,1575893603769,1575893587
0x977944aa1ccbd7c810a8ecf8cf98c49c933248fc429338b820dfb3f4bc7ec6d1,1575893603769,1575893587
0x977944aa1ccbd7c810a8ecf8cf98c49c933248fc429338b820dfb3f4bc7ec6d1,1575893603770,1575893587
0x977944aa1ccbd7c810a8ecf8cf98c49c933248fc429338b820dfb3f4bc7ec6d1,1575893603770,1575893587
0x977944aa1ccbd7c810a8ecf8cf98c49c933248fc429338b820dfb3f4bc7ec6d1,1575893603771,1575893587
0x977944aa1ccbd7c810a8ecf8cf98c49c933248fc429338b820dfb3f4bc7ec6d1,1575893603771,1575893587
0x977944aa1ccbd7c810a8ecf8cf98c49c933248fc429338b820dfb3f4bc7ec6d1,1575893603772,1575893587
0x977944aa1ccbd7c810a8ecf8cf98c49c933248fc429338b820dfb3f4bc7ec6d1,1575893603772,1575893587
0x977944aa1ccbd7c810a8ecf8cf98c49c933248fc429338b820dfb3f4bc7ec6d1,1575893603773,1575893587
0x977944aa1ccbd7c810a8ecf8cf98c49c933248fc429338b820dfb3f4bc7ec6d1,1575893603773,1575893587
0x977944aa1ccbd7c810a8ecf8cf98c49c933248fc429338b820dfb3f4bc7ec6d1,1575893603773,1575893587
0x977944aa1ccbd7c810a8ecf8cf98c49c933248fc429338b820dfb3f4bc7ec6d1,1575893603774,1575893587
0x977944aa1ccbd7c810a8ecf8cf98c49c933248fc429338b820dfb3f4bc7ec6d1,1575893603774,1575893587
0x977944aa1ccbd7c810a8ecf8cf98c49c933248fc429338b820dfb3f4bc7ec6d1,1575893603774,1575893587
0x977944aa1ccbd7c810a8ecf8cf98c49c933248fc429338b820dfb3f4bc7ec6d1,1575893603775,1575893587
0x977944aa1ccbd7c810a8ecf8cf98c49c933248fc429338b820dfb3f4bc7ec6d1,1575893603775,1575893587
0x977944aa1ccbd7c810a8ecf8cf98c49c933248fc429338b820dfb3f4bc7ec6d1,1575893603776,1575893587
0x977944aa1ccbd7c810a8ecf8cf98c49c933248fc429338b820dfb3f4bc7ec6d1,1575893603778,1575893587
0x977944aa1ccbd7c810a8ecf8cf98c49c933248fc429338b820dfb3f4bc7ec6d1,1575893603778,1575893587
0x977944aa1ccbd7c810a8ecf8cf98c49c933248fc429338b820dfb3f4bc7ec6d1,1575893603778,1575893587
0x977944aa1ccbd7c810a8ecf8cf98c49c933248fc429338b820dfb3f4bc7ec6d1,1575893603779,1575893587
0x977944aa1ccbd7c810a8ecf8cf98c49c933248fc429338b820dfb3f4bc7ec6d1,1575893603780,1575893587
0x977944aa1ccbd7c810a8ecf8cf98c49c933248fc429338b820dfb3f4bc7ec6d1,1575893603780,1575893587
0x977944aa1ccbd7c810a8ecf8cf98c49c933248fc429338b820dfb3f4bc7ec6d1,1575893603780,1575893587
0x977944aa1ccbd7c810a8ecf8cf98c49c933248fc429338b820dfb3f4bc7ec6d1,1575893603781,1575893587
0x977944aa1ccbd7c810a8ecf8cf98c49c933248fc429338b820dfb3f4bc7ec6d1,1575893603781,1575893587
0x977944aa1ccbd7c810a8ecf8cf98c49c933248fc429338b820dfb3f4bc7ec6d1,1575893603782,1575893587
0x977944aa1ccbd7c810a8ecf8cf98c49c933248fc429338b820dfb3f4bc7ec6d1,1575893603782,1575893587
0x977944aa1ccbd7c810a8ecf8cf98c49c933248fc429338b820dfb3f4bc7ec6d1,1575893603782,1575893587
0x977944aa1ccbd7c810a8ecf8cf98c49c933248fc429338b820dfb3f4bc7ec6d1,1575893603783,1575893587
0x977944aa1ccbd7c810a8ecf8cf98c49c933248fc429338b820dfb3f4bc7ec6d1,1575893608192,1575893603
0x977944aa1ccbd7c810a8ecf8cf98c49c933248fc429338b820dfb3f4bc7ec6d1,1575893608192,1575893603
0x977944aa1ccbd7c810a8ecf8cf98c49c933248fc429338b820dfb3f4bc7ec6d1,1575893608193,1575893603
0x977944aa1ccbd7c810a8ecf8cf98c49c933248fc429338b820dfb3f4bc7ec6d1,1575893608193,1575893603
0x977944aa1ccbd7c810a8ecf8cf98c49c933248fc429338b820dfb3f4bc7ec6d1,1575893608194,1575893603
0x977944aa1ccbd7c810a8ecf8cf98c49c933248fc429338b820dfb3f4bc7ec6d1,1575893608194,1575893603
0x977944aa1ccbd7c810a8ecf8cf98c49c933248fc429338b820dfb3f4bc7ec6d1,1575893608195,1575893603
0x977944aa1ccbd7c810a8ecf8cf98c49c933248fc429338b820dfb3f4bc7ec6d1,1575893608196,1575893603
0x977944aa1ccbd7c810a8ecf8cf98c49c933248fc429338b820dfb3f4bc7ec6d1,1575893608196,1575893603
0x977944aa1ccbd7c810a8ecf8cf98c49c933248fc429338b820dfb3f4bc7ec6d1,1575893608196,1575893603
0x977944aa1ccbd7c810a8ecf8cf98c49c933248fc429338b820dfb3f4bc7ec6d1,1575893608197,1575893603
0x977944aa1ccbd7c810a8ecf8cf98c49c933248fc429338b820dfb3f4bc7ec6d1,1575893608197,1575893603
0x977944aa1ccbd7c810a8ecf8cf98c49c933248fc429338b820dfb3f4bc7ec6d1,1575893608197,1575893603
0x977944aa1ccbd7c810a8ecf8cf98c49c933248fc429338b820dfb3f4bc7ec6d1,1575893608198,1575893603
0x977944aa1ccbd7c810a8ecf8cf98c49c933248fc429338b820dfb3f4bc7ec6d1,1575893608198,1575893603
0x977944aa1ccbd7c810a8ecf8cf98c49c933248fc429338b820dfb3f4bc7ec6d1,1575893608198,1575893603
0x977944aa1ccbd7c810a8ecf8cf98c49c933248fc429338b820dfb3f4bc7ec6d1,1575893608199,1575893603
0x977944aa1ccbd7c810a8ecf8cf98c49c933248fc429338b820dfb3f4bc7ec6d1,1575893608199,1575893603
0x977944aa1ccbd7c810a8ecf8cf98c49c933248fc429338b820dfb3f4bc7ec6d1,1575893608199,1575893603
0x977944aa1ccbd7c810a8ecf8cf98c49c933248fc429338b820dfb3f4bc7ec6d1,1575893608200,1575893603
0x977944aa1ccbd7c810a8ecf8cf98c49c933248fc429338b820dfb3f4bc7ec6d1,1575893608200,1575893603
0x977944aa1ccbd7c810a8ecf8cf98c49c933248fc429338b820dfb3f4bc7ec6d1,1575893608201,1575893603
0x977944aa1ccbd7c810a8ecf8cf98c49c933248fc429338b820dfb3f4bc7ec6d1,1575893608201,1575893603
0x977944aa1ccbd7c810a8ecf8cf98c49c933248fc429338b820dfb3f4bc7ec6d1,1575893608202,1575893603
0x977944aa1ccbd7c810a8ecf8cf98c49c933248fc429338b820dfb3f4bc7ec6d1,1575893608202,1575893603
0x977944aa1ccbd7c810a8ecf8cf98c49c933248fc429338b820dfb3f4bc7ec6d1,1575893608202,1575893603
0x977944aa1ccbd7c810a8ecf8cf98c49c933248fc429338b820dfb3f4bc7ec6d1,1575893608202,1575893603
0x977944aa1ccbd7c810a8ecf8cf98c49c933248fc429338b820dfb3f4bc7ec6d1,1575893608203,1575893603
0x977944aa1ccbd7c810a8ecf8cf98c49c933248fc429338b820dfb3f4bc7ec6d1,1575893608203,1575893603
0x977944aa1ccbd7c810a8ecf8cf98c49c933248fc429338b820dfb3f4bc7ec6d1,1575893608203,1575893603
0x977944aa1ccbd7c810a8ecf8cf98c49c933248fc429338b820dfb3f4bc7ec6d1,1575893608204,1575893603
0x977944aa1ccbd7c810a8ecf8cf98c49c933248fc429338b820dfb3f4bc7ec6d1,1575893608204,1575893603
0x977944aa1ccbd7c810a8ecf8cf98c49c933248fc429338b820dfb3f4bc7ec6d1,1575893608205,1575893603
0x977944aa1ccbd7c810a8ecf8cf98c49c933248fc429338b820dfb3f4bc7ec6d1,1575893608205,1575893603
0x977944aa1ccbd7c810a8ecf8cf98c49c933248fc429338b820dfb3f4bc7ec6d1,1575893608205,1575893603
0x977944aa1ccbd7c810a8ecf8cf98c49c933248fc429338b820dfb3f4bc7ec6d1,1575893608206,1575893603
0x977944aa1ccbd7c810a8ecf8cf98c49c933248fc429338b820dfb3f4bc7ec6d1,1575893608206,1575893603
0x977944aa1ccbd7c810a8ecf8cf98c49c933248fc429338b820dfb3f4bc7ec6d1,1575893608206,1575893603
0x977944aa1ccbd7c810a8ecf8cf98c49c933248fc429338b820dfb3f4bc7ec6d1,1575893608207,1575893603
0x977944aa1ccbd7c810a8ecf8cf98c49c933248fc429338b820dfb3f4bc7ec6d1,1575893608207,1575893603
0x977944aa1ccbd7c810a8ecf8cf98c49c933248fc429338b820dfb3f4bc7ec6d1,1575893608208,1575893603
0x977944aa1ccbd7c810a8ecf8cf98c49c933248fc429338b820dfb3f4bc7ec6d1,1575893608208,1575893603
0x977944aa1ccbd7c810a8ecf8cf98c49c933248fc429338b820dfb3f4bc7ec6d1,1575893608208,1575893603
0x977944aa1ccbd7c810a8ecf8cf98c49c933248fc429338b820dfb3f4bc7ec6d1,1575893608209,1575893603
0x977944aa1ccbd7c810a8ecf8cf98c49c933248fc429338b820dfb3f4bc7ec6d1,1575893608209,1575893603
0x977944aa1ccbd7c810a8ecf8cf98c49c933248fc429338b820dfb3f4bc7ec6d1,1575893608209,1575893603
0x977944aa1ccbd7c810a8ecf8cf98c49c933248fc429338b820dfb3f4bc7ec6d1,1575893608209,1575893603
0x977944aa1ccbd7c810a8ecf8cf98c49c933248fc429338b820dfb3f4bc7ec6d1,1575893608210,1575893603
0x977944aa1ccbd7c810a8ecf8cf98c49c933248fc429338b820dfb3f4bc7ec6d1,1575893608210,1575893603
0x977944aa1ccbd7c810a8ecf8cf98c49c933248fc429338b820dfb3f4bc7ec6d1,1575893608212,1575893603
0x977944aa1ccbd7c810a8ecf8cf98c49c933248fc429338b820dfb3f4bc7ec6d1,1575893608212,1575893603
0x977944aa1ccbd7c810a8ecf8cf98c49c933248fc429338b820dfb3f4bc7ec6d1,1575893608213,1575893603
0x977944aa1ccbd7c810a8ecf8cf98c49c933248fc429338b820dfb3f4bc7ec6d1,1575893608214,1575893603
0x977944aa1ccbd7c810a8ecf8cf98c49c933248fc429338b820dfb3f4bc7ec6d1,1575893608214,1575893603
0x977944aa1ccbd7c810a8ecf8cf98c49c933248fc429338b820dfb3f4bc7ec6d1,1575893608214,1575893603
0x977944aa1ccbd7c810a8ecf8cf98c49c933248fc429338b820dfb3f4bc7ec6d1,1575893608215,1575893603
0x977944aa1ccbd7c810a8ecf8cf98c49c933248fc429338b820dfb3f4bc7ec6d1,1575893608215,1575893603
0x977944aa1ccbd7c810a8ecf8cf98c49c933248fc429338b820dfb3f4bc7ec6d1,1575893608216,1575893603
0x977944aa1ccbd7c810a8ecf8cf98c49c933248fc429338b820dfb3f4bc7ec6d1,1575893608216,1575893603
0x977944aa1ccbd7c810a8ecf8cf98c49c933248fc429338b820dfb3f4bc7ec6d1,1575893608217,1575893603
0x977944aa1ccbd7c810a8ecf8cf98c49c933248fc429338b820dfb3f4bc7ec6d1,1575893608217,1575893603
0x977944aa1ccbd7c810a8ecf8cf98c49c933248fc429338b820dfb3f4bc7ec6d1,1575893608217,1575893603
0x977944aa1ccbd7c810a8ecf8cf98c49c933248fc429338b820dfb3f4bc7ec6d1,1575893608218,1575893603
0x977944aa1ccbd7c810a8ecf8cf98c49c933248fc429338b820dfb3f4bc7ec6d1,1575893608218,1575893603
0x977944aa1ccbd7c810a8ecf8cf98c49c933248fc429338b820dfb3f4bc7ec6d1,1575893608219,1575893603
0x977944aa1ccbd7c810a8ecf8cf98c49c933248fc429338b820dfb3f4bc7ec6d1,1575893608219,1575893603
0x977944aa1ccbd7c810a8ecf8cf98c49c933248fc429338b820dfb3f4bc7ec6d1,1575893608220,1575893603
0x977944aa1ccbd7c810a8ecf8cf98c49c933248fc429338b820dfb3f4bc7ec6d1,1575893608220,1575893603
0x977944aa1ccbd7c810a8ecf8cf98c49c933248fc429338b820dfb3f4bc7ec6d1,1575893608221,1575893603
0x977944aa1ccbd7c810a8ecf8cf98c49c933248fc429338b820dfb3f4bc7ec6d1,1575893608221,1575893603
0x977944aa1ccbd7c810a8ecf8cf98c49c933248fc429338b820dfb3f4bc7ec6d1,1575893608222,1575893603
0x977944aa1ccbd7c810a8ecf8cf98c49c933248fc429338b820dfb3f4bc7ec6d1,1575893608222,1575893603
0x977944aa1ccbd7c810a8ecf8cf98c49c933248fc429338b820dfb3f4bc7ec6d1,1575893608223,1575893603
0x977944aa1ccbd7c810a8ecf8cf98c49c933248fc429338b820dfb3f4bc7ec6d1,1575893608223,1575893603
0x977944aa1ccbd7c810a8ecf8cf98c49c933248fc429338b820dfb3f4bc7ec6d1,1575893608223,1575893603
0x977944aa1ccbd7c810a8ecf8cf98c49c933248fc429338b820dfb3f4bc7ec6d1,1575893608224,1575893603
0x977944aa1ccbd7c810a8ecf8cf98c49c933248fc429338b820dfb3f4bc7ec6d1,1575893608224,1575893603
0x977944aa1ccbd7c810a8ecf8cf98c49c933248fc429338b820dfb3f4bc7ec6d1,1575893608225,1575893603
0x977944aa1ccbd7c810a8ecf8cf98c49c933248fc429338b820dfb3f4bc7ec6d1,1575893608225,1575893603
0x977944aa1ccbd7c810a8ecf8cf98c49c933248fc429338b820dfb3f4bc7ec6d1,1575893608226,1575893603
0x977944aa1ccbd7c810a8ecf8cf98c49c933248fc429338b820dfb3f4bc7ec6d1,1575893608226,1575893603
0x977944aa1ccbd7c810a8ecf8cf98c49c933248fc429338b820dfb3f4bc7ec6d1,1575893608227,1575893603
0x977944aa1ccbd7c810a8ecf8cf98c49c933248fc429338b820dfb3f4bc7ec6d1,1575893608227,1575893603
0x977944aa1ccbd7c810a8ecf8cf98c49c933248fc429338b820dfb3f4bc7ec6d1,1575893608228,1575893603
0x977944aa1ccbd7c810a8ecf8cf98c49c933248fc429338b820dfb3f4bc7ec6d1,1575893608228,1575893603
0x977944aa1ccbd7c810a8ecf8cf98c49c933248fc429338b820dfb3f4bc7ec6d1,1575893608228,1575893603
0x977944aa1ccbd7c810a8ecf8cf98c49c933248fc429338b820dfb3f4bc7ec6d1,1575893608229,1575893603
0x977944aa1ccbd7c810a8ecf8cf98c49c933248fc429338b820dfb3f4bc7ec6d1,1575893608230,1575893603
0x977944aa1ccbd7c810a8ecf8cf98c49c933248fc429338b820dfb3f4bc7ec6d1,1575893608230,1575893603
0x977944aa1ccbd7c810a8ecf8cf98c49c933248fc429338b820dfb3f4bc7ec6d1,1575893608230,1575893603
0x977944aa1ccbd7c810a8ecf8cf98c49c933248fc429338b820dfb3f4bc7ec6d1,1575893608231,1575893603
0x977944aa1ccbd7c810a8ecf8cf98c49c933248fc429338b820dfb3f4bc7ec6d1,1575893608231,1575893603
0x977944aa1ccbd7c810a8ecf8cf98c49c933248fc429338b820dfb3f4bc7ec6d1,1575893608232,1575893603
0x977944aa1ccbd7c810a8ecf8cf98c49c933248fc429338b820dfb3f4bc7ec6d1,1575893608232,1575893603
0x977944aa1ccbd7c810a8ecf8cf98c49c933248fc429338b820dfb3f4bc7ec6d1,1575893608232,1575893603
0x977944aa1ccbd7c810a8ecf8cf98c49c933248fc429338b820dfb3f4bc7ec6d1,1575893608233,1575893603
0x977944aa1ccbd7c810a8ecf8cf98c49c933248fc429338b820dfb3f4bc7ec6d1,1575893608234,1575893603
0x977944aa1ccbd7c810a8ecf8cf98c49c933248fc429338b820dfb3f4bc7ec6d1,1575893608234,1575893603
0x977944aa1ccbd7c810a8ecf8cf98c49c933248fc429338b820dfb3f4bc7ec6d1,1575893608234,1575893603
0x977944aa1ccbd7c810a8ecf8cf98c49c933248fc429338b820dfb3f4bc7ec6d1,1575893608235,1575893603
0x977944aa1ccbd7c810a8ecf8cf98c49c933248fc429338b820dfb3f4bc7ec6d1,1575893608235,1575893603
0x977944aa1ccbd7c810a8ecf8cf98c49c933248fc429338b820dfb3f4bc7ec6d1,1575893608236,1575893603
0x977944aa1ccbd7c810a8ecf8cf98c49c933248fc429338b820dfb3f4bc7ec6d1,1575893608236,1575893603
0x977944aa1ccbd7c810a8ecf8cf98c49c933248fc429338b820dfb3f4bc7ec6d1,1575893608237,1575893603
0x977944aa1ccbd7c810a8ecf8cf98c49c933248fc429338b820dfb3f4bc7ec6d1,1575893608237,1575893603
0x977944aa1ccbd7c810a8ecf8cf98c49c933248fc429338b820dfb3f4bc7ec6d1,1575893608237,1575893603
0x977944aa1ccbd7c810a8ecf8cf98c49c933248fc429338b820dfb3f4bc7ec6d1,1575893608238,1575893603
0x977944aa1ccbd7c810a8ecf8cf98c49c933248fc429338b820dfb3f4bc7ec6d1,1575893608238,1575893603
0x977944aa1ccbd7c810a8ecf8cf98c49c933248fc429338b820dfb3f4bc7ec6d1,1575893608238,1575893603
0x977944aa1ccbd7c810a8ecf8cf98c49c933248fc429338b820dfb3f4bc7ec6d1,1575893608239,1575893603
0x977944aa1ccbd7c810a8ecf8cf98c49c933248fc429338b820dfb3f4bc7ec6d1,1575893608239,1575893603
0x977944aa1ccbd7c810a8ecf8cf98c49c933248fc429338b820dfb3f4bc7ec6d1,1575893608240,1575893603
0x977944aa1ccbd7c810a8ecf8cf98c49c933248fc429338b820dfb3f4bc7ec6d1,1575893608240,1575893603
0x977944aa1ccbd7c810a8ecf8cf98c49c933248fc429338b820dfb3f4bc7ec6d1,1575893608241,1575893603
0x977944aa1ccbd7c810a8ecf8cf98c49c933248fc429338b820dfb3f4bc7ec6d1,1575893608241,1575893603
0x977944aa1ccbd7c810a8ecf8cf98c49c933248fc429338b820dfb3f4bc7ec6d1,1575893608242,1575893603
0x977944aa1ccbd7c810a8ecf8cf98c49c933248fc429338b820dfb3f4bc7ec6d1,1575893608242,1575893603
0x977944aa1ccbd7c810a8ecf8cf98c49c933248fc429338b820dfb3f4bc7ec6d1,1575893608242,1575893603
0x977944aa1ccbd7c810a8ecf8cf98c49c933248fc429338b820dfb3f4bc7ec6d1,1575893608243,1575893603
0x977944aa1ccbd7c810a8ecf8cf98c49c933248fc429338b820dfb3f4bc7ec6d1,1575893608243,1575893603
0x977944aa1ccbd7c810a8ecf8cf98c49c933248fc429338b820dfb3f4bc7ec6d1,1575893608244,1575893603
0x977944aa1ccbd7c810a8ecf8cf98c49c933248fc429338b820dfb3f4bc7ec6d1,1575893608244,1575893603
0x977944aa1ccbd7c810a8ecf8cf98c49c933248fc429338b820dfb3f4bc7ec6d1,1575893608244,1575893603
0x977944aa1ccbd7c810a8ecf8cf98c49c933248fc429338b820dfb3f4bc7ec6d1,1575893608247,1575893603
0x977944aa1ccbd7c810a8ecf8cf98c49c933248fc429338b820dfb3f4bc7ec6d1,1575893608247,1575893603
0x977944aa1ccbd7c810a8ecf8cf98c49c933248fc429338b820dfb3f4bc7ec6d1,1575893608248,1575893603
0x977944aa1ccbd7c810a8ecf8cf98c49c933248fc429338b820dfb3f4bc7ec6d1,1575893608248,1575893603
0x977944aa1ccbd7c810a8ecf8cf98c49c933248fc429338b820dfb3f4bc7ec6d1,1575893608249,1575893603
0x977944aa1ccbd7c810a8ecf8cf98c49c933248fc429338b820dfb3f4bc7ec6d1,1575893608249,1575893603
0x977944aa1ccbd7c810a8ecf8cf98c49c933248fc429338b820dfb3f4bc7ec6d1,1575893608249,1575893603
0x977944aa1ccbd7c810a8ecf8cf98c49c933248fc429338b820dfb3f4bc7ec6d1,1575893608250,1575893603
0x977944aa1ccbd7c810a8ecf8cf98c49c933248fc429338b820dfb3f4bc7ec6d1,1575893608250,1575893603
0x977944aa1ccbd7c810a8ecf8cf98c49c933248fc429338b820dfb3f4bc7ec6d1,1575893608250,1575893603
0x977944aa1ccbd7c810a8ecf8cf98c49c933248fc429338b820dfb3f4bc7ec6d1,1575893608251,1575893603
0x977944aa1ccbd7c810a8ecf8cf98c49c933248fc429338b820dfb3f4bc7ec6d1,1575893608251,1575893603
0x977944aa1ccbd7c810a8ecf8cf98c49c933248fc429338b820dfb3f4bc7ec6d1,1575893608251,1575893603
0x977944aa1ccbd7c810a8ecf8cf98c49c933248fc429338b820dfb3f4bc7ec6d1,1575893608252,1575893603
0x977944aa1ccbd7c810a8ecf8cf98c49c933248fc429338b820dfb3f4bc7ec6d1,1575893608252,1575893603
0x977944aa1ccbd7c810a8ecf8cf98c49c933248fc429338b820dfb3f4bc7ec6d1,1575893608252,1575893603
0x977944aa1ccbd7c810a8ecf8cf98c49c933248fc429338b820dfb3f4bc7ec6d1,1575893608253,1575893603
0x977944aa1ccbd7c810a8ecf8cf98c49c933248fc429338b820dfb3f4bc7ec6d1,1575893608253,1575893603
0x977944aa1ccbd7c810a8ecf8cf98c49c933248fc429338b820dfb3f4bc7ec6d1,1575893608253,1575893603
0x977944aa1ccbd7c810a8ecf8cf98c49c933248fc429338b820dfb3f4bc7ec6d1,1575893608254,1575893603
0x977944aa1ccbd7c810a8ecf8cf98c49c933248fc429338b820dfb3f4bc7ec6d1,1575893608254,1575893603
0x977944aa1ccbd7c810a8ecf8cf98c49c933248fc429338b820dfb3f4bc7ec6d1,1575893608255,1575893603
0x977944aa1ccbd7c810a8ecf8cf98c49c933248fc429338b820dfb3f4bc7ec6d1,1575893608255,1575893603
0x977944aa1ccbd7c810a8ecf8cf98c49c933248fc429338b820dfb3f4bc7ec6d1,1575893608255,1575893603
0x977944aa1ccbd7c810a8ecf8cf98c49c933248fc429338b820dfb3f4bc7ec6d1,1575893608255,1575893603
0x977944aa1ccbd7c810a8ecf8cf98c49c933248fc429338b820dfb3f4bc7ec6d1,1575893608256,1575893603
0x977944aa1ccbd7c810a8ecf8cf98c49c933248fc429338b820dfb3f4bc7ec6d1,1575893608256,1575893603
0x977944aa1ccbd7c810a8ecf8cf98c49c933248fc429338b820dfb3f4bc7ec6d1,1575893608256,1575893603
0x977944aa1ccbd7c810a8ecf8cf98c49c933248fc429338b820dfb3f4bc7ec6d1,1575893608257,1575893603
0x977944aa1ccbd7c810a8ecf8cf98c49c933248fc429338b820dfb3f4bc7ec6d1,1575893608257,1575893603
0x977944aa1ccbd7c810a8ecf8cf98c49c933248fc429338b820dfb3f4bc7ec6d1,1575893608258,1575893603
0x977944aa1ccbd7c810a8ecf8cf98c49c933248fc429338b820dfb3f4bc7ec6d1,1575893608258,1575893603
0x977944aa1ccbd7c810a8ecf8cf98c49c933248fc429338b820dfb3f4bc7ec6d1,1575893608258,1575893603
0x977944aa1ccbd7c810a8ecf8cf98c49c933248fc429338b820dfb3f4bc7ec6d1,1575893608259,1575893603
0x977944aa1ccbd7c810a8ecf8cf98c49c933248fc429338b820dfb3f4bc7ec6d1,1575893608259,1575893603
0x977944aa1ccbd7c810a8ecf8cf98c49c933248fc429338b820dfb3f4bc7ec6d1,1575893608260,1575893603
0x977944aa1ccbd7c810a8ecf8cf98c49c933248fc429338b820dfb3f4bc7ec6d1,1575893608260,1575893603
0x977944aa1ccbd7c810a8ecf8cf98c49c933248fc429338b820dfb3f4bc7ec6d1,1575893608260,1575893603
0x977944aa1ccbd7c810a8ecf8cf98c49c933248fc429338b820dfb3f4bc7ec6d1,1575893608261,1575893603
0x977944aa1ccbd7c810a8ecf8cf98c49c933248fc429338b820dfb3f4bc7ec6d1,1575893608261,1575893603
0x977944aa1ccbd7c810a8ecf8cf98c49c933248fc429338b820dfb3f4bc7ec6d1,1575893608262,1575893603
0x977944aa1ccbd7c810a8ecf8cf98c49c933248fc429338b820dfb3f4bc7ec6d1,1575893608262,1575893603
0x977944aa1ccbd7c810a8ecf8cf98c49c933248fc429338b820dfb3f4bc7ec6d1,1575893608262,1575893603
0x977944aa1ccbd7c810a8ecf8cf98c49c933248fc429338b820dfb3f4bc7ec6d1,1575893608262,1575893603
0x977944aa1ccbd7c810a8ecf8cf98c49c933248fc429338b820dfb3f4bc7ec6d1,1575893608263,1575893603
0x977944aa1ccbd7c810a8ecf8cf98c49c933248fc429338b820dfb3f4bc7ec6d1,1575893608263,1575893603
0x977944aa1ccbd7c810a8ecf8cf98c49c933248fc429338b820dfb3f4bc7ec6d1,1575893608264,1575893603
0x977944aa1ccbd7c810a8ecf8cf98c49c933248fc429338b820dfb3f4bc7ec6d1,1575893608264,1575893603
0x977944aa1ccbd7c810a8ecf8cf98c49c933248fc429338b820dfb3f4bc7ec6d1,1575893608264,1575893603
0x977944aa1ccbd7c810a8ecf8cf98c49c933248fc429338b820dfb3f4bc7ec6d1,1575893608265,1575893603
0x977944aa1ccbd7c810a8ecf8cf98c49c933248fc429338b820dfb3f4bc7ec6d1,1575893608265,1575893603
0x977944aa1ccbd7c810a8ecf8cf98c49c933248fc429338b820dfb3f4bc7ec6d1,1575893608266,1575893603
0x977944aa1ccbd7c810a8ecf8cf98c49c933248fc429338b820dfb3f4bc7ec6d1,1575893608266,1575893603
0x977944aa1ccbd7c810a8ecf8cf98c49c933248fc429338b820dfb3f4bc7ec6d1,1575893610862,1575893608
0x977944aa1ccbd7c810a8ecf8cf98c49c933248fc429338b820dfb3f4bc7ec6d1,1575893610862,1575893608
0x977944aa1ccbd7c810a8ecf8cf98c49c933248fc429338b820dfb3f4bc7ec6d1,1575893610863,1575893608
0x977944aa1ccbd7c810a8ecf8cf98c49c933248fc429338b820dfb3f4bc7ec6d1,1575893610863,1575893608
0x977944aa1ccbd7c810a8ecf8cf98c49c933248fc429338b820dfb3f4bc7ec6d1,1575893610863,1575893608
0x977944aa1ccbd7c810a8ecf8cf98c49c933248fc429338b820dfb3f4bc7ec6d1,1575893610864,1575893608
0x977944aa1ccbd7c810a8ecf8cf98c49c933248fc429338b820dfb3f4bc7ec6d1,1575893610864,1575893608
0x977944aa1ccbd7c810a8ecf8cf98c49c933248fc429338b820dfb3f4bc7ec6d1,1575893610865,1575893608
0x977944aa1ccbd7c810a8ecf8cf98c49c933248fc429338b820dfb3f4bc7ec6d1,1575893610865,1575893608
0x977944aa1ccbd7c810a8ecf8cf98c49c933248fc429338b820dfb3f4bc7ec6d1,1575893610865,1575893608
0x977944aa1ccbd7c810a8ecf8cf98c49c933248fc429338b820dfb3f4bc7ec6d1,1575893610866,1575893608
0x977944aa1ccbd7c810a8ecf8cf98c49c933248fc429338b820dfb3f4bc7ec6d1,1575893610867,1575893608
0x977944aa1ccbd7c810a8ecf8cf98c49c933248fc429338b820dfb3f4bc7ec6d1,1575893610867,1575893608
0x977944aa1ccbd7c810a8ecf8cf98c49c933248fc429338b820dfb3f4bc7ec6d1,1575893610867,1575893608
0x977944aa1ccbd7c810a8ecf8cf98c49c933248fc429338b820dfb3f4bc7ec6d1,1575893610868,1575893608
0x977944aa1ccbd7c810a8ecf8cf98c49c933248fc429338b820dfb3f4bc7ec6d1,1575893610868,1575893608
0x977944aa1ccbd7c810a8ecf8cf98c49c933248fc429338b820dfb3f4bc7ec6d1,1575893610871,1575893608
0x977944aa1ccbd7c810a8ecf8cf98c49c933248fc429338b820dfb3f4bc7ec6d1,1575893610871,1575893608
0x977944aa1ccbd7c810a8ecf8cf98c49c933248fc429338b820dfb3f4bc7ec6d1,1575893610871,1575893608
0x977944aa1ccbd7c810a8ecf8cf98c49c933248fc429338b820dfb3f4bc7ec6d1,1575893610872,1575893608
0x977944aa1ccbd7c810a8ecf8cf98c49c933248fc429338b820dfb3f4bc7ec6d1,1575893610872,1575893608
0x977944aa1ccbd7c810a8ecf8cf98c49c933248fc429338b820dfb3f4bc7ec6d1,1575893610873,1575893608
0x977944aa1ccbd7c810a8ecf8cf98c49c933248fc429338b820dfb3f4bc7ec6d1,1575893610874,1575893608
0x977944aa1ccbd7c810a8ecf8cf98c49c933248fc429338b820dfb3f4bc7ec6d1,1575893610874,1575893608
0x977944aa1ccbd7c810a8ecf8cf98c49c933248fc429338b820dfb3f4bc7ec6d1,1575893610874,1575893608
0x977944aa1ccbd7c810a8ecf8cf98c49c933248fc429338b820dfb3f4bc7ec6d1,1575893610875,1575893608
0x977944aa1ccbd7c810a8ecf8cf98c49c933248fc429338b820dfb3f4bc7ec6d1,1575893610877,1575893608
0x977944aa1ccbd7c810a8ecf8cf98c49c933248fc429338b820dfb3f4bc7ec6d1,1575893610878,1575893608
0x977944aa1ccbd7c810a8ecf8cf98c49c933248fc429338b820dfb3f4bc7ec6d1,1575893610878,1575893608
0x977944aa1ccbd7c810a8ecf8cf98c49c933248fc429338b820dfb3f4bc7ec6d1,1575893610878,1575893608
0x977944aa1ccbd7c810a8ecf8cf98c49c933248fc429338b820dfb3f4bc7ec6d1,1575893610879,1575893608
0x977944aa1ccbd7c810a8ecf8cf98c49c933248fc429338b820dfb3f4bc7ec6d1,1575893610879,1575893608
0x977944aa1ccbd7c810a8ecf8cf98c49c933248fc429338b820dfb3f4bc7ec6d1,1575893610879,1575893608
0x977944aa1ccbd7c810a8ecf8cf98c49c933248fc429338b820dfb3f4bc7ec6d1,1575893610880,1575893608
0x977944aa1ccbd7c810a8ecf8cf98c49c933248fc429338b820dfb3f4bc7ec6d1,1575893610880,1575893608
0x977944aa1ccbd7c810a8ecf8cf98c49c933248fc429338b820dfb3f4bc7ec6d1,1575893610880,1575893608
0x977944aa1ccbd7c810a8ecf8cf98c49c933248fc429338b820dfb3f4bc7ec6d1,1575893610881,1575893608
0x977944aa1ccbd7c810a8ecf8cf98c49c933248fc429338b820dfb3f4bc7ec6d1,1575893610881,1575893608
0x977944aa1ccbd7c810a8ecf8cf98c49c933248fc429338b820dfb3f4bc7ec6d1,1575893610882,1575893608
0x977944aa1ccbd7c810a8ecf8cf98c49c933248fc429338b820dfb3f4bc7ec6d1,1575893610882,1575893608
0x977944aa1ccbd7c810a8ecf8cf98c49c933248fc429338b820dfb3f4bc7ec6d1,1575893610882,1575893608
0x977944aa1ccbd7c810a8ecf8cf98c49c933248fc429338b820dfb3f4bc7ec6d1,1575893610883,1575893608
0x977944aa1ccbd7c810a8ecf8cf98c49c933248fc429338b820dfb3f4bc7ec6d1,1575893610883,1575893608
0x977944aa1ccbd7c810a8ecf8cf98c49c933248fc429338b820dfb3f4bc7ec6d1,1575893610884,1575893608
0x977944aa1ccbd7c810a8ecf8cf98c49c933248fc429338b820dfb3f4bc7ec6d1,1575893610884,1575893608
0x977944aa1ccbd7c810a8ecf8cf98c49c933248fc429338b820dfb3f4bc7ec6d1,1575893610884,1575893608
0x977944aa1ccbd7c810a8ecf8cf98c49c933248fc429338b820dfb3f4bc7ec6d1,1575893610885,1575893608
0x977944aa1ccbd7c810a8ecf8cf98c49c933248fc429338b820dfb3f4bc7ec6d1,1575893610885,1575893608
0x977944aa1ccbd7c810a8ecf8cf98c49c933248fc429338b820dfb3f4bc7ec6d1,1575893610886,1575893608
0x977944aa1ccbd7c810a8ecf8cf98c49c933248fc429338b820dfb3f4bc7ec6d1,1575893610886,1575893608
0x977944aa1ccbd7c810a8ecf8cf98c49c933248fc429338b820dfb3f4bc7ec6d1,1575893610886,1575893608
0x977944aa1ccbd7c810a8ecf8cf98c49c933248fc429338b820dfb3f4bc7ec6d1,1575893610887,1575893608
0x977944aa1ccbd7c810a8ecf8cf98c49c933248fc429338b820dfb3f4bc7ec6d1,1575893610887,1575893608
0x977944aa1ccbd7c810a8ecf8cf98c49c933248fc429338b820dfb3f4bc7ec6d1,1575893610887,1575893608
0x977944aa1ccbd7c810a8ecf8cf98c49c933248fc429338b820dfb3f4bc7ec6d1,1575893610888,1575893608
0x977944aa1ccbd7c810a8ecf8cf98c49c933248fc429338b820dfb3f4bc7ec6d1,1575893610888,1575893608
0x977944aa1ccbd7c810a8ecf8cf98c49c933248fc429338b820dfb3f4bc7ec6d1,1575893610888,1575893608
0x977944aa1ccbd7c810a8ecf8cf98c49c933248fc429338b820dfb3f4bc7ec6d1,1575893610889,1575893608
0x977944aa1ccbd7c810a8ecf8cf98c49c933248fc429338b820dfb3f4bc7ec6d1,1575893610889,1575893608
0x977944aa1ccbd7c810a8ecf8cf98c49c933248fc429338b820dfb3f4bc7ec6d1,1575893610890,1575893608
0x977944aa1ccbd7c810a8ecf8cf98c49c933248fc429338b820dfb3f4bc7ec6d1,1575893610890,1575893608
0x977944aa1ccbd7c810a8ecf8cf98c49c933248fc429338b820dfb3f4bc7ec6d1,1575893610890,1575893608
0x977944aa1ccbd7c810a8ecf8cf98c49c933248fc429338b820dfb3f4bc7ec6d1,1575893610891,1575893608
0x977944aa1ccbd7c810a8ecf8cf98c49c933248fc429338b820dfb3f4bc7ec6d1,1575893610891,1575893608
0x977944aa1ccbd7c810a8ecf8cf98c49c933248fc429338b820dfb3f4bc7ec6d1,1575893610891,1575893608
0x977944aa1ccbd7c810a8ecf8cf98c49c933248fc429338b820dfb3f4bc7ec6d1,1575893610892,1575893608
0x977944aa1ccbd7c810a8ecf8cf98c49c933248fc429338b820dfb3f4bc7ec6d1,1575893610892,1575893608
0x977944aa1ccbd7c810a8ecf8cf98c49c933248fc429338b820dfb3f4bc7ec6d1,1575893610892,1575893608
0x977944aa1ccbd7c810a8ecf8cf98c49c933248fc429338b820dfb3f4bc7ec6d1,1575893610893,1575893608
0x977944aa1ccbd7c810a8ecf8cf98c49c933248fc429338b820dfb3f4bc7ec6d1,1575893610893,1575893608
0x977944aa1ccbd7c810a8ecf8cf98c49c933248fc429338b820dfb3f4bc7ec6d1,1575893610893,1575893608
0x977944aa1ccbd7c810a8ecf8cf98c49c933248fc429338b820dfb3f4bc7ec6d1,1575893610894,1575893608
0x977944aa1ccbd7c810a8ecf8cf98c49c933248fc429338b820dfb3f4bc7ec6d1,1575893610894,1575893608
0x977944aa1ccbd7c810a8ecf8cf98c49c933248fc429338b820dfb3f4bc7ec6d1,1575893610894,1575893608
0x977944aa1ccbd7c810a8ecf8cf98c49c933248fc429338b820dfb3f4bc7ec6d1,1575893610895,1575893608
0x977944aa1ccbd7c810a8ecf8cf98c49c933248fc429338b820dfb3f4bc7ec6d1,1575893610895,1575893608
0x977944aa1ccbd7c810a8ecf8cf98c49c933248fc429338b820dfb3f4bc7ec6d1,1575893610895,1575893608
0x977944aa1ccbd7c810a8ecf8cf98c49c933248fc429338b820dfb3f4bc7ec6d1,1575893610896,1575893608
0x977944aa1ccbd7c810a8ecf8cf98c49c933248fc429338b820dfb3f4bc7ec6d1,1575893610896,1575893608
0x977944aa1ccbd7c810a8ecf8cf98c49c933248fc429338b820dfb3f4bc7ec6d1,1575893610896,1575893608
0x977944aa1ccbd7c810a8ecf8cf98c49c933248fc429338b820dfb3f4bc7ec6d1,1575893610897,1575893608
0x977944aa1ccbd7c810a8ecf8cf98c49c933248fc429338b820dfb3f4bc7ec6d1,1575893610897,1575893608
0x977944aa1ccbd7c810a8ecf8cf98c49c933248fc429338b820dfb3f4bc7ec6d1,1575893610897,1575893608
0x977944aa1ccbd7c810a8ecf8cf98c49c933248fc429338b820dfb3f4bc7ec6d1,1575893610898,1575893608
0x977944aa1ccbd7c810a8ecf8cf98c49c933248fc429338b820dfb3f4bc7ec6d1,1575893610898,1575893608
0x977944aa1ccbd7c810a8ecf8cf98c49c933248fc429338b820dfb3f4bc7ec6d1,1575893610898,1575893608
0x977944aa1ccbd7c810a8ecf8cf98c49c933248fc429338b820dfb3f4bc7ec6d1,1575893610899,1575893608
0x977944aa1ccbd7c810a8ecf8cf98c49c933248fc429338b820dfb3f4bc7ec6d1,1575893610899,1575893608
0x977944aa1ccbd7c810a8ecf8cf98c49c933248fc429338b820dfb3f4bc7ec6d1,1575893610900,1575893608
0x977944aa1ccbd7c810a8ecf8cf98c49c933248fc429338b820dfb3f4bc7ec6d1,1575893610900,1575893608
0x977944aa1ccbd7c810a8ecf8cf98c49c933248fc429338b820dfb3f4bc7ec6d1,1575893610900,1575893608
0x977944aa1ccbd7c810a8ecf8cf98c49c933248fc429338b820dfb3f4bc7ec6d1,1575893610901,1575893608
0x977944aa1ccbd7c810a8ecf8cf98c49c933248fc429338b820dfb3f4bc7ec6d1,1575893610901,1575893608
0x977944aa1ccbd7c810a8ecf8cf98c49c933248fc429338b820dfb3f4bc7ec6d1,1575893610901,1575893608
0x977944aa1ccbd7c810a8ecf8cf98c49c933248fc429338b820dfb3f4bc7ec6d1,1575893610902,1575893608
0x977944aa1ccbd7c810a8ecf8cf98c49c933248fc429338b820dfb3f4bc7ec6d1,1575893610902,1575893608
0x977944aa1ccbd7c810a8ecf8cf98c49c933248fc429338b820dfb3f4bc7ec6d1,1575893610903,1575893608
0x977944aa1ccbd7c810a8ecf8cf98c49c933248fc429338b820dfb3f4bc7ec6d1,1575893610903,1575893608
0x977944aa1ccbd7c810a8ecf8cf98c49c933248fc429338b820dfb3f4bc7ec6d1,1575893610903,1575893608
0x977944aa1ccbd7c810a8ecf8cf98c49c933248fc429338b820dfb3f4bc7ec6d1,1575893610903,1575893608
0x977944aa1ccbd7c810a8ecf8cf98c49c933248fc429338b820dfb3f4bc7ec6d1,1575893610904,1575893608
0x977944aa1ccbd7c810a8ecf8cf98c49c933248fc429338b820dfb3f4bc7ec6d1,1575893610904,1575893608
0x977944aa1ccbd7c810a8ecf8cf98c49c933248fc429338b820dfb3f4bc7ec6d1,1575893610905,1575893608
0x977944aa1ccbd7c810a8ecf8cf98c49c933248fc429338b820dfb3f4bc7ec6d1,1575893610905,1575893608
0x977944aa1ccbd7c810a8ecf8cf98c49c933248fc429338b820dfb3f4bc7ec6d1,1575893610906,1575893608
0x977944aa1ccbd7c810a8ecf8cf98c49c933248fc429338b820dfb3f4bc7ec6d1,1575893610906,1575893608
0x977944aa1ccbd7c810a8ecf8cf98c49c933248fc429338b820dfb3f4bc7ec6d1,1575893610907,1575893608
0x977944aa1ccbd7c810a8ecf8cf98c49c933248fc429338b820dfb3f4bc7ec6d1,1575893610907,1575893608
0x977944aa1ccbd7c810a8ecf8cf98c49c933248fc429338b820dfb3f4bc7ec6d1,1575893610907,1575893608
0x977944aa1ccbd7c810a8ecf8cf98c49c933248fc429338b820dfb3f4bc7ec6d1,1575893610908,1575893608
0x977944aa1ccbd7c810a8ecf8cf98c49c933248fc429338b820dfb3f4bc7ec6d1,1575893610908,1575893608
0x977944aa1ccbd7c810a8ecf8cf98c49c933248fc429338b820dfb3f4bc7ec6d1,1575893610908,1575893608
0x977944aa1ccbd7c810a8ecf8cf98c49c933248fc429338b820dfb3f4bc7ec6d1,1575893610909,1575893608
0x977944aa1ccbd7c810a8ecf8cf98c49c933248fc429338b820dfb3f4bc7ec6d1,1575893610909,1575893608
0x977944aa1ccbd7c810a8ecf8cf98c49c933248fc429338b820dfb3f4bc7ec6d1,1575893610909,1575893608
0x977944aa1ccbd7c810a8ecf8cf98c49c933248fc429338b820dfb3f4bc7ec6d1,1575893610910,1575893608
0x977944aa1ccbd7c810a8ecf8cf98c49c933248fc429338b820dfb3f4bc7ec6d1,1575893610910,1575893608
0x977944aa1ccbd7c810a8ecf8cf98c49c933248fc429338b820dfb3f4bc7ec6d1,1575893610911,1575893608
0x977944aa1ccbd7c810a8ecf8cf98c49c933248fc429338b820dfb3f4bc7ec6d1,1575893610911,1575893608
0x977944aa1ccbd7c810a8ecf8cf98c49c933248fc429338b820dfb3f4bc7ec6d1,1575893610911,1575893608
0x977944aa1ccbd7c810a8ecf8cf98c49c933248fc429338b820dfb3f4bc7ec6d1,1575893610912,1575893608
0x977944aa1ccbd7c810a8ecf8cf98c49c933248fc429338b820dfb3f4bc7ec6d1,1575893610912,1575893608
0x977944aa1ccbd7c810a8ecf8cf98c49c933248fc429338b820dfb3f4bc7ec6d1,1575893610912,1575893608
0x977944aa1ccbd7c810a8ecf8cf98c49c933248fc429338b820dfb3f4bc7ec6d1,1575893610913,1575893608
0x977944aa1ccbd7c810a8ecf8cf98c49c933248fc429338b820dfb3f4bc7ec6d1,1575893610913,1575893608
0x977944aa1ccbd7c810a8ecf8cf98c49c933248fc429338b820dfb3f4bc7ec6d1,1575893610913,1575893608
0x977944aa1ccbd7c810a8ecf8cf98c49c933248fc429338b820dfb3f4bc7ec6d1,1575893610914,1575893608
0x977944aa1ccbd7c810a8ecf8cf98c49c933248fc429338b820dfb3f4bc7ec6d1,1575893610914,1575893608
0x977944aa1ccbd7c810a8ecf8cf98c49c933248fc429338b820dfb3f4bc7ec6d1,1575893610914,1575893608
0x977944aa1ccbd7c810a8ecf8cf98c49c933248fc429338b820dfb3f4bc7ec6d1,1575893610915,1575893608
0x977944aa1ccbd7c810a8ecf8cf98c49c933248fc429338b820dfb3f4bc7ec6d1,1575893610915,1575893608
0x977944aa1ccbd7c810a8ecf8cf98c49c933248fc429338b820dfb3f4bc7ec6d1,1575893610915,1575893608
0x977944aa1ccbd7c810a8ecf8cf98c49c933248fc429338b820dfb3f4bc7ec6d1,1575893610916,1575893608
0x977944aa1ccbd7c810a8ecf8cf98c49c933248fc429338b820dfb3f4bc7ec6d1,1575893610916,1575893608
0x977944aa1ccbd7c810a8ecf8cf98c49c933248fc429338b820dfb3f4bc7ec6d1,1575893610916,1575893608
0x977944aa1ccbd7c810a8ecf8cf98c49c933248fc429338b820dfb3f4bc7ec6d1,1575893610917,1575893608
0x977944aa1ccbd7c810a8ecf8cf98c49c933248fc429338b820dfb3f4bc7ec6d1,1575893610917,1575893608
0x977944aa1ccbd7c810a8ecf8cf98c49c933248fc429338b820dfb3f4bc7ec6d1,1575893610918,1575893608
0x977944aa1ccbd7c810a8ecf8cf98c49c933248fc429338b820dfb3f4bc7ec6d1,1575893610918,1575893608
0x977944aa1ccbd7c810a8ecf8cf98c49c933248fc429338b820dfb3f4bc7ec6d1,1575893610918,1575893608
0x977944aa1ccbd7c810a8ecf8cf98c49c933248fc429338b820dfb3f4bc7ec6d1,1575893610919,1575893608
0x977944aa1ccbd7c810a8ecf8cf98c49c933248fc429338b820dfb3f4bc7ec6d1,1575893610919,1575893608
0x977944aa1ccbd7c810a8ecf8cf98c49c933248fc429338b820dfb3f4bc7ec6d1,1575893610919,1575893608
0x977944aa1ccbd7c810a8ecf8cf98c49c933248fc429338b820dfb3f4bc7ec6d1,1575893610920,1575893608
0x977944aa1ccbd7c810a8ecf8cf98c49c933248fc429338b820dfb3f4bc7ec6d1,1575893610920,1575893608
0x977944aa1ccbd7c810a8ecf8cf98c49c933248fc429338b820dfb3f4bc7ec6d1,1575893610920,1575893608
0x977944aa1ccbd7c810a8ecf8cf98c49c933248fc429338b820dfb3f4bc7ec6d1,1575893610921,1575893608
0x977944aa1ccbd7c810a8ecf8cf98c49c933248fc429338b820dfb3f4bc7ec6d1,1575893610921,1575893608
0x977944aa1ccbd7c810a8ecf8cf98c49c933248fc429338b820dfb3f4bc7ec6d1,1575893610922,1575893608
0x977944aa1ccbd7c810a8ecf8cf98c49c933248fc429338b820dfb3f4bc7ec6d1,1575893610922,1575893608
0x977944aa1ccbd7c810a8ecf8cf98c49c933248fc429338b820dfb3f4bc7ec6d1,1575893610922,1575893608
0x977944aa1ccbd7c810a8ecf8cf98c49c933248fc429338b820dfb3f4bc7ec6d1,1575893610923,1575893608
0x977944aa1ccbd7c810a8ecf8cf98c49c933248fc429338b820dfb3f4bc7ec6d1,1575893610923,1575893608
0x977944aa1ccbd7c810a8ecf8cf98c49c933248fc429338b820dfb3f4bc7ec6d1,1575893610923,1575893608
0x977944aa1ccbd7c810a8ecf8cf98c49c933248fc429338b820dfb3f4bc7ec6d1,1575893610924,1575893608
0x977944aa1ccbd7c810a8ecf8cf98c49c933248fc429338b820dfb3f4bc7ec6d1,1575893610924,1575893608
0x977944aa1ccbd7c810a8ecf8cf98c49c933248fc429338b820dfb3f4bc7ec6d1,1575893610924,1575893608
0x977944aa1ccbd7c810a8ecf8cf98c49c933248fc429338b820dfb3f4bc7ec6d1,1575893610925,1575893608
0x977944aa1ccbd7c810a8ecf8cf98c49c933248fc429338b820dfb3f4bc7ec6d1,1575893610925,1575893608
0x977944aa1ccbd7c810a8ecf8cf98c49c933248fc429338b820dfb3f4bc7ec6d1,1575893610925,1575893608
0x977944aa1ccbd7c810a8ecf8cf98c49c933248fc429338b820dfb3f4bc7ec6d1,1575893610925,1575893608
0x977944aa1ccbd7c810a8ecf8cf98c49c933248fc429338b820dfb3f4bc7ec6d1,1575893610926,1575893608
0x977944aa1ccbd7c810a8ecf8cf98c49c933248fc429338b820dfb3f4bc7ec6d1,1575893610926,1575893608
0x977944aa1ccbd7c810a8ecf8cf98c49c933248fc429338b820dfb3f4bc7ec6d1,1575893610927,1575893608
0x977944aa1ccbd7c810a8ecf8cf98c49c933248fc429338b820dfb3f4bc7ec6d1,1575893610927,1575893608
0x977944aa1ccbd7c810a8ecf8cf98c49c933248fc429338b820dfb3f4bc7ec6d1,1575893610927,1575893608
0x977944aa1ccbd7c810a8ecf8cf98c49c933248fc429338b820dfb3f4bc7ec6d1,1575893610928,1575893608
0x977944aa1ccbd7c810a8ecf8cf98c49c933248fc429338b820dfb3f4bc7ec6d1,1575893610928,1575893608
0x977944aa1ccbd7c810a8ecf8cf98c49c933248fc429338b820dfb3f4bc7ec6d1,1575893610928,1575893608
0x977944aa1ccbd7c810a8ecf8cf98c49c933248fc429338b820dfb3f4bc7ec6d1,1575893610929,1575893608
0x977944aa1ccbd7c810a8ecf8cf98c49c933248fc429338b820dfb3f4bc7ec6d1,1575893610929,1575893608
0x977944aa1ccbd7c810a8ecf8cf98c49c933248fc429338b820dfb3f4bc7ec6d1,1575893610929,1575893608
0x977944aa1ccbd7c810a8ecf8cf98c49c933248fc429338b820dfb3f4bc7ec6d1,1575893610930,1575893608
0x977944aa1ccbd7c810a8ecf8cf98c49c933248fc429338b820dfb3f4bc7ec6d1,1575893610930,1575893608
0x977944aa1ccbd7c810a8ecf8cf98c49c933248fc429338b820dfb3f4bc7ec6d1,1575893610930,1575893608
0x977944aa1ccbd7c810a8ecf8cf98c49c933248fc429338b820dfb3f4bc7ec6d1,1575893610931,1575893608
0x977944aa1ccbd7c810a8ecf8cf98c49c933248fc429338b820dfb3f4bc7ec6d1,1575893611968,1575893610
0x977944aa1ccbd7c810a8ecf8cf98c49c933248fc429338b820dfb3f4bc7ec6d1,1575893611968,1575893610
0x977944aa1ccbd7c810a8ecf8cf98c49c933248fc429338b820dfb3f4bc7ec6d1,1575893611969,1575893610
0x977944aa1ccbd7c810a8ecf8cf98c49c933248fc429338b820dfb3f4bc7ec6d1,1575893611969,1575893610
0x977944aa1ccbd7c810a8ecf8cf98c49c933248fc429338b820dfb3f4bc7ec6d1,1575893611969,1575893610
0x977944aa1ccbd7c810a8ecf8cf98c49c933248fc429338b820dfb3f4bc7ec6d1,1575893611970,1575893610
0x977944aa1ccbd7c810a8ecf8cf98c49c933248fc429338b820dfb3f4bc7ec6d1,1575893611970,1575893610
0x977944aa1ccbd7c810a8ecf8cf98c49c933248fc429338b820dfb3f4bc7ec6d1,1575893611970,1575893610
0x977944aa1ccbd7c810a8ecf8cf98c49c933248fc429338b820dfb3f4bc7ec6d1,1575893611971,1575893610
0x977944aa1ccbd7c810a8ecf8cf98c49c933248fc429338b820dfb3f4bc7ec6d1,1575893611971,1575893610
0x977944aa1ccbd7c810a8ecf8cf98c49c933248fc429338b820dfb3f4bc7ec6d1,1575893611971,1575893610
0x977944aa1ccbd7c810a8ecf8cf98c49c933248fc429338b820dfb3f4bc7ec6d1,1575893611971,1575893610
0x977944aa1ccbd7c810a8ecf8cf98c49c933248fc429338b820dfb3f4bc7ec6d1,1575893611972,1575893610
0x977944aa1ccbd7c810a8ecf8cf98c49c933248fc429338b820dfb3f4bc7ec6d1,1575893611972,1575893610
0x977944aa1ccbd7c810a8ecf8cf98c49c933248fc429338b820dfb3f4bc7ec6d1,1575893611972,1575893610
0x977944aa1ccbd7c810a8ecf8cf98c49c933248fc429338b820dfb3f4bc7ec6d1,1575893611972,1575893610
0x977944aa1ccbd7c810a8ecf8cf98c49c933248fc429338b820dfb3f4bc7ec6d1,1575893611973,1575893610
0x977944aa1ccbd7c810a8ecf8cf98c49c933248fc429338b820dfb3f4bc7ec6d1,1575893611973,1575893610
0x977944aa1ccbd7c810a8ecf8cf98c49c933248fc429338b820dfb3f4bc7ec6d1,1575893611973,1575893610
0x977944aa1ccbd7c810a8ecf8cf98c49c933248fc429338b820dfb3f4bc7ec6d1,1575893611974,1575893610
0x977944aa1ccbd7c810a8ecf8cf98c49c933248fc429338b820dfb3f4bc7ec6d1,1575893611974,1575893610
0x977944aa1ccbd7c810a8ecf8cf98c49c933248fc429338b820dfb3f4bc7ec6d1,1575893611974,1575893610
0x977944aa1ccbd7c810a8ecf8cf98c49c933248fc429338b820dfb3f4bc7ec6d1,1575893611974,1575893610
0x977944aa1ccbd7c810a8ecf8cf98c49c933248fc429338b820dfb3f4bc7ec6d1,1575893611975,1575893610
0x977944aa1ccbd7c810a8ecf8cf98c49c933248fc429338b820dfb3f4bc7ec6d1,1575893611975,1575893610
0x977944aa1ccbd7c810a8ecf8cf98c49c933248fc429338b820dfb3f4bc7ec6d1,1575893611975,1575893610
0x977944aa1ccbd7c810a8ecf8cf98c49c933248fc429338b820dfb3f4bc7ec6d1,1575893611975,1575893610
0x977944aa1ccbd7c810a8ecf8cf98c49c933248fc429338b820dfb3f4bc7ec6d1,1575893611976,1575893610
0x977944aa1ccbd7c810a8ecf8cf98c49c933248fc429338b820dfb3f4bc7ec6d1,1575893611976,1575893610
0x977944aa1ccbd7c810a8ecf8cf98c49c933248fc429338b820dfb3f4bc7ec6d1,1575893611976,1575893610
0x977944aa1ccbd7c810a8ecf8cf98c49c933248fc429338b820dfb3f4bc7ec6d1,1575893611977,1575893610
0x977944aa1ccbd7c810a8ecf8cf98c49c933248fc429338b820dfb3f4bc7ec6d1,1575893611977,1575893610
0x977944aa1ccbd7c810a8ecf8cf98c49c933248fc429338b820dfb3f4bc7ec6d1,1575893611977,1575893610
0x977944aa1ccbd7c810a8ecf8cf98c49c933248fc429338b820dfb3f4bc7ec6d1,1575893611978,1575893610
0x977944aa1ccbd7c810a8ecf8cf98c49c933248fc429338b820dfb3f4bc7ec6d1,1575893611978,1575893610
0x977944aa1ccbd7c810a8ecf8cf98c49c933248fc429338b820dfb3f4bc7ec6d1,1575893611978,1575893610
0x977944aa1ccbd7c810a8ecf8cf98c49c933248fc429338b820dfb3f4bc7ec6d1,1575893611979,1575893610
0x977944aa1ccbd7c810a8ecf8cf98c49c933248fc429338b820dfb3f4bc7ec6d1,1575893611979,1575893610
0x977944aa1ccbd7c810a8ecf8cf98c49c933248fc429338b820dfb3f4bc7ec6d1,1575893611979,1575893610
0x977944aa1ccbd7c810a8ecf8cf98c49c933248fc429338b820dfb3f4bc7ec6d1,1575893611979,1575893610
0x977944aa1ccbd7c810a8ecf8cf98c49c933248fc429338b820dfb3f4bc7ec6d1,1575893611980,1575893610
0x977944aa1ccbd7c810a8ecf8cf98c49c933248fc429338b820dfb3f4bc7ec6d1,1575893611980,1575893610
0x977944aa1ccbd7c810a8ecf8cf98c49c933248fc429338b820dfb3f4bc7ec6d1,1575893611980,1575893610
0x977944aa1ccbd7c810a8ecf8cf98c49c933248fc429338b820dfb3f4bc7ec6d1,1575893611981,1575893610
0x977944aa1ccbd7c810a8ecf8cf98c49c933248fc429338b820dfb3f4bc7ec6d1,1575893611981,1575893610
0x977944aa1ccbd7c810a8ecf8cf98c49c933248fc429338b820dfb3f4bc7ec6d1,1575893611981,1575893610
0x977944aa1ccbd7c810a8ecf8cf98c49c933248fc429338b820dfb3f4bc7ec6d1,1575893611982,1575893610
0x977944aa1ccbd7c810a8ecf8cf98c49c933248fc429338b820dfb3f4bc7ec6d1,1575893611982,1575893610
0x977944aa1ccbd7c810a8ecf8cf98c49c933248fc429338b820dfb3f4bc7ec6d1,1575893611983,1575893610
0x977944aa1ccbd7c810a8ecf8cf98c49c933248fc429338b820dfb3f4bc7ec6d1,1575893611983,1575893610
0x977944aa1ccbd7c810a8ecf8cf98c49c933248fc429338b820dfb3f4bc7ec6d1,1575893611983,1575893610
0x977944aa1ccbd7c810a8ecf8cf98c49c933248fc429338b820dfb3f4bc7ec6d1,1575893611983,1575893610
0x977944aa1ccbd7c810a8ecf8cf98c49c933248fc429338b820dfb3f4bc7ec6d1,1575893611984,1575893610
0x977944aa1ccbd7c810a8ecf8cf98c49c933248fc429338b820dfb3f4bc7ec6d1,1575893611984,1575893610
0x977944aa1ccbd7c810a8ecf8cf98c49c933248fc429338b820dfb3f4bc7ec6d1,1575893611984,1575893610
0x977944aa1ccbd7c810a8ecf8cf98c49c933248fc429338b820dfb3f4bc7ec6d1,1575893611984,1575893610
0x977944aa1ccbd7c810a8ecf8cf98c49c933248fc429338b820dfb3f4bc7ec6d1,1575893611985,1575893610
0x977944aa1ccbd7c810a8ecf8cf98c49c933248fc429338b820dfb3f4bc7ec6d1,1575893611985,1575893610
0x977944aa1ccbd7c810a8ecf8cf98c49c933248fc429338b820dfb3f4bc7ec6d1,1575893611985,1575893610
0x977944aa1ccbd7c810a8ecf8cf98c49c933248fc429338b820dfb3f4bc7ec6d1,1575893611986,1575893610
0x977944aa1ccbd7c810a8ecf8cf98c49c933248fc429338b820dfb3f4bc7ec6d1,1575893611986,1575893610
0x977944aa1ccbd7c810a8ecf8cf98c49c933248fc429338b820dfb3f4bc7ec6d1,1575893611986,1575893610
0x977944aa1ccbd7c810a8ecf8cf98c49c933248fc429338b820dfb3f4bc7ec6d1,1575893611987,1575893610
0x977944aa1ccbd7c810a8ecf8cf98c49c933248fc429338b820dfb3f4bc7ec6d1,1575893611987,1575893610
0x977944aa1ccbd7c810a8ecf8cf98c49c933248fc429338b820dfb3f4bc7ec6d1,1575893611987,1575893610
0x977944aa1ccbd7c810a8ecf8cf98c49c933248fc429338b820dfb3f4bc7ec6d1,1575893611988,1575893610
0x977944aa1ccbd7c810a8ecf8cf98c49c933248fc429338b820dfb3f4bc7ec6d1,1575893611988,1575893610
0x977944aa1ccbd7c810a8ecf8cf98c49c933248fc429338b820dfb3f4bc7ec6d1,1575893611988,1575893610
0x977944aa1ccbd7c810a8ecf8cf98c49c933248fc429338b820dfb3f4bc7ec6d1,1575893611988,1575893610
0x977944aa1ccbd7c810a8ecf8cf98c49c933248fc429338b820dfb3f4bc7ec6d1,1575893611989,1575893610
0x977944aa1ccbd7c810a8ecf8cf98c49c933248fc429338b820dfb3f4bc7ec6d1,1575893611989,1575893610
0x977944aa1ccbd7c810a8ecf8cf98c49c933248fc429338b820dfb3f4bc7ec6d1,1575893611989,1575893610
0x977944aa1ccbd7c810a8ecf8cf98c49c933248fc429338b820dfb3f4bc7ec6d1,1575893611989,1575893610
0x977944aa1ccbd7c810a8ecf8cf98c49c933248fc429338b820dfb3f4bc7ec6d1,1575893611990,1575893610
0x977944aa1ccbd7c810a8ecf8cf98c49c933248fc429338b820dfb3f4bc7ec6d1,1575893611990,1575893610
0x977944aa1ccbd7c810a8ecf8cf98c49c933248fc429338b820dfb3f4bc7ec6d1,1575893611990,1575893610
0x977944aa1ccbd7c810a8ecf8cf98c49c933248fc429338b820dfb3f4bc7ec6d1,1575893611990,1575893610
0x977944aa1ccbd7c810a8ecf8cf98c49c933248fc429338b820dfb3f4bc7ec6d1,1575893611991,1575893610
0x977944aa1ccbd7c810a8ecf8cf98c49c933248fc429338b820dfb3f4bc7ec6d1,1575893611991,1575893610
0x977944aa1ccbd7c810a8ecf8cf98c49c933248fc429338b820dfb3f4bc7ec6d1,1575893611991,1575893610
0x977944aa1ccbd7c810a8ecf8cf98c49c933248fc429338b820dfb3f4bc7ec6d1,1575893611992,1575893610
0x977944aa1ccbd7c810a8ecf8cf98c49c933248fc429338b820dfb3f4bc7ec6d1,1575893611992,1575893610
0x977944aa1ccbd7c810a8ecf8cf98c49c933248fc429338b820dfb3f4bc7ec6d1,1575893611992,1575893610
0x977944aa1ccbd7c810a8ecf8cf98c49c933248fc429338b820dfb3f4bc7ec6d1,1575893611992,1575893610
0x977944aa1ccbd7c810a8ecf8cf98c49c933248fc429338b820dfb3f4bc7ec6d1,1575893611993,1575893610
0x977944aa1ccbd7c810a8ecf8cf98c49c933248fc429338b820dfb3f4bc7ec6d1,1575893611993,1575893610
0x977944aa1ccbd7c810a8ecf8cf98c49c933248fc429338b820dfb3f4bc7ec6d1,1575893611993,1575893610
0x977944aa1ccbd7c810a8ecf8cf98c49c933248fc429338b820dfb3f4bc7ec6d1,1575893611993,1575893610
0x977944aa1ccbd7c810a8ecf8cf98c49c933248fc429338b820dfb3f4bc7ec6d1,1575893611994,1575893610
0x977944aa1ccbd7c810a8ecf8cf98c49c933248fc429338b820dfb3f4bc7ec6d1,1575893611994,1575893610
0x977944aa1ccbd7c810a8ecf8cf98c49c933248fc429338b820dfb3f4bc7ec6d1,1575893611994,1575893610
0x977944aa1ccbd7c810a8ecf8cf98c49c933248fc429338b820dfb3f4bc7ec6d1,1575893611994,1575893610
0x977944aa1ccbd7c810a8ecf8cf98c49c933248fc429338b820dfb3f4bc7ec6d1,1575893611995,1575893610
0x977944aa1ccbd7c810a8ecf8cf98c49c933248fc429338b820dfb3f4bc7ec6d1,1575893611995,1575893610
0x977944aa1ccbd7c810a8ecf8cf98c49c933248fc429338b820dfb3f4bc7ec6d1,1575893611995,1575893610
0x977944aa1ccbd7c810a8ecf8cf98c49c933248fc429338b820dfb3f4bc7ec6d1,1575893611996,1575893610
0x977944aa1ccbd7c810a8ecf8cf98c49c933248fc429338b820dfb3f4bc7ec6d1,1575893611996,1575893610
0x977944aa1ccbd7c810a8ecf8cf98c49c933248fc429338b820dfb3f4bc7ec6d1,1575893611996,1575893610
0x977944aa1ccbd7c810a8ecf8cf98c49c933248fc429338b820dfb3f4bc7ec6d1,1575893611997,1575893610
0x977944aa1ccbd7c810a8ecf8cf98c49c933248fc429338b820dfb3f4bc7ec6d1,1575893611997,1575893610
0x977944aa1ccbd7c810a8ecf8cf98c49c933248fc429338b820dfb3f4bc7ec6d1,1575893611998,1575893610
0x977944aa1ccbd7c810a8ecf8cf98c49c933248fc429338b820dfb3f4bc7ec6d1,1575893611999,1575893610
0x977944aa1ccbd7c810a8ecf8cf98c49c933248fc429338b820dfb3f4bc7ec6d1,1575893611999,1575893610
0x977944aa1ccbd7c810a8ecf8cf98c49c933248fc429338b820dfb3f4bc7ec6d1,1575893611999,1575893610
0x977944aa1ccbd7c810a8ecf8cf98c49c933248fc429338b820dfb3f4bc7ec6d1,1575893612000,1575893610
0x977944aa1ccbd7c810a8ecf8cf98c49c933248fc429338b820dfb3f4bc7ec6d1,1575893612000,1575893610
0x977944aa1ccbd7c810a8ecf8cf98c49c933248fc429338b820dfb3f4bc7ec6d1,1575893612000,1575893610
0x977944aa1ccbd7c810a8ecf8cf98c49c933248fc429338b820dfb3f4bc7ec6d1,1575893612000,1575893610
0x977944aa1ccbd7c810a8ecf8cf98c49c933248fc429338b820dfb3f4bc7ec6d1,1575893612001,1575893610
0x977944aa1ccbd7c810a8ecf8cf98c49c933248fc429338b820dfb3f4bc7ec6d1,1575893612001,1575893610
0x977944aa1ccbd7c810a8ecf8cf98c49c933248fc429338b820dfb3f4bc7ec6d1,1575893612002,1575893610
0x977944aa1ccbd7c810a8ecf8cf98c49c933248fc429338b820dfb3f4bc7ec6d1,1575893612002,1575893610
0x977944aa1ccbd7c810a8ecf8cf98c49c933248fc429338b820dfb3f4bc7ec6d1,1575893612002,1575893610
0x977944aa1ccbd7c810a8ecf8cf98c49c933248fc429338b820dfb3f4bc7ec6d1,1575893612002,1575893610
0x977944aa1ccbd7c810a8ecf8cf98c49c933248fc429338b820dfb3f4bc7ec6d1,1575893612003,1575893610
0x977944aa1ccbd7c810a8ecf8cf98c49c933248fc429338b820dfb3f4bc7ec6d1,1575893612003,1575893610
0x977944aa1ccbd7c810a8ecf8cf98c49c933248fc429338b820dfb3f4bc7ec6d1,1575893612003,1575893610
0x977944aa1ccbd7c810a8ecf8cf98c49c933248fc429338b820dfb3f4bc7ec6d1,1575893612003,1575893610
0x977944aa1ccbd7c810a8ecf8cf98c49c933248fc429338b820dfb3f4bc7ec6d1,1575893612004,1575893610
0x977944aa1ccbd7c810a8ecf8cf98c49c933248fc429338b820dfb3f4bc7ec6d1,1575893612004,1575893610
0x977944aa1ccbd7c810a8ecf8cf98c49c933248fc429338b820dfb3f4bc7ec6d1,1575893612004,1575893610
0x977944aa1ccbd7c810a8ecf8cf98c49c933248fc429338b820dfb3f4bc7ec6d1,1575893612005,1575893610
0x977944aa1ccbd7c810a8ecf8cf98c49c933248fc429338b820dfb3f4bc7ec6d1,1575893612005,1575893610
0x977944aa1ccbd7c810a8ecf8cf98c49c933248fc429338b820dfb3f4bc7ec6d1,1575893612005,1575893610
0x977944aa1ccbd7c810a8ecf8cf98c49c933248fc429338b820dfb3f4bc7ec6d1,1575893612005,1575893610
0x977944aa1ccbd7c810a8ecf8cf98c49c933248fc429338b820dfb3f4bc7ec6d1,1575893612006,1575893610
0x977944aa1ccbd7c810a8ecf8cf98c49c933248fc429338b820dfb3f4bc7ec6d1,1575893612006,1575893610
0x977944aa1ccbd7c810a8ecf8cf98c49c933248fc429338b820dfb3f4bc7ec6d1,1575893612006,1575893610
0x977944aa1ccbd7c810a8ecf8cf98c49c933248fc429338b820dfb3f4bc7ec6d1,1575893612007,1575893610
0x977944aa1ccbd7c810a8ecf8cf98c49c933248fc429338b820dfb3f4bc7ec6d1,1575893612007,1575893610
0x977944aa1ccbd7c810a8ecf8cf98c49c933248fc429338b820dfb3f4bc7ec6d1,1575893612007,1575893610
0x977944aa1ccbd7c810a8ecf8cf98c49c933248fc429338b820dfb3f4bc7ec6d1,1575893612007,1575893610
0x977944aa1ccbd7c810a8ecf8cf98c49c933248fc429338b820dfb3f4bc7ec6d1,1575893612008,1575893610
0x977944aa1ccbd7c810a8ecf8cf98c49c933248fc429338b820dfb3f4bc7ec6d1,1575893612008,1575893610
0x977944aa1ccbd7c810a8ecf8cf98c49c933248fc429338b820dfb3f4bc7ec6d1,1575893612008,1575893610
0x977944aa1ccbd7c810a8ecf8cf98c49c933248fc429338b820dfb3f4bc7ec6d1,1575893612008,1575893610
0x977944aa1ccbd7c810a8ecf8cf98c49c933248fc429338b820dfb3f4bc7ec6d1,1575893612009,1575893610
0x977944aa1ccbd7c810a8ecf8cf98c49c933248fc429338b820dfb3f4bc7ec6d1,1575893612009,1575893610
0x977944aa1ccbd7c810a8ecf8cf98c49c933248fc429338b820dfb3f4bc7ec6d1,1575893612010,1575893610
0x977944aa1ccbd7c810a8ecf8cf98c49c933248fc429338b820dfb3f4bc7ec6d1,1575893612010,1575893610
0x977944aa1ccbd7c810a8ecf8cf98c49c933248fc429338b820dfb3f4bc7ec6d1,1575893612011,1575893610
0x977944aa1ccbd7c810a8ecf8cf98c49c933248fc429338b820dfb3f4bc7ec6d1,1575893612011,1575893610
0x977944aa1ccbd7c810a8ecf8cf98c49c933248fc429338b820dfb3f4bc7ec6d1,1575893612011,1575893610
0x977944aa1ccbd7c810a8ecf8cf98c49c933248fc429338b820dfb3f4bc7ec6d1,1575893612011,1575893610
0x977944aa1ccbd7c810a8ecf8cf98c49c933248fc429338b820dfb3f4bc7ec6d1,1575893612012,1575893610
0x977944aa1ccbd7c810a8ecf8cf98c49c933248fc429338b820dfb3f4bc7ec6d1,1575893612013,1575893610
0x977944aa1ccbd7c810a8ecf8cf98c49c933248fc429338b820dfb3f4bc7ec6d1,1575893612013,1575893610
0x977944aa1ccbd7c810a8ecf8cf98c49c933248fc429338b820dfb3f4bc7ec6d1,1575893612013,1575893610
0x977944aa1ccbd7c810a8ecf8cf98c49c933248fc429338b820dfb3f4bc7ec6d1,1575893612014,1575893610
0x977944aa1ccbd7c810a8ecf8cf98c49c933248fc429338b820dfb3f4bc7ec6d1,1575893612014,1575893610
0x977944aa1ccbd7c810a8ecf8cf98c49c933248fc429338b820dfb3f4bc7ec6d1,1575893612014,1575893610
0x977944aa1ccbd7c810a8ecf8cf98c49c933248fc429338b820dfb3f4bc7ec6d1,1575893612015,1575893610
0x977944aa1ccbd7c810a8ecf8cf98c49c933248fc429338b820dfb3f4bc7ec6d1,1575893612015,1575893610
0x977944aa1ccbd7c810a8ecf8cf98c49c933248fc429338b820dfb3f4bc7ec6d1,1575893612015,1575893610
0x977944aa1ccbd7c810a8ecf8cf98c49c933248fc429338b820dfb3f4bc7ec6d1,1575893612015,1575893610
0x977944aa1ccbd7c810a8ecf8cf98c49c933248fc429338b820dfb3f4bc7ec6d1,1575893612016,1575893610
0x977944aa1ccbd7c810a8ecf8cf98c49c933248fc429338b820dfb3f4bc7ec6d1,1575893612016,1575893610
0x977944aa1ccbd7c810a8ecf8cf98c49c933248fc429338b820dfb3f4bc7ec6d1,1575893612016,1575893610
0x977944aa1ccbd7c810a8ecf8cf98c49c933248fc429338b820dfb3f4bc7ec6d1,1575893612016,1575893610
0x977944aa1ccbd7c810a8ecf8cf98c49c933248fc429338b820dfb3f4bc7ec6d1,1575893612017,1575893610
0x977944aa1ccbd7c810a8ecf8cf98c49c933248fc429338b820dfb3f4bc7ec6d1,1575893612017,1575893610
0x977944aa1ccbd7c810a8ecf8cf98c49c933248fc429338b820dfb3f4bc7ec6d1,1575893612017,1575893610
0x977944aa1ccbd7c810a8ecf8cf98c49c933248fc429338b820dfb3f4bc7ec6d1,1575893612018,1575893610
0x977944aa1ccbd7c810a8ecf8cf98c49c933248fc429338b820dfb3f4bc7ec6d1,1575893612018,1575893610
0x977944aa1ccbd7c810a8ecf8cf98c49c933248fc429338b820dfb3f4bc7ec6d1,1575893612018,1575893610
0x977944aa1ccbd7c810a8ecf8cf98c49c933248fc429338b820dfb3f4bc7ec6d1,1575893612018,1575893610
0x977944aa1ccbd7c810a8ecf8cf98c49c933248fc429338b820dfb3f4bc7ec6d1,1575893612019,1575893610
0x977944aa1ccbd7c810a8ecf8cf98c49c933248fc429338b820dfb3f4bc7ec6d1,1575893612019,1575893610
0x977944aa1ccbd7c810a8ecf8cf98c49c933248fc429338b820dfb3f4bc7ec6d1,1575893612019,1575893610
0x977944aa1ccbd7c810a8ecf8cf98c49c933248fc429338b820dfb3f4bc7ec6d1,1575893612020,1575893610
0x977944aa1ccbd7c810a8ecf8cf98c49c933248fc429338b820dfb3f4bc7ec6d1,1575893612020,1575893610
0x977944aa1ccbd7c810a8ecf8cf98c49c933248fc429338b820dfb3f4bc7ec6d1,1575893612020,1575893610
0x977944aa1ccbd7c810a8ecf8cf98c49c933248fc429338b820dfb3f4bc7ec6d1,1575893612021,1575893610
0x977944aa1ccbd7c810a8ecf8cf98c49c933248fc429338b820dfb3f4bc7ec6d1,1575893612021,1575893610
0x977944aa1ccbd7c810a8ecf8cf98c49c933248fc429338b820dfb3f4bc7ec6d1,1575893612021,1575893610
0x977944aa1ccbd7c810a8ecf8cf98c49c933248fc429338b820dfb3f4bc7ec6d1,1575893612021,1575893610
0x977944aa1ccbd7c810a8ecf8cf98c49c933248fc429338b820dfb3f4bc7ec6d1,1575893612711,1575893611
0x977944aa1ccbd7c810a8ecf8cf98c49c933248fc429338b820dfb3f4bc7ec6d1,1575893612711,1575893611
0x977944aa1ccbd7c810a8ecf8cf98c49c933248fc429338b820dfb3f4bc7ec6d1,1575893612711,1575893611
0x977944aa1ccbd7c810a8ecf8cf98c49c933248fc429338b820dfb3f4bc7ec6d1,1575893612712,1575893611
0x977944aa1ccbd7c810a8ecf8cf98c49c933248fc429338b820dfb3f4bc7ec6d1,1575893612712,1575893611
0x977944aa1ccbd7c810a8ecf8cf98c49c933248fc429338b820dfb3f4bc7ec6d1,1575893612713,1575893611
0x977944aa1ccbd7c810a8ecf8cf98c49c933248fc429338b820dfb3f4bc7ec6d1,1575893612713,1575893611
0x977944aa1ccbd7c810a8ecf8cf98c49c933248fc429338b820dfb3f4bc7ec6d1,1575893612713,1575893611
0x977944aa1ccbd7c810a8ecf8cf98c49c933248fc429338b820dfb3f4bc7ec6d1,1575893612714,1575893611
0x977944aa1ccbd7c810a8ecf8cf98c49c933248fc429338b820dfb3f4bc7ec6d1,1575893612714,1575893611
0x977944aa1ccbd7c810a8ecf8cf98c49c933248fc429338b820dfb3f4bc7ec6d1,1575893612715,1575893611
0x977944aa1ccbd7c810a8ecf8cf98c49c933248fc429338b820dfb3f4bc7ec6d1,1575893612715,1575893611
0x977944aa1ccbd7c810a8ecf8cf98c49c933248fc429338b820dfb3f4bc7ec6d1,1575893612715,1575893611
0x977944aa1ccbd7c810a8ecf8cf98c49c933248fc429338b820dfb3f4bc7ec6d1,1575893612716,1575893611
0x977944aa1ccbd7c810a8ecf8cf98c49c933248fc429338b820dfb3f4bc7ec6d1,1575893612716,1575893611
0x977944aa1ccbd7c810a8ecf8cf98c49c933248fc429338b820dfb3f4bc7ec6d1,1575893612716,1575893611
0x977944aa1ccbd7c810a8ecf8cf98c49c933248fc429338b820dfb3f4bc7ec6d1,1575893612717,1575893611
0x977944aa1ccbd7c810a8ecf8cf98c49c933248fc429338b820dfb3f4bc7ec6d1,1575893612717,1575893611
0x977944aa1ccbd7c810a8ecf8cf98c49c933248fc429338b820dfb3f4bc7ec6d1,1575893612717,1575893611
0x977944aa1ccbd7c810a8ecf8cf98c49c933248fc429338b820dfb3f4bc7ec6d1,1575893612717,1575893611
0x977944aa1ccbd7c810a8ecf8cf98c49c933248fc429338b820dfb3f4bc7ec6d1,1575893612718,1575893611
0x977944aa1ccbd7c810a8ecf8cf98c49c933248fc429338b820dfb3f4bc7ec6d1,1575893612718,1575893611
0x977944aa1ccbd7c810a8ecf8cf98c49c933248fc429338b820dfb3f4bc7ec6d1,1575893612718,1575893611
0x977944aa1ccbd7c810a8ecf8cf98c49c933248fc429338b820dfb3f4bc7ec6d1,1575893612719,1575893611
0x977944aa1ccbd7c810a8ecf8cf98c49c933248fc429338b820dfb3f4bc7ec6d1,1575893612719,1575893611
0x977944aa1ccbd7c810a8ecf8cf98c49c933248fc429338b820dfb3f4bc7ec6d1,1575893612720,1575893611
0x977944aa1ccbd7c810a8ecf8cf98c49c933248fc429338b820dfb3f4bc7ec6d1,1575893612720,1575893611
0x977944aa1ccbd7c810a8ecf8cf98c49c933248fc429338b820dfb3f4bc7ec6d1,1575893612720,1575893611
0x977944aa1ccbd7c810a8ecf8cf98c49c933248fc429338b820dfb3f4bc7ec6d1,1575893612721,1575893611
0x977944aa1ccbd7c810a8ecf8cf98c49c933248fc429338b820dfb3f4bc7ec6d1,1575893612721,1575893611
0x977944aa1ccbd7c810a8ecf8cf98c49c933248fc429338b820dfb3f4bc7ec6d1,1575893612721,1575893611
0x977944aa1ccbd7c810a8ecf8cf98c49c933248fc429338b820dfb3f4bc7ec6d1,1575893612722,1575893611
0x977944aa1ccbd7c810a8ecf8cf98c49c933248fc429338b820dfb3f4bc7ec6d1,1575893612722,1575893611
0x977944aa1ccbd7c810a8ecf8cf98c49c933248fc429338b820dfb3f4bc7ec6d1,1575893612722,1575893611
0x977944aa1ccbd7c810a8ecf8cf98c49c933248fc429338b820dfb3f4bc7ec6d1,1575893612723,1575893611
0x977944aa1ccbd7c810a8ecf8cf98c49c933248fc429338b820dfb3f4bc7ec6d1,1575893612723,1575893611
0x977944aa1ccbd7c810a8ecf8cf98c49c933248fc429338b820dfb3f4bc7ec6d1,1575893612723,1575893611
0x977944aa1ccbd7c810a8ecf8cf98c49c933248fc429338b820dfb3f4bc7ec6d1,1575893612724,1575893611
0x977944aa1ccbd7c810a8ecf8cf98c49c933248fc429338b820dfb3f4bc7ec6d1,1575893612724,1575893611
0x977944aa1ccbd7c810a8ecf8cf98c49c933248fc429338b820dfb3f4bc7ec6d1,1575893612724,1575893611
0x977944aa1ccbd7c810a8ecf8cf98c49c933248fc429338b820dfb3f4bc7ec6d1,1575893612725,1575893611
0x977944aa1ccbd7c810a8ecf8cf98c49c933248fc429338b820dfb3f4bc7ec6d1,1575893612725,1575893611
0x977944aa1ccbd7c810a8ecf8cf98c49c933248fc429338b820dfb3f4bc7ec6d1,1575893612725,1575893611
0x977944aa1ccbd7c810a8ecf8cf98c49c933248fc429338b820dfb3f4bc7ec6d1,1575893612726,1575893611
0x977944aa1ccbd7c810a8ecf8cf98c49c933248fc429338b820dfb3f4bc7ec6d1,1575893612726,1575893611
0x977944aa1ccbd7c810a8ecf8cf98c49c933248fc429338b820dfb3f4bc7ec6d1,1575893612726,1575893611
0x977944aa1ccbd7c810a8ecf8cf98c49c933248fc429338b820dfb3f4bc7ec6d1,1575893612727,1575893611
0x977944aa1ccbd7c810a8ecf8cf98c49c933248fc429338b820dfb3f4bc7ec6d1,1575893612727,1575893611
0x977944aa1ccbd7c810a8ecf8cf98c49c933248fc429338b820dfb3f4bc7ec6d1,1575893612727,1575893611
0x977944aa1ccbd7c810a8ecf8cf98c49c933248fc429338b820dfb3f4bc7ec6d1,1575893612727,1575893611
0x977944aa1ccbd7c810a8ecf8cf98c49c933248fc429338b820dfb3f4bc7ec6d1,1575893612728,1575893611
0x977944aa1ccbd7c810a8ecf8cf98c49c933248fc429338b820dfb3f4bc7ec6d1,1575893612728,1575893611
0x977944aa1ccbd7c810a8ecf8cf98c49c933248fc429338b820dfb3f4bc7ec6d1,1575893612728,1575893611
0x977944aa1ccbd7c810a8ecf8cf98c49c933248fc429338b820dfb3f4bc7ec6d1,1575893612729,1575893611
0x977944aa1ccbd7c810a8ecf8cf98c49c933248fc429338b820dfb3f4bc7ec6d1,1575893612729,1575893611
0x977944aa1ccbd7c810a8ecf8cf98c49c933248fc429338b820dfb3f4bc7ec6d1,1575893612730,1575893611
0x977944aa1ccbd7c810a8ecf8cf98c49c933248fc429338b820dfb3f4bc7ec6d1,1575893612730,1575893611
0x977944aa1ccbd7c810a8ecf8cf98c49c933248fc429338b820dfb3f4bc7ec6d1,1575893612730,1575893611
0x977944aa1ccbd7c810a8ecf8cf98c49c933248fc429338b820dfb3f4bc7ec6d1,1575893612731,1575893611
0x977944aa1ccbd7c810a8ecf8cf98c49c933248fc429338b820dfb3f4bc7ec6d1,1575893612731,1575893611
0x977944aa1ccbd7c810a8ecf8cf98c49c933248fc429338b820dfb3f4bc7ec6d1,1575893612731,1575893611
0x977944aa1ccbd7c810a8ecf8cf98c49c933248fc429338b820dfb3f4bc7ec6d1,1575893612732,1575893611
0x977944aa1ccbd7c810a8ecf8cf98c49c933248fc429338b820dfb3f4bc7ec6d1,1575893612732,1575893611
0x977944aa1ccbd7c810a8ecf8cf98c49c933248fc429338b820dfb3f4bc7ec6d1,1575893612732,1575893611
0x977944aa1ccbd7c810a8ecf8cf98c49c933248fc429338b820dfb3f4bc7ec6d1,1575893612733,1575893611
0x977944aa1ccbd7c810a8ecf8cf98c49c933248fc429338b820dfb3f4bc7ec6d1,1575893612733,1575893611
0x977944aa1ccbd7c810a8ecf8cf98c49c933248fc429338b820dfb3f4bc7ec6d1,1575893612733,1575893611
0x977944aa1ccbd7c810a8ecf8cf98c49c933248fc429338b820dfb3f4bc7ec6d1,1575893612734,1575893611
0x977944aa1ccbd7c810a8ecf8cf98c49c933248fc429338b820dfb3f4bc7ec6d1,1575893612734,1575893611
0x977944aa1ccbd7c810a8ecf8cf98c49c933248fc429338b820dfb3f4bc7ec6d1,1575893612734,1575893611
0x977944aa1ccbd7c810a8ecf8cf98c49c933248fc429338b820dfb3f4bc7ec6d1,1575893612734,1575893611
0x977944aa1ccbd7c810a8ecf8cf98c49c933248fc429338b820dfb3f4bc7ec6d1,1575893612737,1575893611
0x977944aa1ccbd7c810a8ecf8cf98c49c933248fc429338b820dfb3f4bc7ec6d1,1575893612737,1575893611
0x977944aa1ccbd7c810a8ecf8cf98c49c933248fc429338b820dfb3f4bc7ec6d1,1575893612738,1575893611
0x977944aa1ccbd7c810a8ecf8cf98c49c933248fc429338b820dfb3f4bc7ec6d1,1575893612738,1575893611
0x977944aa1ccbd7c810a8ecf8cf98c49c933248fc429338b820dfb3f4bc7ec6d1,1575893612738,1575893611
0x977944aa1ccbd7c810a8ecf8cf98c49c933248fc429338b820dfb3f4bc7ec6d1,1575893612741,1575893611
0x977944aa1ccbd7c810a8ecf8cf98c49c933248fc429338b820dfb3f4bc7ec6d1,1575893612741,1575893611
0x977944aa1ccbd7c810a8ecf8cf98c49c933248fc429338b820dfb3f4bc7ec6d1,1575893612741,1575893611
0x977944aa1ccbd7c810a8ecf8cf98c49c933248fc429338b820dfb3f4bc7ec6d1,1575893612742,1575893611
0x977944aa1ccbd7c810a8ecf8cf98c49c933248fc429338b820dfb3f4bc7ec6d1,1575893612742,1575893611
0x977944aa1ccbd7c810a8ecf8cf98c49c933248fc429338b820dfb3f4bc7ec6d1,1575893612742,1575893611
0x977944aa1ccbd7c810a8ecf8cf98c49c933248fc429338b820dfb3f4bc7ec6d1,1575893612743,1575893611
0x977944aa1ccbd7c810a8ecf8cf98c49c933248fc429338b820dfb3f4bc7ec6d1,1575893612743,1575893611
0x977944aa1ccbd7c810a8ecf8cf98c49c933248fc429338b820dfb3f4bc7ec6d1,1575893612744,1575893611
0x977944aa1ccbd7c810a8ecf8cf98c49c933248fc429338b820dfb3f4bc7ec6d1,1575893612744,1575893611
0x977944aa1ccbd7c810a8ecf8cf98c49c933248fc429338b820dfb3f4bc7ec6d1,1575893612744,1575893611
0x977944aa1ccbd7c810a8ecf8cf98c49c933248fc429338b820dfb3f4bc7ec6d1,1575893612745,1575893611
0x977944aa1ccbd7c810a8ecf8cf98c49c933248fc429338b820dfb3f4bc7ec6d1,1575893612745,1575893611
0x977944aa1ccbd7c810a8ecf8cf98c49c933248fc429338b820dfb3f4bc7ec6d1,1575893612745,1575893611
0x977944aa1ccbd7c810a8ecf8cf98c49c933248fc429338b820dfb3f4bc7ec6d1,1575893612745,1575893611
0x977944aa1ccbd7c810a8ecf8cf98c49c933248fc429338b820dfb3f4bc7ec6d1,1575893612746,1575893611
0x977944aa1ccbd7c810a8ecf8cf98c49c933248fc429338b820dfb3f4bc7ec6d1,1575893612746,1575893611
0x977944aa1ccbd7c810a8ecf8cf98c49c933248fc429338b820dfb3f4bc7ec6d1,1575893612746,1575893611
0x977944aa1ccbd7c810a8ecf8cf98c49c933248fc429338b820dfb3f4bc7ec6d1,1575893612747,1575893611
0x977944aa1ccbd7c810a8ecf8cf98c49c933248fc429338b820dfb3f4bc7ec6d1,1575893612747,1575893611
0x977944aa1ccbd7c810a8ecf8cf98c49c933248fc429338b820dfb3f4bc7ec6d1,1575893612747,1575893611
0x977944aa1ccbd7c810a8ecf8cf98c49c933248fc429338b820dfb3f4bc7ec6d1,1575893612748,1575893611
0x977944aa1ccbd7c810a8ecf8cf98c49c933248fc429338b820dfb3f4bc7ec6d1,1575893612748,1575893611
0x977944aa1ccbd7c810a8ecf8cf98c49c933248fc429338b820dfb3f4bc7ec6d1,1575893612749,1575893611
0x977944aa1ccbd7c810a8ecf8cf98c49c933248fc429338b820dfb3f4bc7ec6d1,1575893612749,1575893611
0x977944aa1ccbd7c810a8ecf8cf98c49c933248fc429338b820dfb3f4bc7ec6d1,1575893612749,1575893611
0x977944aa1ccbd7c810a8ecf8cf98c49c933248fc429338b820dfb3f4bc7ec6d1,1575893612750,1575893611
0x977944aa1ccbd7c810a8ecf8cf98c49c933248fc429338b820dfb3f4bc7ec6d1,1575893612750,1575893611
0x977944aa1ccbd7c810a8ecf8cf98c49c933248fc429338b820dfb3f4bc7ec6d1,1575893612750,1575893611
0x977944aa1ccbd7c810a8ecf8cf98c49c933248fc429338b820dfb3f4bc7ec6d1,1575893612751,1575893611
0x977944aa1ccbd7c810a8ecf8cf98c49c933248fc429338b820dfb3f4bc7ec6d1,1575893612751,1575893611
0x977944aa1ccbd7c810a8ecf8cf98c49c933248fc429338b820dfb3f4bc7ec6d1,1575893612751,1575893611
0x977944aa1ccbd7c810a8ecf8cf98c49c933248fc429338b820dfb3f4bc7ec6d1,1575893612752,1575893611
0x977944aa1ccbd7c810a8ecf8cf98c49c933248fc429338b820dfb3f4bc7ec6d1,1575893612752,1575893611
0x977944aa1ccbd7c810a8ecf8cf98c49c933248fc429338b820dfb3f4bc7ec6d1,1575893612752,1575893611
0x977944aa1ccbd7c810a8ecf8cf98c49c933248fc429338b820dfb3f4bc7ec6d1,1575893612753,1575893611
0x977944aa1ccbd7c810a8ecf8cf98c49c933248fc429338b820dfb3f4bc7ec6d1,1575893612753,1575893611
0x977944aa1ccbd7c810a8ecf8cf98c49c933248fc429338b820dfb3f4bc7ec6d1,1575893612753,1575893611
0x977944aa1ccbd7c810a8ecf8cf98c49c933248fc429338b820dfb3f4bc7ec6d1,1575893612754,1575893611
0x977944aa1ccbd7c810a8ecf8cf98c49c933248fc429338b820dfb3f4bc7ec6d1,1575893612754,1575893611
0x977944aa1ccbd7c810a8ecf8cf98c49c933248fc429338b820dfb3f4bc7ec6d1,1575893612755,1575893611
0x977944aa1ccbd7c810a8ecf8cf98c49c933248fc429338b820dfb3f4bc7ec6d1,1575893612755,1575893611
0x977944aa1ccbd7c810a8ecf8cf98c49c933248fc429338b820dfb3f4bc7ec6d1,1575893612755,1575893611
0x977944aa1ccbd7c810a8ecf8cf98c49c933248fc429338b820dfb3f4bc7ec6d1,1575893612756,1575893611
0x977944aa1ccbd7c810a8ecf8cf98c49c933248fc429338b820dfb3f4bc7ec6d1,1575893612756,1575893611
0x977944aa1ccbd7c810a8ecf8cf98c49c933248fc429338b820dfb3f4bc7ec6d1,1575893612756,1575893611
0x977944aa1ccbd7c810a8ecf8cf98c49c933248fc429338b820dfb3f4bc7ec6d1,1575893612757,1575893611
0x977944aa1ccbd7c810a8ecf8cf98c49c933248fc429338b820dfb3f4bc7ec6d1,1575893612757,1575893611
0x977944aa1ccbd7c810a8ecf8cf98c49c933248fc429338b820dfb3f4bc7ec6d1,1575893612757,1575893611
0x977944aa1ccbd7c810a8ecf8cf98c49c933248fc429338b820dfb3f4bc7ec6d1,1575893612758,1575893611
0x977944aa1ccbd7c810a8ecf8cf98c49c933248fc429338b820dfb3f4bc7ec6d1,1575893612758,1575893611
0x977944aa1ccbd7c810a8ecf8cf98c49c933248fc429338b820dfb3f4bc7ec6d1,1575893612758,1575893611
0x977944aa1ccbd7c810a8ecf8cf98c49c933248fc429338b820dfb3f4bc7ec6d1,1575893612759,1575893611
0x977944aa1ccbd7c810a8ecf8cf98c49c933248fc429338b820dfb3f4bc7ec6d1,1575893612759,1575893611
0x977944aa1ccbd7c810a8ecf8cf98c49c933248fc429338b820dfb3f4bc7ec6d1,1575893612759,1575893611
0x977944aa1ccbd7c810a8ecf8cf98c49c933248fc429338b820dfb3f4bc7ec6d1,1575893612760,1575893611
0x977944aa1ccbd7c810a8ecf8cf98c49c933248fc429338b820dfb3f4bc7ec6d1,1575893612760,1575893611
0x977944aa1ccbd7c810a8ecf8cf98c49c933248fc429338b820dfb3f4bc7ec6d1,1575893612760,1575893611
0x977944aa1ccbd7c810a8ecf8cf98c49c933248fc429338b820dfb3f4bc7ec6d1,1575893612760,1575893611
0x977944aa1ccbd7c810a8ecf8cf98c49c933248fc429338b820dfb3f4bc7ec6d1,1575893612761,1575893611
0x977944aa1ccbd7c810a8ecf8cf98c49c933248fc429338b820dfb3f4bc7ec6d1,1575893612761,1575893611
0x977944aa1ccbd7c810a8ecf8cf98c49c933248fc429338b820dfb3f4bc7ec6d1,1575893612761,1575893611
0x977944aa1ccbd7c810a8ecf8cf98c49c933248fc429338b820dfb3f4bc7ec6d1,1575893612762,1575893611
0x977944aa1ccbd7c810a8ecf8cf98c49c933248fc429338b820dfb3f4bc7ec6d1,1575893612762,1575893611
0x977944aa1ccbd7c810a8ecf8cf98c49c933248fc429338b820dfb3f4bc7ec6d1,1575893612762,1575893611
0x977944aa1ccbd7c810a8ecf8cf98c49c933248fc429338b820dfb3f4bc7ec6d1,1575893612763,1575893611
0x977944aa1ccbd7c810a8ecf8cf98c49c933248fc429338b820dfb3f4bc7ec6d1,1575893612763,1575893611
0x977944aa1ccbd7c810a8ecf8cf98c49c933248fc429338b820dfb3f4bc7ec6d1,1575893612763,1575893611
0x977944aa1ccbd7c810a8ecf8cf98c49c933248fc429338b820dfb3f4bc7ec6d1,1575893612764,1575893611
0x977944aa1ccbd7c810a8ecf8cf98c49c933248fc429338b820dfb3f4bc7ec6d1,1575893612764,1575893611
0x977944aa1ccbd7c810a8ecf8cf98c49c933248fc429338b820dfb3f4bc7ec6d1,1575893612765,1575893611
0x977944aa1ccbd7c810a8ecf8cf98c49c933248fc429338b820dfb3f4bc7ec6d1,1575893612765,1575893611
0x977944aa1ccbd7c810a8ecf8cf98c49c933248fc429338b820dfb3f4bc7ec6d1,1575893612765,1575893611
0x977944aa1ccbd7c810a8ecf8cf98c49c933248fc429338b820dfb3f4bc7ec6d1,1575893612766,1575893611
0x977944aa1ccbd7c810a8ecf8cf98c49c933248fc429338b820dfb3f4bc7ec6d1,1575893612766,1575893611
0x977944aa1ccbd7c810a8ecf8cf98c49c933248fc429338b820dfb3f4bc7ec6d1,1575893612766,1575893611
0x977944aa1ccbd7c810a8ecf8cf98c49c933248fc429338b820dfb3f4bc7ec6d1,1575893612767,1575893611
0x977944aa1ccbd7c810a8ecf8cf98c49c933248fc429338b820dfb3f4bc7ec6d1,1575893612767,1575893611
0x977944aa1ccbd7c810a8ecf8cf98c49c933248fc429338b820dfb3f4bc7ec6d1,1575893612767,1575893611
0x977944aa1ccbd7c810a8ecf8cf98c49c933248fc429338b820dfb3f4bc7ec6d1,1575893612768,1575893611
0x977944aa1ccbd7c810a8ecf8cf98c49c933248fc429338b820dfb3f4bc7ec6d1,1575893612768,1575893611
0x977944aa1ccbd7c810a8ecf8cf98c49c933248fc429338b820dfb3f4bc7ec6d1,1575893612768,1575893611
0x977944aa1ccbd7c810a8ecf8cf98c49c933248fc429338b820dfb3f4bc7ec6d1,1575893612769,1575893611
0x977944aa1ccbd7c810a8ecf8cf98c49c933248fc429338b820dfb3f4bc7ec6d1,1575893612769,1575893611
0x977944aa1ccbd7c810a8ecf8cf98c49c933248fc429338b820dfb3f4bc7ec6d1,1575893612769,1575893611
0x977944aa1ccbd7c810a8ecf8cf98c49c933248fc429338b820dfb3f4bc7ec6d1,1575893612770,1575893611
0x977944aa1ccbd7c810a8ecf8cf98c49c933248fc429338b820dfb3f4bc7ec6d1,1575893612770,1575893611
0x977944aa1ccbd7c810a8ecf8cf98c49c933248fc429338b820dfb3f4bc7ec6d1,1575893612770,1575893611
0x977944aa1ccbd7c810a8ecf8cf98c49c933248fc429338b820dfb3f4bc7ec6d1,1575893612770,1575893611
0x977944aa1ccbd7c810a8ecf8cf98c49c933248fc429338b820dfb3f4bc7ec6d1,1575893612771,1575893611
0x977944aa1ccbd7c810a8ecf8cf98c49c933248fc429338b820dfb3f4bc7ec6d1,1575893612771,1575893611
0x977944aa1ccbd7c810a8ecf8cf98c49c933248fc429338b820dfb3f4bc7ec6d1,1575893612772,1575893611
0x977944aa1ccbd7c810a8ecf8cf98c49c933248fc429338b820dfb3f4bc7ec6d1,1575893612772,1575893611
0x977944aa1ccbd7c810a8ecf8cf98c49c933248fc429338b820dfb3f4bc7ec6d1,1575893612772,1575893611
0x977944aa1ccbd7c810a8ecf8cf98c49c933248fc429338b820dfb3f4bc7ec6d1,1575893612772,1575893611
0x977944aa1ccbd7c810a8ecf8cf98c49c933248fc429338b820dfb3f4bc7ec6d1,1575893612773,1575893611
0x977944aa1ccbd7c810a8ecf8cf98c49c933248fc429338b820dfb3f4bc7ec6d1,1575893612773,1575893611
0x977944aa1ccbd7c810a8ecf8cf98c49c933248fc429338b820dfb3f4bc7ec6d1,1575893612773,1575893611
0x977944aa1ccbd7c810a8ecf8cf98c49c933248fc429338b820dfb3f4bc7ec6d1,1575893612774,1575893611
0x977944aa1ccbd7c810a8ecf8cf98c49c933248fc429338b820dfb3f4bc7ec6d1,1575893612774,1575893611
0x977944aa1ccbd7c810a8ecf8cf98c49c933248fc429338b820dfb3f4bc7ec6d1,1575893616775,1575893612
0x977944aa1ccbd7c810a8ecf8cf98c49c933248fc429338b820dfb3f4bc7ec6d1,1575893616775,1575893612
0x977944aa1ccbd7c810a8ecf8cf98c49c933248fc429338b820dfb3f4bc7ec6d1,1575893616775,1575893612
0x977944aa1ccbd7c810a8ecf8cf98c49c933248fc429338b820dfb3f4bc7ec6d1,1575893616776,1575893612
0x977944aa1ccbd7c810a8ecf8cf98c49c933248fc429338b820dfb3f4bc7ec6d1,1575893616776,1575893612
0x977944aa1ccbd7c810a8ecf8cf98c49c933248fc429338b820dfb3f4bc7ec6d1,1575893616777,1575893612
0x977944aa1ccbd7c810a8ecf8cf98c49c933248fc429338b820dfb3f4bc7ec6d1,1575893616777,1575893612
0x977944aa1ccbd7c810a8ecf8cf98c49c933248fc429338b820dfb3f4bc7ec6d1,1575893616777,1575893612
0x977944aa1ccbd7c810a8ecf8cf98c49c933248fc429338b820dfb3f4bc7ec6d1,1575893616778,1575893612
0x977944aa1ccbd7c810a8ecf8cf98c49c933248fc429338b820dfb3f4bc7ec6d1,1575893616778,1575893612
0x977944aa1ccbd7c810a8ecf8cf98c49c933248fc429338b820dfb3f4bc7ec6d1,1575893616778,1575893612
0x977944aa1ccbd7c810a8ecf8cf98c49c933248fc429338b820dfb3f4bc7ec6d1,1575893616779,1575893612
0x977944aa1ccbd7c810a8ecf8cf98c49c933248fc429338b820dfb3f4bc7ec6d1,1575893616779,1575893612
0x977944aa1ccbd7c810a8ecf8cf98c49c933248fc429338b820dfb3f4bc7ec6d1,1575893616779,1575893612
0x977944aa1ccbd7c810a8ecf8cf98c49c933248fc429338b820dfb3f4bc7ec6d1,1575893616780,1575893612
0x977944aa1ccbd7c810a8ecf8cf98c49c933248fc429338b820dfb3f4bc7ec6d1,1575893616780,1575893612
0x977944aa1ccbd7c810a8ecf8cf98c49c933248fc429338b820dfb3f4bc7ec6d1,1575893616780,1575893612
0x977944aa1ccbd7c810a8ecf8cf98c49c933248fc429338b820dfb3f4bc7ec6d1,1575893616780,1575893612
0x977944aa1ccbd7c810a8ecf8cf98c49c933248fc429338b820dfb3f4bc7ec6d1,1575893616781,1575893612
0x977944aa1ccbd7c810a8ecf8cf98c49c933248fc429338b820dfb3f4bc7ec6d1,1575893616781,1575893612
0x977944aa1ccbd7c810a8ecf8cf98c49c933248fc429338b820dfb3f4bc7ec6d1,1575893616781,1575893612
0x977944aa1ccbd7c810a8ecf8cf98c49c933248fc429338b820dfb3f4bc7ec6d1,1575893616781,1575893612
0x977944aa1ccbd7c810a8ecf8cf98c49c933248fc429338b820dfb3f4bc7ec6d1,1575893616782,1575893612
0x977944aa1ccbd7c810a8ecf8cf98c49c933248fc429338b820dfb3f4bc7ec6d1,1575893616782,1575893612
0x977944aa1ccbd7c810a8ecf8cf98c49c933248fc429338b820dfb3f4bc7ec6d1,1575893616782,1575893612
0x977944aa1ccbd7c810a8ecf8cf98c49c933248fc429338b820dfb3f4bc7ec6d1,1575893616782,1575893612
0x977944aa1ccbd7c810a8ecf8cf98c49c933248fc429338b820dfb3f4bc7ec6d1,1575893616783,1575893612
0x977944aa1ccbd7c810a8ecf8cf98c49c933248fc429338b820dfb3f4bc7ec6d1,1575893616783,1575893612
0x977944aa1ccbd7c810a8ecf8cf98c49c933248fc429338b820dfb3f4bc7ec6d1,1575893616783,1575893612
0x977944aa1ccbd7c810a8ecf8cf98c49c933248fc429338b820dfb3f4bc7ec6d1,1575893616784,1575893612
0x977944aa1ccbd7c810a8ecf8cf98c49c933248fc429338b820dfb3f4bc7ec6d1,1575893616785,1575893612
0x977944aa1ccbd7c810a8ecf8cf98c49c933248fc429338b820dfb3f4bc7ec6d1,1575893616786,1575893612
0x977944aa1ccbd7c810a8ecf8cf98c49c933248fc429338b820dfb3f4bc7ec6d1,1575893616786,1575893612
0x977944aa1ccbd7c810a8ecf8cf98c49c933248fc429338b820dfb3f4bc7ec6d1,1575893616787,1575893612
0x977944aa1ccbd7c810a8ecf8cf98c49c933248fc429338b820dfb3f4bc7ec6d1,1575893616787,1575893612
0x977944aa1ccbd7c810a8ecf8cf98c49c933248fc429338b820dfb3f4bc7ec6d1,1575893616788,1575893612
0x977944aa1ccbd7c810a8ecf8cf98c49c933248fc429338b820dfb3f4bc7ec6d1,1575893616788,1575893612
0x977944aa1ccbd7c810a8ecf8cf98c49c933248fc429338b820dfb3f4bc7ec6d1,1575893616789,1575893612
0x977944aa1ccbd7c810a8ecf8cf98c49c933248fc429338b820dfb3f4bc7ec6d1,1575893616789,1575893612
0x977944aa1ccbd7c810a8ecf8cf98c49c933248fc429338b820dfb3f4bc7ec6d1,1575893616789,1575893612
0x977944aa1ccbd7c810a8ecf8cf98c49c933248fc429338b820dfb3f4bc7ec6d1,1575893616790,1575893612
0x977944aa1ccbd7c810a8ecf8cf98c49c933248fc429338b820dfb3f4bc7ec6d1,1575893616790,1575893612
0x977944aa1ccbd7c810a8ecf8cf98c49c933248fc429338b820dfb3f4bc7ec6d1,1575893616791,1575893612
0x977944aa1ccbd7c810a8ecf8cf98c49c933248fc429338b820dfb3f4bc7ec6d1,1575893616791,1575893612
0x977944aa1ccbd7c810a8ecf8cf98c49c933248fc429338b820dfb3f4bc7ec6d1,1575893634886,1575893631
0x977944aa1ccbd7c810a8ecf8cf98c49c933248fc429338b820dfb3f4bc7ec6d1,1575893634887,1575893631
0x977944aa1ccbd7c810a8ecf8cf98c49c933248fc429338b820dfb3f4bc7ec6d1,1575893634887,1575893631
0x977944aa1ccbd7c810a8ecf8cf98c49c933248fc429338b820dfb3f4bc7ec6d1,1575893634888,1575893631
0x977944aa1ccbd7c810a8ecf8cf98c49c933248fc429338b820dfb3f4bc7ec6d1,1575893634888,1575893631
0x977944aa1ccbd7c810a8ecf8cf98c49c933248fc429338b820dfb3f4bc7ec6d1,1575893634888,1575893631
0x977944aa1ccbd7c810a8ecf8cf98c49c933248fc429338b820dfb3f4bc7ec6d1,1575893634889,1575893631
0x977944aa1ccbd7c810a8ecf8cf98c49c933248fc429338b820dfb3f4bc7ec6d1,1575893634889,1575893631
0x977944aa1ccbd7c810a8ecf8cf98c49c933248fc429338b820dfb3f4bc7ec6d1,1575893634889,1575893631
0x977944aa1ccbd7c810a8ecf8cf98c49c933248fc429338b820dfb3f4bc7ec6d1,1575893634890,1575893631
0x977944aa1ccbd7c810a8ecf8cf98c49c933248fc429338b820dfb3f4bc7ec6d1,1575893634890,1575893631
0x977944aa1ccbd7c810a8ecf8cf98c49c933248fc429338b820dfb3f4bc7ec6d1,1575893634890,1575893631
0x977944aa1ccbd7c810a8ecf8cf98c49c933248fc429338b820dfb3f4bc7ec6d1,1575893634890,1575893631
0x977944aa1ccbd7c810a8ecf8cf98c49c933248fc429338b820dfb3f4bc7ec6d1,1575893634891,1575893631
0x977944aa1ccbd7c810a8ecf8cf98c49c933248fc429338b820dfb3f4bc7ec6d1,1575893634892,1575893631
0x977944aa1ccbd7c810a8ecf8cf98c49c933248fc429338b820dfb3f4bc7ec6d1,1575893634892,1575893631
0x977944aa1ccbd7c810a8ecf8cf98c49c933248fc429338b820dfb3f4bc7ec6d1,1575893634893,1575893631
0x977944aa1ccbd7c810a8ecf8cf98c49c933248fc429338b820dfb3f4bc7ec6d1,1575893634893,1575893631
0x977944aa1ccbd7c810a8ecf8cf98c49c933248fc429338b820dfb3f4bc7ec6d1,1575893634894,1575893631
0x977944aa1ccbd7c810a8ecf8cf98c49c933248fc429338b820dfb3f4bc7ec6d1,1575893634894,1575893631
0x977944aa1ccbd7c810a8ecf8cf98c49c933248fc429338b820dfb3f4bc7ec6d1,1575893634894,1575893631
0x977944aa1ccbd7c810a8ecf8cf98c49c933248fc429338b820dfb3f4bc7ec6d1,1575893634895,1575893631
0x977944aa1ccbd7c810a8ecf8cf98c49c933248fc429338b820dfb3f4bc7ec6d1,1575893634895,1575893631
0x977944aa1ccbd7c810a8ecf8cf98c49c933248fc429338b820dfb3f4bc7ec6d1,1575893634895,1575893631
0x977944aa1ccbd7c810a8ecf8cf98c49c933248fc429338b820dfb3f4bc7ec6d1,1575893634896,1575893631
0x977944aa1ccbd7c810a8ecf8cf98c49c933248fc429338b820dfb3f4bc7ec6d1,1575893634896,1575893631
0x977944aa1ccbd7c810a8ecf8cf98c49c933248fc429338b820dfb3f4bc7ec6d1,1575893634896,1575893631
0x977944aa1ccbd7c810a8ecf8cf98c49c933248fc429338b820dfb3f4bc7ec6d1,1575893634897,1575893631
0x977944aa1ccbd7c810a8ecf8cf98c49c933248fc429338b820dfb3f4bc7ec6d1,1575893634897,1575893631
0x977944aa1ccbd7c810a8ecf8cf98c49c933248fc429338b820dfb3f4bc7ec6d1,1575893634897,1575893631
0x977944aa1ccbd7c810a8ecf8cf98c49c933248fc429338b820dfb3f4bc7ec6d1,1575893634898,1575893631
0x977944aa1ccbd7c810a8ecf8cf98c49c933248fc429338b820dfb3f4bc7ec6d1,1575893634899,1575893631
0x977944aa1ccbd7c810a8ecf8cf98c49c933248fc429338b820dfb3f4bc7ec6d1,1575893634899,1575893631
0x977944aa1ccbd7c810a8ecf8cf98c49c933248fc429338b820dfb3f4bc7ec6d1,1575893634899,1575893631
0x977944aa1ccbd7c810a8ecf8cf98c49c933248fc429338b820dfb3f4bc7ec6d1,1575893634900,1575893631
0x977944aa1ccbd7c810a8ecf8cf98c49c933248fc429338b820dfb3f4bc7ec6d1,1575893634900,1575893631
0x977944aa1ccbd7c810a8ecf8cf98c49c933248fc429338b820dfb3f4bc7ec6d1,1575893634900,1575893631
0x977944aa1ccbd7c810a8ecf8cf98c49c933248fc429338b820dfb3f4bc7ec6d1,1575893634901,1575893631
0x977944aa1ccbd7c810a8ecf8cf98c49c933248fc429338b820dfb3f4bc7ec6d1,1575893634901,1575893631
0x977944aa1ccbd7c810a8ecf8cf98c49c933248fc429338b820dfb3f4bc7ec6d1,1575893634901,1575893631
0x977944aa1ccbd7c810a8ecf8cf98c49c933248fc429338b820dfb3f4bc7ec6d1,1575893634902,1575893631
0x977944aa1ccbd7c810a8ecf8cf98c49c933248fc429338b820dfb3f4bc7ec6d1,1575893634902,1575893631
0x977944aa1ccbd7c810a8ecf8cf98c49c933248fc429338b820dfb3f4bc7ec6d1,1575893634902,1575893631
0x977944aa1ccbd7c810a8ecf8cf98c49c933248fc429338b820dfb3f4bc7ec6d1,1575893634903,1575893631
0x977944aa1ccbd7c810a8ecf8cf98c49c933248fc429338b820dfb3f4bc7ec6d1,1575893634903,1575893631
0x977944aa1ccbd7c810a8ecf8cf98c49c933248fc429338b820dfb3f4bc7ec6d1,1575893634903,1575893631
0x977944aa1ccbd7c810a8ecf8cf98c49c933248fc429338b820dfb3f4bc7ec6d1,1575893634904,1575893631
0x977944aa1ccbd7c810a8ecf8cf98c49c933248fc429338b820dfb3f4bc7ec6d1,1575893634904,1575893631
0x977944aa1ccbd7c810a8ecf8cf98c49c933248fc429338b820dfb3f4bc7ec6d1,1575893634904,1575893631
0x977944aa1ccbd7c810a8ecf8cf98c49c933248fc429338b820dfb3f4bc7ec6d1,1575893634905,1575893631
0x977944aa1ccbd7c810a8ecf8cf98c49c933248fc429338b820dfb3f4bc7ec6d1,1575893634905,1575893631
0x977944aa1ccbd7c810a8ecf8cf98c49c933248fc429338b820dfb3f4bc7ec6d1,1575893634905,1575893631
0x977944aa1ccbd7c810a8ecf8cf98c49c933248fc429338b820dfb3f4bc7ec6d1,1575893634905,1575893631
0x977944aa1ccbd7c810a8ecf8cf98c49c933248fc429338b820dfb3f4bc7ec6d1,1575893634906,1575893631
0x977944aa1ccbd7c810a8ecf8cf98c49c933248fc429338b820dfb3f4bc7ec6d1,1575893634906,1575893631
0x977944aa1ccbd7c810a8ecf8cf98c49c933248fc429338b820dfb3f4bc7ec6d1,1575893634906,1575893631
0x977944aa1ccbd7c810a8ecf8cf98c49c933248fc429338b820dfb3f4bc7ec6d1,1575893634907,1575893631
0x977944aa1ccbd7c810a8ecf8cf98c49c933248fc429338b820dfb3f4bc7ec6d1,1575893634907,1575893631
0x977944aa1ccbd7c810a8ecf8cf98c49c933248fc429338b820dfb3f4bc7ec6d1,1575893634907,1575893631
0x977944aa1ccbd7c810a8ecf8cf98c49c933248fc429338b820dfb3f4bc7ec6d1,1575893634907,1575893631
0x977944aa1ccbd7c810a8ecf8cf98c49c933248fc429338b820dfb3f4bc7ec6d1,1575893634908,1575893631
0x977944aa1ccbd7c810a8ecf8cf98c49c933248fc429338b820dfb3f4bc7ec6d1,1575893634908,1575893631
0x977944aa1ccbd7c810a8ecf8cf98c49c933248fc429338b820dfb3f4bc7ec6d1,1575893634908,1575893631
0x977944aa1ccbd7c810a8ecf8cf98c49c933248fc429338b820dfb3f4bc7ec6d1,1575893634909,1575893631
0x977944aa1ccbd7c810a8ecf8cf98c49c933248fc429338b820dfb3f4bc7ec6d1,1575893634909,1575893631
0x977944aa1ccbd7c810a8ecf8cf98c49c933248fc429338b820dfb3f4bc7ec6d1,1575893634909,1575893631
0x977944aa1ccbd7c810a8ecf8cf98c49c933248fc429338b820dfb3f4bc7ec6d1,1575893634910,1575893631
0x977944aa1ccbd7c810a8ecf8cf98c49c933248fc429338b820dfb3f4bc7ec6d1,1575893634910,1575893631
0x977944aa1ccbd7c810a8ecf8cf98c49c933248fc429338b820dfb3f4bc7ec6d1,1575893634910,1575893631
0x977944aa1ccbd7c810a8ecf8cf98c49c933248fc429338b820dfb3f4bc7ec6d1,1575893634910,1575893631
0x977944aa1ccbd7c810a8ecf8cf98c49c933248fc429338b820dfb3f4bc7ec6d1,1575893634911,1575893631
0x977944aa1ccbd7c810a8ecf8cf98c49c933248fc429338b820dfb3f4bc7ec6d1,1575893634911,1575893631
0x977944aa1ccbd7c810a8ecf8cf98c49c933248fc429338b820dfb3f4bc7ec6d1,1575893634911,1575893631
0x977944aa1ccbd7c810a8ecf8cf98c49c933248fc429338b820dfb3f4bc7ec6d1,1575893634911,1575893631
0x977944aa1ccbd7c810a8ecf8cf98c49c933248fc429338b820dfb3f4bc7ec6d1,1575893634912,1575893631
0x977944aa1ccbd7c810a8ecf8cf98c49c933248fc429338b820dfb3f4bc7ec6d1,1575893634912,1575893631
