0x04c7959a647b741ccd52d0eaf886d92fd39c1a3050b2e9c6d886e095b1fb46c8,1577976007881,1577976008
0x04c7959a647b741ccd52d0eaf886d92fd39c1a3050b2e9c6d886e095b1fb46c8,1577976007881,1577976008
0x04c7959a647b741ccd52d0eaf886d92fd39c1a3050b2e9c6d886e095b1fb46c8,1577976007881,1577976008
0x04c7959a647b741ccd52d0eaf886d92fd39c1a3050b2e9c6d886e095b1fb46c8,1577976013560,1577976009
0x04c7959a647b741ccd52d0eaf886d92fd39c1a3050b2e9c6d886e095b1fb46c8,1577976013560,1577976009
0x04c7959a647b741ccd52d0eaf886d92fd39c1a3050b2e9c6d886e095b1fb46c8,1577976013560,1577976009
0x04c7959a647b741ccd52d0eaf886d92fd39c1a3050b2e9c6d886e095b1fb46c8,1577976013561,1577976009
0x04c7959a647b741ccd52d0eaf886d92fd39c1a3050b2e9c6d886e095b1fb46c8,1577976013561,1577976009
0x04c7959a647b741ccd52d0eaf886d92fd39c1a3050b2e9c6d886e095b1fb46c8,1577976013561,1577976009
0x04c7959a647b741ccd52d0eaf886d92fd39c1a3050b2e9c6d886e095b1fb46c8,1577976013562,1577976009
0x04c7959a647b741ccd52d0eaf886d92fd39c1a3050b2e9c6d886e095b1fb46c8,1577976013562,1577976009
0x04c7959a647b741ccd52d0eaf886d92fd39c1a3050b2e9c6d886e095b1fb46c8,1577976013563,1577976009
0x04c7959a647b741ccd52d0eaf886d92fd39c1a3050b2e9c6d886e095b1fb46c8,1577976013564,1577976009
0x04c7959a647b741ccd52d0eaf886d92fd39c1a3050b2e9c6d886e095b1fb46c8,1577976013565,1577976009
0x04c7959a647b741ccd52d0eaf886d92fd39c1a3050b2e9c6d886e095b1fb46c8,1577976013566,1577976009
0x04c7959a647b741ccd52d0eaf886d92fd39c1a3050b2e9c6d886e095b1fb46c8,1577976013566,1577976009
0x04c7959a647b741ccd52d0eaf886d92fd39c1a3050b2e9c6d886e095b1fb46c8,1577976013567,1577976009
0x04c7959a647b741ccd52d0eaf886d92fd39c1a3050b2e9c6d886e095b1fb46c8,1577976013567,1577976009
0x04c7959a647b741ccd52d0eaf886d92fd39c1a3050b2e9c6d886e095b1fb46c8,1577976013568,1577976009
0x04c7959a647b741ccd52d0eaf886d92fd39c1a3050b2e9c6d886e095b1fb46c8,1577976013568,1577976009
0x04c7959a647b741ccd52d0eaf886d92fd39c1a3050b2e9c6d886e095b1fb46c8,1577976013569,1577976009
0x04c7959a647b741ccd52d0eaf886d92fd39c1a3050b2e9c6d886e095b1fb46c8,1577976013569,1577976009
0x04c7959a647b741ccd52d0eaf886d92fd39c1a3050b2e9c6d886e095b1fb46c8,1577976013570,1577976009
0x04c7959a647b741ccd52d0eaf886d92fd39c1a3050b2e9c6d886e095b1fb46c8,1577976013570,1577976009
0x04c7959a647b741ccd52d0eaf886d92fd39c1a3050b2e9c6d886e095b1fb46c8,1577976013571,1577976009
0x04c7959a647b741ccd52d0eaf886d92fd39c1a3050b2e9c6d886e095b1fb46c8,1577976013571,1577976009
0x04c7959a647b741ccd52d0eaf886d92fd39c1a3050b2e9c6d886e095b1fb46c8,1577976013572,1577976009
0x04c7959a647b741ccd52d0eaf886d92fd39c1a3050b2e9c6d886e095b1fb46c8,1577976013573,1577976009
0x04c7959a647b741ccd52d0eaf886d92fd39c1a3050b2e9c6d886e095b1fb46c8,1577976014571,1577976013
0x04c7959a647b741ccd52d0eaf886d92fd39c1a3050b2e9c6d886e095b1fb46c8,1577976014571,1577976013
0x04c7959a647b741ccd52d0eaf886d92fd39c1a3050b2e9c6d886e095b1fb46c8,1577976014571,1577976013
0x04c7959a647b741ccd52d0eaf886d92fd39c1a3050b2e9c6d886e095b1fb46c8,1577976014572,1577976013
0x04c7959a647b741ccd52d0eaf886d92fd39c1a3050b2e9c6d886e095b1fb46c8,1577976014572,1577976013
0x04c7959a647b741ccd52d0eaf886d92fd39c1a3050b2e9c6d886e095b1fb46c8,1577976014573,1577976013
0x04c7959a647b741ccd52d0eaf886d92fd39c1a3050b2e9c6d886e095b1fb46c8,1577976014573,1577976013
0x04c7959a647b741ccd52d0eaf886d92fd39c1a3050b2e9c6d886e095b1fb46c8,1577976014573,1577976013
0x04c7959a647b741ccd52d0eaf886d92fd39c1a3050b2e9c6d886e095b1fb46c8,1577976014574,1577976013
0x04c7959a647b741ccd52d0eaf886d92fd39c1a3050b2e9c6d886e095b1fb46c8,1577976014574,1577976013
0x04c7959a647b741ccd52d0eaf886d92fd39c1a3050b2e9c6d886e095b1fb46c8,1577976014574,1577976013
0x04c7959a647b741ccd52d0eaf886d92fd39c1a3050b2e9c6d886e095b1fb46c8,1577976014575,1577976013
0x04c7959a647b741ccd52d0eaf886d92fd39c1a3050b2e9c6d886e095b1fb46c8,1577976014575,1577976013
0x04c7959a647b741ccd52d0eaf886d92fd39c1a3050b2e9c6d886e095b1fb46c8,1577976014575,1577976013
0x04c7959a647b741ccd52d0eaf886d92fd39c1a3050b2e9c6d886e095b1fb46c8,1577976014575,1577976013
0x04c7959a647b741ccd52d0eaf886d92fd39c1a3050b2e9c6d886e095b1fb46c8,1577976014576,1577976013
0x04c7959a647b741ccd52d0eaf886d92fd39c1a3050b2e9c6d886e095b1fb46c8,1577976014577,1577976013
0x04c7959a647b741ccd52d0eaf886d92fd39c1a3050b2e9c6d886e095b1fb46c8,1577976014577,1577976013
0x04c7959a647b741ccd52d0eaf886d92fd39c1a3050b2e9c6d886e095b1fb46c8,1577976014577,1577976013
0x04c7959a647b741ccd52d0eaf886d92fd39c1a3050b2e9c6d886e095b1fb46c8,1577976014577,1577976013
0x04c7959a647b741ccd52d0eaf886d92fd39c1a3050b2e9c6d886e095b1fb46c8,1577976014577,1577976013
0x04c7959a647b741ccd52d0eaf886d92fd39c1a3050b2e9c6d886e095b1fb46c8,1577976014578,1577976013
0x04c7959a647b741ccd52d0eaf886d92fd39c1a3050b2e9c6d886e095b1fb46c8,1577976014578,1577976013
0x04c7959a647b741ccd52d0eaf886d92fd39c1a3050b2e9c6d886e095b1fb46c8,1577976014580,1577976013
0x04c7959a647b741ccd52d0eaf886d92fd39c1a3050b2e9c6d886e095b1fb46c8,1577976014580,1577976013
0x04c7959a647b741ccd52d0eaf886d92fd39c1a3050b2e9c6d886e095b1fb46c8,1577976014580,1577976013
0x04c7959a647b741ccd52d0eaf886d92fd39c1a3050b2e9c6d886e095b1fb46c8,1577976014580,1577976013
0x04c7959a647b741ccd52d0eaf886d92fd39c1a3050b2e9c6d886e095b1fb46c8,1577976014581,1577976013
0x04c7959a647b741ccd52d0eaf886d92fd39c1a3050b2e9c6d886e095b1fb46c8,1577976014581,1577976013
0x04c7959a647b741ccd52d0eaf886d92fd39c1a3050b2e9c6d886e095b1fb46c8,1577976014582,1577976013
0x04c7959a647b741ccd52d0eaf886d92fd39c1a3050b2e9c6d886e095b1fb46c8,1577976014583,1577976013
0x04c7959a647b741ccd52d0eaf886d92fd39c1a3050b2e9c6d886e095b1fb46c8,1577976014584,1577976013
0x04c7959a647b741ccd52d0eaf886d92fd39c1a3050b2e9c6d886e095b1fb46c8,1577976014585,1577976013
0x04c7959a647b741ccd52d0eaf886d92fd39c1a3050b2e9c6d886e095b1fb46c8,1577976014585,1577976013
0x04c7959a647b741ccd52d0eaf886d92fd39c1a3050b2e9c6d886e095b1fb46c8,1577976014586,1577976013
0x04c7959a647b741ccd52d0eaf886d92fd39c1a3050b2e9c6d886e095b1fb46c8,1577976014586,1577976013
0x04c7959a647b741ccd52d0eaf886d92fd39c1a3050b2e9c6d886e095b1fb46c8,1577976014587,1577976013
0x04c7959a647b741ccd52d0eaf886d92fd39c1a3050b2e9c6d886e095b1fb46c8,1577976014587,1577976013
0x04c7959a647b741ccd52d0eaf886d92fd39c1a3050b2e9c6d886e095b1fb46c8,1577976014587,1577976013
0x04c7959a647b741ccd52d0eaf886d92fd39c1a3050b2e9c6d886e095b1fb46c8,1577976014588,1577976013
0x04c7959a647b741ccd52d0eaf886d92fd39c1a3050b2e9c6d886e095b1fb46c8,1577976014588,1577976013
0x04c7959a647b741ccd52d0eaf886d92fd39c1a3050b2e9c6d886e095b1fb46c8,1577976014588,1577976013
0x04c7959a647b741ccd52d0eaf886d92fd39c1a3050b2e9c6d886e095b1fb46c8,1577976014589,1577976013
0x04c7959a647b741ccd52d0eaf886d92fd39c1a3050b2e9c6d886e095b1fb46c8,1577976014589,1577976013
0x04c7959a647b741ccd52d0eaf886d92fd39c1a3050b2e9c6d886e095b1fb46c8,1577976014590,1577976013
0x04c7959a647b741ccd52d0eaf886d92fd39c1a3050b2e9c6d886e095b1fb46c8,1577976014591,1577976013
0x04c7959a647b741ccd52d0eaf886d92fd39c1a3050b2e9c6d886e095b1fb46c8,1577976014591,1577976013
0x04c7959a647b741ccd52d0eaf886d92fd39c1a3050b2e9c6d886e095b1fb46c8,1577976014591,1577976013
0x04c7959a647b741ccd52d0eaf886d92fd39c1a3050b2e9c6d886e095b1fb46c8,1577976014592,1577976013
0x04c7959a647b741ccd52d0eaf886d92fd39c1a3050b2e9c6d886e095b1fb46c8,1577976014592,1577976013
0x04c7959a647b741ccd52d0eaf886d92fd39c1a3050b2e9c6d886e095b1fb46c8,1577976014592,1577976013
0x04c7959a647b741ccd52d0eaf886d92fd39c1a3050b2e9c6d886e095b1fb46c8,1577976014593,1577976013
0x04c7959a647b741ccd52d0eaf886d92fd39c1a3050b2e9c6d886e095b1fb46c8,1577976014593,1577976013
0x04c7959a647b741ccd52d0eaf886d92fd39c1a3050b2e9c6d886e095b1fb46c8,1577976014594,1577976013
0x04c7959a647b741ccd52d0eaf886d92fd39c1a3050b2e9c6d886e095b1fb46c8,1577976014594,1577976013
0x04c7959a647b741ccd52d0eaf886d92fd39c1a3050b2e9c6d886e095b1fb46c8,1577976014595,1577976013
0x04c7959a647b741ccd52d0eaf886d92fd39c1a3050b2e9c6d886e095b1fb46c8,1577976014595,1577976013
0x04c7959a647b741ccd52d0eaf886d92fd39c1a3050b2e9c6d886e095b1fb46c8,1577976014595,1577976013
0x04c7959a647b741ccd52d0eaf886d92fd39c1a3050b2e9c6d886e095b1fb46c8,1577976014596,1577976013
0x04c7959a647b741ccd52d0eaf886d92fd39c1a3050b2e9c6d886e095b1fb46c8,1577976014596,1577976013
0x04c7959a647b741ccd52d0eaf886d92fd39c1a3050b2e9c6d886e095b1fb46c8,1577976014597,1577976013
0x04c7959a647b741ccd52d0eaf886d92fd39c1a3050b2e9c6d886e095b1fb46c8,1577976014597,1577976013
0x04c7959a647b741ccd52d0eaf886d92fd39c1a3050b2e9c6d886e095b1fb46c8,1577976014597,1577976013
0x04c7959a647b741ccd52d0eaf886d92fd39c1a3050b2e9c6d886e095b1fb46c8,1577976014598,1577976013
0x04c7959a647b741ccd52d0eaf886d92fd39c1a3050b2e9c6d886e095b1fb46c8,1577976014598,1577976013
0x04c7959a647b741ccd52d0eaf886d92fd39c1a3050b2e9c6d886e095b1fb46c8,1577976014599,1577976013
0x04c7959a647b741ccd52d0eaf886d92fd39c1a3050b2e9c6d886e095b1fb46c8,1577976014599,1577976013
0x04c7959a647b741ccd52d0eaf886d92fd39c1a3050b2e9c6d886e095b1fb46c8,1577976014599,1577976013
0x04c7959a647b741ccd52d0eaf886d92fd39c1a3050b2e9c6d886e095b1fb46c8,1577976014600,1577976013
0x04c7959a647b741ccd52d0eaf886d92fd39c1a3050b2e9c6d886e095b1fb46c8,1577976014600,1577976013
0x04c7959a647b741ccd52d0eaf886d92fd39c1a3050b2e9c6d886e095b1fb46c8,1577976014600,1577976013
0x04c7959a647b741ccd52d0eaf886d92fd39c1a3050b2e9c6d886e095b1fb46c8,1577976014601,1577976013
0x04c7959a647b741ccd52d0eaf886d92fd39c1a3050b2e9c6d886e095b1fb46c8,1577976014601,1577976013
0x04c7959a647b741ccd52d0eaf886d92fd39c1a3050b2e9c6d886e095b1fb46c8,1577976014604,1577976013
0x04c7959a647b741ccd52d0eaf886d92fd39c1a3050b2e9c6d886e095b1fb46c8,1577976014604,1577976013
0x04c7959a647b741ccd52d0eaf886d92fd39c1a3050b2e9c6d886e095b1fb46c8,1577976014605,1577976013
0x04c7959a647b741ccd52d0eaf886d92fd39c1a3050b2e9c6d886e095b1fb46c8,1577976014606,1577976013
0x04c7959a647b741ccd52d0eaf886d92fd39c1a3050b2e9c6d886e095b1fb46c8,1577976014606,1577976013
0x04c7959a647b741ccd52d0eaf886d92fd39c1a3050b2e9c6d886e095b1fb46c8,1577976014606,1577976013
0x04c7959a647b741ccd52d0eaf886d92fd39c1a3050b2e9c6d886e095b1fb46c8,1577976014607,1577976013
0x04c7959a647b741ccd52d0eaf886d92fd39c1a3050b2e9c6d886e095b1fb46c8,1577976014607,1577976013
0x04c7959a647b741ccd52d0eaf886d92fd39c1a3050b2e9c6d886e095b1fb46c8,1577976014607,1577976013
0x04c7959a647b741ccd52d0eaf886d92fd39c1a3050b2e9c6d886e095b1fb46c8,1577976014607,1577976013
0x04c7959a647b741ccd52d0eaf886d92fd39c1a3050b2e9c6d886e095b1fb46c8,1577976014613,1577976013
0x04c7959a647b741ccd52d0eaf886d92fd39c1a3050b2e9c6d886e095b1fb46c8,1577976014614,1577976013
0x04c7959a647b741ccd52d0eaf886d92fd39c1a3050b2e9c6d886e095b1fb46c8,1577976014615,1577976013
0x04c7959a647b741ccd52d0eaf886d92fd39c1a3050b2e9c6d886e095b1fb46c8,1577976014614,1577976013
0x04c7959a647b741ccd52d0eaf886d92fd39c1a3050b2e9c6d886e095b1fb46c8,1577976014616,1577976013
0x04c7959a647b741ccd52d0eaf886d92fd39c1a3050b2e9c6d886e095b1fb46c8,1577976014614,1577976013
0x04c7959a647b741ccd52d0eaf886d92fd39c1a3050b2e9c6d886e095b1fb46c8,1577976014615,1577976013
0x04c7959a647b741ccd52d0eaf886d92fd39c1a3050b2e9c6d886e095b1fb46c8,1577976014615,1577976013
0x04c7959a647b741ccd52d0eaf886d92fd39c1a3050b2e9c6d886e095b1fb46c8,1577976014616,1577976013
0x04c7959a647b741ccd52d0eaf886d92fd39c1a3050b2e9c6d886e095b1fb46c8,1577976014617,1577976013
0x04c7959a647b741ccd52d0eaf886d92fd39c1a3050b2e9c6d886e095b1fb46c8,1577976014619,1577976013
0x04c7959a647b741ccd52d0eaf886d92fd39c1a3050b2e9c6d886e095b1fb46c8,1577976014619,1577976013
0x04c7959a647b741ccd52d0eaf886d92fd39c1a3050b2e9c6d886e095b1fb46c8,1577976014619,1577976013
0x04c7959a647b741ccd52d0eaf886d92fd39c1a3050b2e9c6d886e095b1fb46c8,1577976014620,1577976013
0x04c7959a647b741ccd52d0eaf886d92fd39c1a3050b2e9c6d886e095b1fb46c8,1577976014620,1577976013
0x04c7959a647b741ccd52d0eaf886d92fd39c1a3050b2e9c6d886e095b1fb46c8,1577976014620,1577976013
0x04c7959a647b741ccd52d0eaf886d92fd39c1a3050b2e9c6d886e095b1fb46c8,1577976014621,1577976013
0x04c7959a647b741ccd52d0eaf886d92fd39c1a3050b2e9c6d886e095b1fb46c8,1577976014621,1577976013
0x04c7959a647b741ccd52d0eaf886d92fd39c1a3050b2e9c6d886e095b1fb46c8,1577976014621,1577976013
0x04c7959a647b741ccd52d0eaf886d92fd39c1a3050b2e9c6d886e095b1fb46c8,1577976014622,1577976013
0x04c7959a647b741ccd52d0eaf886d92fd39c1a3050b2e9c6d886e095b1fb46c8,1577976014622,1577976013
0x04c7959a647b741ccd52d0eaf886d92fd39c1a3050b2e9c6d886e095b1fb46c8,1577976014623,1577976013
0x04c7959a647b741ccd52d0eaf886d92fd39c1a3050b2e9c6d886e095b1fb46c8,1577976014623,1577976013
0x04c7959a647b741ccd52d0eaf886d92fd39c1a3050b2e9c6d886e095b1fb46c8,1577976014624,1577976013
0x04c7959a647b741ccd52d0eaf886d92fd39c1a3050b2e9c6d886e095b1fb46c8,1577976014624,1577976013
0x04c7959a647b741ccd52d0eaf886d92fd39c1a3050b2e9c6d886e095b1fb46c8,1577976014624,1577976013
0x04c7959a647b741ccd52d0eaf886d92fd39c1a3050b2e9c6d886e095b1fb46c8,1577976014624,1577976013
0x04c7959a647b741ccd52d0eaf886d92fd39c1a3050b2e9c6d886e095b1fb46c8,1577976014625,1577976013
0x04c7959a647b741ccd52d0eaf886d92fd39c1a3050b2e9c6d886e095b1fb46c8,1577976014625,1577976013
0x04c7959a647b741ccd52d0eaf886d92fd39c1a3050b2e9c6d886e095b1fb46c8,1577976014625,1577976013
0x04c7959a647b741ccd52d0eaf886d92fd39c1a3050b2e9c6d886e095b1fb46c8,1577976014626,1577976013
0x04c7959a647b741ccd52d0eaf886d92fd39c1a3050b2e9c6d886e095b1fb46c8,1577976014626,1577976013
0x04c7959a647b741ccd52d0eaf886d92fd39c1a3050b2e9c6d886e095b1fb46c8,1577976014626,1577976013
0x04c7959a647b741ccd52d0eaf886d92fd39c1a3050b2e9c6d886e095b1fb46c8,1577976014627,1577976013
0x04c7959a647b741ccd52d0eaf886d92fd39c1a3050b2e9c6d886e095b1fb46c8,1577976014627,1577976013
0x04c7959a647b741ccd52d0eaf886d92fd39c1a3050b2e9c6d886e095b1fb46c8,1577976014627,1577976013
0x04c7959a647b741ccd52d0eaf886d92fd39c1a3050b2e9c6d886e095b1fb46c8,1577976014628,1577976013
0x04c7959a647b741ccd52d0eaf886d92fd39c1a3050b2e9c6d886e095b1fb46c8,1577976014628,1577976013
0x04c7959a647b741ccd52d0eaf886d92fd39c1a3050b2e9c6d886e095b1fb46c8,1577976014629,1577976013
0x04c7959a647b741ccd52d0eaf886d92fd39c1a3050b2e9c6d886e095b1fb46c8,1577976014629,1577976013
0x04c7959a647b741ccd52d0eaf886d92fd39c1a3050b2e9c6d886e095b1fb46c8,1577976014630,1577976013
0x04c7959a647b741ccd52d0eaf886d92fd39c1a3050b2e9c6d886e095b1fb46c8,1577976014630,1577976013
0x04c7959a647b741ccd52d0eaf886d92fd39c1a3050b2e9c6d886e095b1fb46c8,1577976014630,1577976013
0x04c7959a647b741ccd52d0eaf886d92fd39c1a3050b2e9c6d886e095b1fb46c8,1577976014631,1577976013
0x04c7959a647b741ccd52d0eaf886d92fd39c1a3050b2e9c6d886e095b1fb46c8,1577976014631,1577976013
0x04c7959a647b741ccd52d0eaf886d92fd39c1a3050b2e9c6d886e095b1fb46c8,1577976014631,1577976013
0x04c7959a647b741ccd52d0eaf886d92fd39c1a3050b2e9c6d886e095b1fb46c8,1577976014632,1577976013
0x04c7959a647b741ccd52d0eaf886d92fd39c1a3050b2e9c6d886e095b1fb46c8,1577976014632,1577976013
0x04c7959a647b741ccd52d0eaf886d92fd39c1a3050b2e9c6d886e095b1fb46c8,1577976014632,1577976013
0x04c7959a647b741ccd52d0eaf886d92fd39c1a3050b2e9c6d886e095b1fb46c8,1577976014632,1577976013
0x04c7959a647b741ccd52d0eaf886d92fd39c1a3050b2e9c6d886e095b1fb46c8,1577976014633,1577976013
0x04c7959a647b741ccd52d0eaf886d92fd39c1a3050b2e9c6d886e095b1fb46c8,1577976014634,1577976013
0x04c7959a647b741ccd52d0eaf886d92fd39c1a3050b2e9c6d886e095b1fb46c8,1577976014634,1577976013
0x04c7959a647b741ccd52d0eaf886d92fd39c1a3050b2e9c6d886e095b1fb46c8,1577976014635,1577976013
0x04c7959a647b741ccd52d0eaf886d92fd39c1a3050b2e9c6d886e095b1fb46c8,1577976014635,1577976013
0x04c7959a647b741ccd52d0eaf886d92fd39c1a3050b2e9c6d886e095b1fb46c8,1577976014635,1577976013
0x04c7959a647b741ccd52d0eaf886d92fd39c1a3050b2e9c6d886e095b1fb46c8,1577976014636,1577976013
0x04c7959a647b741ccd52d0eaf886d92fd39c1a3050b2e9c6d886e095b1fb46c8,1577976014636,1577976013
0x04c7959a647b741ccd52d0eaf886d92fd39c1a3050b2e9c6d886e095b1fb46c8,1577976014636,1577976013
0x04c7959a647b741ccd52d0eaf886d92fd39c1a3050b2e9c6d886e095b1fb46c8,1577976014636,1577976013
0x04c7959a647b741ccd52d0eaf886d92fd39c1a3050b2e9c6d886e095b1fb46c8,1577976014637,1577976013
0x04c7959a647b741ccd52d0eaf886d92fd39c1a3050b2e9c6d886e095b1fb46c8,1577976014637,1577976013
0x04c7959a647b741ccd52d0eaf886d92fd39c1a3050b2e9c6d886e095b1fb46c8,1577976014638,1577976013
0x04c7959a647b741ccd52d0eaf886d92fd39c1a3050b2e9c6d886e095b1fb46c8,1577976014638,1577976013
0x04c7959a647b741ccd52d0eaf886d92fd39c1a3050b2e9c6d886e095b1fb46c8,1577976014638,1577976013
0x04c7959a647b741ccd52d0eaf886d92fd39c1a3050b2e9c6d886e095b1fb46c8,1577976014639,1577976013
0x04c7959a647b741ccd52d0eaf886d92fd39c1a3050b2e9c6d886e095b1fb46c8,1577976014639,1577976013
0x04c7959a647b741ccd52d0eaf886d92fd39c1a3050b2e9c6d886e095b1fb46c8,1577976014639,1577976013
0x04c7959a647b741ccd52d0eaf886d92fd39c1a3050b2e9c6d886e095b1fb46c8,1577976014640,1577976013
0x04c7959a647b741ccd52d0eaf886d92fd39c1a3050b2e9c6d886e095b1fb46c8,1577976014640,1577976013
0x04c7959a647b741ccd52d0eaf886d92fd39c1a3050b2e9c6d886e095b1fb46c8,1577976014641,1577976013
0x04c7959a647b741ccd52d0eaf886d92fd39c1a3050b2e9c6d886e095b1fb46c8,1577976014641,1577976013
0x04c7959a647b741ccd52d0eaf886d92fd39c1a3050b2e9c6d886e095b1fb46c8,1577976014642,1577976013
0x04c7959a647b741ccd52d0eaf886d92fd39c1a3050b2e9c6d886e095b1fb46c8,1577976014642,1577976013
0x04c7959a647b741ccd52d0eaf886d92fd39c1a3050b2e9c6d886e095b1fb46c8,1577976014642,1577976013
0x04c7959a647b741ccd52d0eaf886d92fd39c1a3050b2e9c6d886e095b1fb46c8,1577976014642,1577976013
0x04c7959a647b741ccd52d0eaf886d92fd39c1a3050b2e9c6d886e095b1fb46c8,1577976014643,1577976013
0x04c7959a647b741ccd52d0eaf886d92fd39c1a3050b2e9c6d886e095b1fb46c8,1577976014643,1577976013
0x04c7959a647b741ccd52d0eaf886d92fd39c1a3050b2e9c6d886e095b1fb46c8,1577976014643,1577976013
0x04c7959a647b741ccd52d0eaf886d92fd39c1a3050b2e9c6d886e095b1fb46c8,1577976014644,1577976013
0x04c7959a647b741ccd52d0eaf886d92fd39c1a3050b2e9c6d886e095b1fb46c8,1577976014644,1577976013
0x04c7959a647b741ccd52d0eaf886d92fd39c1a3050b2e9c6d886e095b1fb46c8,1577976014644,1577976013
0x04c7959a647b741ccd52d0eaf886d92fd39c1a3050b2e9c6d886e095b1fb46c8,1577976014645,1577976013
0x04c7959a647b741ccd52d0eaf886d92fd39c1a3050b2e9c6d886e095b1fb46c8,1577976014645,1577976013
0x04c7959a647b741ccd52d0eaf886d92fd39c1a3050b2e9c6d886e095b1fb46c8,1577976014645,1577976013
0x04c7959a647b741ccd52d0eaf886d92fd39c1a3050b2e9c6d886e095b1fb46c8,1577976014646,1577976013
0x04c7959a647b741ccd52d0eaf886d92fd39c1a3050b2e9c6d886e095b1fb46c8,1577976014646,1577976013
0x04c7959a647b741ccd52d0eaf886d92fd39c1a3050b2e9c6d886e095b1fb46c8,1577976014646,1577976013
0x04c7959a647b741ccd52d0eaf886d92fd39c1a3050b2e9c6d886e095b1fb46c8,1577976014646,1577976013
0x04c7959a647b741ccd52d0eaf886d92fd39c1a3050b2e9c6d886e095b1fb46c8,1577976014647,1577976013
0x04c7959a647b741ccd52d0eaf886d92fd39c1a3050b2e9c6d886e095b1fb46c8,1577976014647,1577976013
0x04c7959a647b741ccd52d0eaf886d92fd39c1a3050b2e9c6d886e095b1fb46c8,1577976014648,1577976013
0x04c7959a647b741ccd52d0eaf886d92fd39c1a3050b2e9c6d886e095b1fb46c8,1577976014648,1577976013
0x04c7959a647b741ccd52d0eaf886d92fd39c1a3050b2e9c6d886e095b1fb46c8,1577976014648,1577976013
0x04c7959a647b741ccd52d0eaf886d92fd39c1a3050b2e9c6d886e095b1fb46c8,1577976014649,1577976013
0x04c7959a647b741ccd52d0eaf886d92fd39c1a3050b2e9c6d886e095b1fb46c8,1577976014649,1577976013
0x04c7959a647b741ccd52d0eaf886d92fd39c1a3050b2e9c6d886e095b1fb46c8,1577976014649,1577976013
0x04c7959a647b741ccd52d0eaf886d92fd39c1a3050b2e9c6d886e095b1fb46c8,1577976014650,1577976013
0x04c7959a647b741ccd52d0eaf886d92fd39c1a3050b2e9c6d886e095b1fb46c8,1577976014650,1577976013
0x04c7959a647b741ccd52d0eaf886d92fd39c1a3050b2e9c6d886e095b1fb46c8,1577976014650,1577976013
0x04c7959a647b741ccd52d0eaf886d92fd39c1a3050b2e9c6d886e095b1fb46c8,1577976014651,1577976013
0x04c7959a647b741ccd52d0eaf886d92fd39c1a3050b2e9c6d886e095b1fb46c8,1577976014651,1577976013
0x04c7959a647b741ccd52d0eaf886d92fd39c1a3050b2e9c6d886e095b1fb46c8,1577976014651,1577976013
0x04c7959a647b741ccd52d0eaf886d92fd39c1a3050b2e9c6d886e095b1fb46c8,1577976014652,1577976013
0x04c7959a647b741ccd52d0eaf886d92fd39c1a3050b2e9c6d886e095b1fb46c8,1577976014652,1577976013
0x04c7959a647b741ccd52d0eaf886d92fd39c1a3050b2e9c6d886e095b1fb46c8,1577976014652,1577976013
0x04c7959a647b741ccd52d0eaf886d92fd39c1a3050b2e9c6d886e095b1fb46c8,1577976014652,1577976013
0x04c7959a647b741ccd52d0eaf886d92fd39c1a3050b2e9c6d886e095b1fb46c8,1577976014653,1577976013
0x04c7959a647b741ccd52d0eaf886d92fd39c1a3050b2e9c6d886e095b1fb46c8,1577976014653,1577976013
0x04c7959a647b741ccd52d0eaf886d92fd39c1a3050b2e9c6d886e095b1fb46c8,1577976014653,1577976013
0x04c7959a647b741ccd52d0eaf886d92fd39c1a3050b2e9c6d886e095b1fb46c8,1577976014654,1577976013
0x04c7959a647b741ccd52d0eaf886d92fd39c1a3050b2e9c6d886e095b1fb46c8,1577976014654,1577976013
0x04c7959a647b741ccd52d0eaf886d92fd39c1a3050b2e9c6d886e095b1fb46c8,1577976014654,1577976013
0x04c7959a647b741ccd52d0eaf886d92fd39c1a3050b2e9c6d886e095b1fb46c8,1577976014655,1577976013
0x04c7959a647b741ccd52d0eaf886d92fd39c1a3050b2e9c6d886e095b1fb46c8,1577976014655,1577976013
0x04c7959a647b741ccd52d0eaf886d92fd39c1a3050b2e9c6d886e095b1fb46c8,1577976014655,1577976013
0x04c7959a647b741ccd52d0eaf886d92fd39c1a3050b2e9c6d886e095b1fb46c8,1577976014656,1577976013
0x04c7959a647b741ccd52d0eaf886d92fd39c1a3050b2e9c6d886e095b1fb46c8,1577976014656,1577976013
0x04c7959a647b741ccd52d0eaf886d92fd39c1a3050b2e9c6d886e095b1fb46c8,1577976014656,1577976013
0x04c7959a647b741ccd52d0eaf886d92fd39c1a3050b2e9c6d886e095b1fb46c8,1577976014656,1577976013
0x04c7959a647b741ccd52d0eaf886d92fd39c1a3050b2e9c6d886e095b1fb46c8,1577976014657,1577976013
0x04c7959a647b741ccd52d0eaf886d92fd39c1a3050b2e9c6d886e095b1fb46c8,1577976014657,1577976013
0x04c7959a647b741ccd52d0eaf886d92fd39c1a3050b2e9c6d886e095b1fb46c8,1577976014658,1577976013
0x04c7959a647b741ccd52d0eaf886d92fd39c1a3050b2e9c6d886e095b1fb46c8,1577976014658,1577976013
0x04c7959a647b741ccd52d0eaf886d92fd39c1a3050b2e9c6d886e095b1fb46c8,1577976014658,1577976013
0x04c7959a647b741ccd52d0eaf886d92fd39c1a3050b2e9c6d886e095b1fb46c8,1577976014658,1577976013
0x04c7959a647b741ccd52d0eaf886d92fd39c1a3050b2e9c6d886e095b1fb46c8,1577976014659,1577976013
0x04c7959a647b741ccd52d0eaf886d92fd39c1a3050b2e9c6d886e095b1fb46c8,1577976014659,1577976013
0x04c7959a647b741ccd52d0eaf886d92fd39c1a3050b2e9c6d886e095b1fb46c8,1577976014660,1577976013
0x04c7959a647b741ccd52d0eaf886d92fd39c1a3050b2e9c6d886e095b1fb46c8,1577976014660,1577976013
0x04c7959a647b741ccd52d0eaf886d92fd39c1a3050b2e9c6d886e095b1fb46c8,1577976014660,1577976013
0x04c7959a647b741ccd52d0eaf886d92fd39c1a3050b2e9c6d886e095b1fb46c8,1577976014661,1577976013
0x04c7959a647b741ccd52d0eaf886d92fd39c1a3050b2e9c6d886e095b1fb46c8,1577976014661,1577976013
0x04c7959a647b741ccd52d0eaf886d92fd39c1a3050b2e9c6d886e095b1fb46c8,1577976014661,1577976013
0x04c7959a647b741ccd52d0eaf886d92fd39c1a3050b2e9c6d886e095b1fb46c8,1577976014662,1577976013
0x04c7959a647b741ccd52d0eaf886d92fd39c1a3050b2e9c6d886e095b1fb46c8,1577976014662,1577976013
0x04c7959a647b741ccd52d0eaf886d92fd39c1a3050b2e9c6d886e095b1fb46c8,1577976014662,1577976013
0x04c7959a647b741ccd52d0eaf886d92fd39c1a3050b2e9c6d886e095b1fb46c8,1577976014662,1577976013
0x04c7959a647b741ccd52d0eaf886d92fd39c1a3050b2e9c6d886e095b1fb46c8,1577976014663,1577976013
0x04c7959a647b741ccd52d0eaf886d92fd39c1a3050b2e9c6d886e095b1fb46c8,1577976014663,1577976013
0x04c7959a647b741ccd52d0eaf886d92fd39c1a3050b2e9c6d886e095b1fb46c8,1577976014663,1577976013
0x04c7959a647b741ccd52d0eaf886d92fd39c1a3050b2e9c6d886e095b1fb46c8,1577976014664,1577976013
0x04c7959a647b741ccd52d0eaf886d92fd39c1a3050b2e9c6d886e095b1fb46c8,1577976014664,1577976013
0x04c7959a647b741ccd52d0eaf886d92fd39c1a3050b2e9c6d886e095b1fb46c8,1577976014664,1577976013
0x04c7959a647b741ccd52d0eaf886d92fd39c1a3050b2e9c6d886e095b1fb46c8,1577976014664,1577976013
0x04c7959a647b741ccd52d0eaf886d92fd39c1a3050b2e9c6d886e095b1fb46c8,1577976014665,1577976013
0x04c7959a647b741ccd52d0eaf886d92fd39c1a3050b2e9c6d886e095b1fb46c8,1577976014665,1577976013
0x04c7959a647b741ccd52d0eaf886d92fd39c1a3050b2e9c6d886e095b1fb46c8,1577976014665,1577976013
0x04c7959a647b741ccd52d0eaf886d92fd39c1a3050b2e9c6d886e095b1fb46c8,1577976014665,1577976013
0x04c7959a647b741ccd52d0eaf886d92fd39c1a3050b2e9c6d886e095b1fb46c8,1577976014666,1577976013
0x04c7959a647b741ccd52d0eaf886d92fd39c1a3050b2e9c6d886e095b1fb46c8,1577976014666,1577976013
0x04c7959a647b741ccd52d0eaf886d92fd39c1a3050b2e9c6d886e095b1fb46c8,1577976014666,1577976013
0x04c7959a647b741ccd52d0eaf886d92fd39c1a3050b2e9c6d886e095b1fb46c8,1577976014667,1577976013
0x04c7959a647b741ccd52d0eaf886d92fd39c1a3050b2e9c6d886e095b1fb46c8,1577976014667,1577976013
0x04c7959a647b741ccd52d0eaf886d92fd39c1a3050b2e9c6d886e095b1fb46c8,1577976014667,1577976013
0x04c7959a647b741ccd52d0eaf886d92fd39c1a3050b2e9c6d886e095b1fb46c8,1577976014667,1577976013
0x04c7959a647b741ccd52d0eaf886d92fd39c1a3050b2e9c6d886e095b1fb46c8,1577976014668,1577976013
0x04c7959a647b741ccd52d0eaf886d92fd39c1a3050b2e9c6d886e095b1fb46c8,1577976014668,1577976013
0x04c7959a647b741ccd52d0eaf886d92fd39c1a3050b2e9c6d886e095b1fb46c8,1577976014669,1577976013
0x04c7959a647b741ccd52d0eaf886d92fd39c1a3050b2e9c6d886e095b1fb46c8,1577976014669,1577976013
0x04c7959a647b741ccd52d0eaf886d92fd39c1a3050b2e9c6d886e095b1fb46c8,1577976014670,1577976013
0x04c7959a647b741ccd52d0eaf886d92fd39c1a3050b2e9c6d886e095b1fb46c8,1577976014670,1577976013
0x04c7959a647b741ccd52d0eaf886d92fd39c1a3050b2e9c6d886e095b1fb46c8,1577976014670,1577976013
0x04c7959a647b741ccd52d0eaf886d92fd39c1a3050b2e9c6d886e095b1fb46c8,1577976014670,1577976013
0x04c7959a647b741ccd52d0eaf886d92fd39c1a3050b2e9c6d886e095b1fb46c8,1577976014671,1577976013
0x04c7959a647b741ccd52d0eaf886d92fd39c1a3050b2e9c6d886e095b1fb46c8,1577976014671,1577976013
0x04c7959a647b741ccd52d0eaf886d92fd39c1a3050b2e9c6d886e095b1fb46c8,1577976014671,1577976013
0x04c7959a647b741ccd52d0eaf886d92fd39c1a3050b2e9c6d886e095b1fb46c8,1577976014671,1577976013
0x04c7959a647b741ccd52d0eaf886d92fd39c1a3050b2e9c6d886e095b1fb46c8,1577976014672,1577976013
0x04c7959a647b741ccd52d0eaf886d92fd39c1a3050b2e9c6d886e095b1fb46c8,1577976014672,1577976013
0x04c7959a647b741ccd52d0eaf886d92fd39c1a3050b2e9c6d886e095b1fb46c8,1577976014673,1577976013
0x04c7959a647b741ccd52d0eaf886d92fd39c1a3050b2e9c6d886e095b1fb46c8,1577976014673,1577976013
0x04c7959a647b741ccd52d0eaf886d92fd39c1a3050b2e9c6d886e095b1fb46c8,1577976014673,1577976013
0x04c7959a647b741ccd52d0eaf886d92fd39c1a3050b2e9c6d886e095b1fb46c8,1577976014673,1577976013
0x04c7959a647b741ccd52d0eaf886d92fd39c1a3050b2e9c6d886e095b1fb46c8,1577976014674,1577976013
0x04c7959a647b741ccd52d0eaf886d92fd39c1a3050b2e9c6d886e095b1fb46c8,1577976014674,1577976013
0x04c7959a647b741ccd52d0eaf886d92fd39c1a3050b2e9c6d886e095b1fb46c8,1577976014674,1577976013
0x04c7959a647b741ccd52d0eaf886d92fd39c1a3050b2e9c6d886e095b1fb46c8,1577976014674,1577976013
0x04c7959a647b741ccd52d0eaf886d92fd39c1a3050b2e9c6d886e095b1fb46c8,1577976014675,1577976013
0x04c7959a647b741ccd52d0eaf886d92fd39c1a3050b2e9c6d886e095b1fb46c8,1577976014675,1577976013
0x04c7959a647b741ccd52d0eaf886d92fd39c1a3050b2e9c6d886e095b1fb46c8,1577976014676,1577976013
0x04c7959a647b741ccd52d0eaf886d92fd39c1a3050b2e9c6d886e095b1fb46c8,1577976014676,1577976013
0x04c7959a647b741ccd52d0eaf886d92fd39c1a3050b2e9c6d886e095b1fb46c8,1577976014676,1577976013
0x04c7959a647b741ccd52d0eaf886d92fd39c1a3050b2e9c6d886e095b1fb46c8,1577976014676,1577976013
0x04c7959a647b741ccd52d0eaf886d92fd39c1a3050b2e9c6d886e095b1fb46c8,1577976014677,1577976013
0x04c7959a647b741ccd52d0eaf886d92fd39c1a3050b2e9c6d886e095b1fb46c8,1577976014677,1577976013
0x04c7959a647b741ccd52d0eaf886d92fd39c1a3050b2e9c6d886e095b1fb46c8,1577976014677,1577976013
0x04c7959a647b741ccd52d0eaf886d92fd39c1a3050b2e9c6d886e095b1fb46c8,1577976014677,1577976013
0x04c7959a647b741ccd52d0eaf886d92fd39c1a3050b2e9c6d886e095b1fb46c8,1577976014678,1577976013
0x04c7959a647b741ccd52d0eaf886d92fd39c1a3050b2e9c6d886e095b1fb46c8,1577976014678,1577976013
0x04c7959a647b741ccd52d0eaf886d92fd39c1a3050b2e9c6d886e095b1fb46c8,1577976014679,1577976013
0x04c7959a647b741ccd52d0eaf886d92fd39c1a3050b2e9c6d886e095b1fb46c8,1577976014679,1577976013
0x04c7959a647b741ccd52d0eaf886d92fd39c1a3050b2e9c6d886e095b1fb46c8,1577976014680,1577976013
0x04c7959a647b741ccd52d0eaf886d92fd39c1a3050b2e9c6d886e095b1fb46c8,1577976014680,1577976013
0x04c7959a647b741ccd52d0eaf886d92fd39c1a3050b2e9c6d886e095b1fb46c8,1577976014680,1577976013
0x04c7959a647b741ccd52d0eaf886d92fd39c1a3050b2e9c6d886e095b1fb46c8,1577976014680,1577976013
0x04c7959a647b741ccd52d0eaf886d92fd39c1a3050b2e9c6d886e095b1fb46c8,1577976014681,1577976013
0x04c7959a647b741ccd52d0eaf886d92fd39c1a3050b2e9c6d886e095b1fb46c8,1577976014681,1577976013
0x04c7959a647b741ccd52d0eaf886d92fd39c1a3050b2e9c6d886e095b1fb46c8,1577976014681,1577976013
0x04c7959a647b741ccd52d0eaf886d92fd39c1a3050b2e9c6d886e095b1fb46c8,1577976014682,1577976013
0x04c7959a647b741ccd52d0eaf886d92fd39c1a3050b2e9c6d886e095b1fb46c8,1577976014682,1577976013
0x04c7959a647b741ccd52d0eaf886d92fd39c1a3050b2e9c6d886e095b1fb46c8,1577976014683,1577976013
0x04c7959a647b741ccd52d0eaf886d92fd39c1a3050b2e9c6d886e095b1fb46c8,1577976014683,1577976013
0x04c7959a647b741ccd52d0eaf886d92fd39c1a3050b2e9c6d886e095b1fb46c8,1577976014683,1577976013
0x04c7959a647b741ccd52d0eaf886d92fd39c1a3050b2e9c6d886e095b1fb46c8,1577976014684,1577976013
0x04c7959a647b741ccd52d0eaf886d92fd39c1a3050b2e9c6d886e095b1fb46c8,1577976014684,1577976013
0x04c7959a647b741ccd52d0eaf886d92fd39c1a3050b2e9c6d886e095b1fb46c8,1577976014684,1577976013
0x04c7959a647b741ccd52d0eaf886d92fd39c1a3050b2e9c6d886e095b1fb46c8,1577976014684,1577976013
0x04c7959a647b741ccd52d0eaf886d92fd39c1a3050b2e9c6d886e095b1fb46c8,1577976014685,1577976013
0x04c7959a647b741ccd52d0eaf886d92fd39c1a3050b2e9c6d886e095b1fb46c8,1577976014685,1577976013
0x04c7959a647b741ccd52d0eaf886d92fd39c1a3050b2e9c6d886e095b1fb46c8,1577976014685,1577976013
0x04c7959a647b741ccd52d0eaf886d92fd39c1a3050b2e9c6d886e095b1fb46c8,1577976014686,1577976013
0x04c7959a647b741ccd52d0eaf886d92fd39c1a3050b2e9c6d886e095b1fb46c8,1577976014686,1577976013
0x04c7959a647b741ccd52d0eaf886d92fd39c1a3050b2e9c6d886e095b1fb46c8,1577976014686,1577976013
0x04c7959a647b741ccd52d0eaf886d92fd39c1a3050b2e9c6d886e095b1fb46c8,1577976014686,1577976013
0x04c7959a647b741ccd52d0eaf886d92fd39c1a3050b2e9c6d886e095b1fb46c8,1577976014687,1577976013
0x04c7959a647b741ccd52d0eaf886d92fd39c1a3050b2e9c6d886e095b1fb46c8,1577976014687,1577976013
0x04c7959a647b741ccd52d0eaf886d92fd39c1a3050b2e9c6d886e095b1fb46c8,1577976014687,1577976013
0x04c7959a647b741ccd52d0eaf886d92fd39c1a3050b2e9c6d886e095b1fb46c8,1577976014688,1577976013
0x04c7959a647b741ccd52d0eaf886d92fd39c1a3050b2e9c6d886e095b1fb46c8,1577976014688,1577976013
0x04c7959a647b741ccd52d0eaf886d92fd39c1a3050b2e9c6d886e095b1fb46c8,1577976014689,1577976013
0x04c7959a647b741ccd52d0eaf886d92fd39c1a3050b2e9c6d886e095b1fb46c8,1577976014689,1577976013
0x04c7959a647b741ccd52d0eaf886d92fd39c1a3050b2e9c6d886e095b1fb46c8,1577976014689,1577976013
0x04c7959a647b741ccd52d0eaf886d92fd39c1a3050b2e9c6d886e095b1fb46c8,1577976014690,1577976013
0x04c7959a647b741ccd52d0eaf886d92fd39c1a3050b2e9c6d886e095b1fb46c8,1577976014690,1577976013
0x04c7959a647b741ccd52d0eaf886d92fd39c1a3050b2e9c6d886e095b1fb46c8,1577976014690,1577976013
0x04c7959a647b741ccd52d0eaf886d92fd39c1a3050b2e9c6d886e095b1fb46c8,1577976014690,1577976013
0x04c7959a647b741ccd52d0eaf886d92fd39c1a3050b2e9c6d886e095b1fb46c8,1577976014691,1577976013
0x04c7959a647b741ccd52d0eaf886d92fd39c1a3050b2e9c6d886e095b1fb46c8,1577976014691,1577976013
0x04c7959a647b741ccd52d0eaf886d92fd39c1a3050b2e9c6d886e095b1fb46c8,1577976014691,1577976013
0x04c7959a647b741ccd52d0eaf886d92fd39c1a3050b2e9c6d886e095b1fb46c8,1577976014692,1577976013
0x04c7959a647b741ccd52d0eaf886d92fd39c1a3050b2e9c6d886e095b1fb46c8,1577976014692,1577976013
0x04c7959a647b741ccd52d0eaf886d92fd39c1a3050b2e9c6d886e095b1fb46c8,1577976014693,1577976013
0x04c7959a647b741ccd52d0eaf886d92fd39c1a3050b2e9c6d886e095b1fb46c8,1577976014693,1577976013
0x04c7959a647b741ccd52d0eaf886d92fd39c1a3050b2e9c6d886e095b1fb46c8,1577976014693,1577976013
0x04c7959a647b741ccd52d0eaf886d92fd39c1a3050b2e9c6d886e095b1fb46c8,1577976014694,1577976013
0x04c7959a647b741ccd52d0eaf886d92fd39c1a3050b2e9c6d886e095b1fb46c8,1577976014694,1577976013
0x04c7959a647b741ccd52d0eaf886d92fd39c1a3050b2e9c6d886e095b1fb46c8,1577976014694,1577976013
0x04c7959a647b741ccd52d0eaf886d92fd39c1a3050b2e9c6d886e095b1fb46c8,1577976014694,1577976013
0x04c7959a647b741ccd52d0eaf886d92fd39c1a3050b2e9c6d886e095b1fb46c8,1577976014695,1577976013
0x04c7959a647b741ccd52d0eaf886d92fd39c1a3050b2e9c6d886e095b1fb46c8,1577976014695,1577976013
0x04c7959a647b741ccd52d0eaf886d92fd39c1a3050b2e9c6d886e095b1fb46c8,1577976014696,1577976013
0x04c7959a647b741ccd52d0eaf886d92fd39c1a3050b2e9c6d886e095b1fb46c8,1577976014696,1577976013
0x04c7959a647b741ccd52d0eaf886d92fd39c1a3050b2e9c6d886e095b1fb46c8,1577976014696,1577976013
0x04c7959a647b741ccd52d0eaf886d92fd39c1a3050b2e9c6d886e095b1fb46c8,1577976014697,1577976013
0x04c7959a647b741ccd52d0eaf886d92fd39c1a3050b2e9c6d886e095b1fb46c8,1577976014697,1577976013
0x04c7959a647b741ccd52d0eaf886d92fd39c1a3050b2e9c6d886e095b1fb46c8,1577976014697,1577976013
0x04c7959a647b741ccd52d0eaf886d92fd39c1a3050b2e9c6d886e095b1fb46c8,1577976014698,1577976013
0x04c7959a647b741ccd52d0eaf886d92fd39c1a3050b2e9c6d886e095b1fb46c8,1577976014698,1577976013
0x04c7959a647b741ccd52d0eaf886d92fd39c1a3050b2e9c6d886e095b1fb46c8,1577976014699,1577976013
0x04c7959a647b741ccd52d0eaf886d92fd39c1a3050b2e9c6d886e095b1fb46c8,1577976014699,1577976013
0x04c7959a647b741ccd52d0eaf886d92fd39c1a3050b2e9c6d886e095b1fb46c8,1577976014700,1577976013
0x04c7959a647b741ccd52d0eaf886d92fd39c1a3050b2e9c6d886e095b1fb46c8,1577976014700,1577976013
0x04c7959a647b741ccd52d0eaf886d92fd39c1a3050b2e9c6d886e095b1fb46c8,1577976014700,1577976013
0x04c7959a647b741ccd52d0eaf886d92fd39c1a3050b2e9c6d886e095b1fb46c8,1577976014701,1577976013
0x04c7959a647b741ccd52d0eaf886d92fd39c1a3050b2e9c6d886e095b1fb46c8,1577976014701,1577976013
0x04c7959a647b741ccd52d0eaf886d92fd39c1a3050b2e9c6d886e095b1fb46c8,1577976014701,1577976013
0x04c7959a647b741ccd52d0eaf886d92fd39c1a3050b2e9c6d886e095b1fb46c8,1577976014701,1577976013
0x04c7959a647b741ccd52d0eaf886d92fd39c1a3050b2e9c6d886e095b1fb46c8,1577976014702,1577976013
0x04c7959a647b741ccd52d0eaf886d92fd39c1a3050b2e9c6d886e095b1fb46c8,1577976014702,1577976013
0x04c7959a647b741ccd52d0eaf886d92fd39c1a3050b2e9c6d886e095b1fb46c8,1577976014703,1577976013
0x04c7959a647b741ccd52d0eaf886d92fd39c1a3050b2e9c6d886e095b1fb46c8,1577976014703,1577976013
0x04c7959a647b741ccd52d0eaf886d92fd39c1a3050b2e9c6d886e095b1fb46c8,1577976014703,1577976013
0x04c7959a647b741ccd52d0eaf886d92fd39c1a3050b2e9c6d886e095b1fb46c8,1577976014704,1577976013
0x04c7959a647b741ccd52d0eaf886d92fd39c1a3050b2e9c6d886e095b1fb46c8,1577976014704,1577976013
0x04c7959a647b741ccd52d0eaf886d92fd39c1a3050b2e9c6d886e095b1fb46c8,1577976014704,1577976013
0x04c7959a647b741ccd52d0eaf886d92fd39c1a3050b2e9c6d886e095b1fb46c8,1577976014705,1577976013
0x04c7959a647b741ccd52d0eaf886d92fd39c1a3050b2e9c6d886e095b1fb46c8,1577976014705,1577976013
0x04c7959a647b741ccd52d0eaf886d92fd39c1a3050b2e9c6d886e095b1fb46c8,1577976014705,1577976013
0x04c7959a647b741ccd52d0eaf886d92fd39c1a3050b2e9c6d886e095b1fb46c8,1577976014705,1577976013
0x04c7959a647b741ccd52d0eaf886d92fd39c1a3050b2e9c6d886e095b1fb46c8,1577976014706,1577976013
0x04c7959a647b741ccd52d0eaf886d92fd39c1a3050b2e9c6d886e095b1fb46c8,1577976014706,1577976013
0x04c7959a647b741ccd52d0eaf886d92fd39c1a3050b2e9c6d886e095b1fb46c8,1577976014707,1577976013
0x04c7959a647b741ccd52d0eaf886d92fd39c1a3050b2e9c6d886e095b1fb46c8,1577976014707,1577976013
0x04c7959a647b741ccd52d0eaf886d92fd39c1a3050b2e9c6d886e095b1fb46c8,1577976014707,1577976013
0x04c7959a647b741ccd52d0eaf886d92fd39c1a3050b2e9c6d886e095b1fb46c8,1577976014708,1577976013
0x04c7959a647b741ccd52d0eaf886d92fd39c1a3050b2e9c6d886e095b1fb46c8,1577976014708,1577976013
0x04c7959a647b741ccd52d0eaf886d92fd39c1a3050b2e9c6d886e095b1fb46c8,1577976014708,1577976013
0x04c7959a647b741ccd52d0eaf886d92fd39c1a3050b2e9c6d886e095b1fb46c8,1577976014709,1577976013
0x04c7959a647b741ccd52d0eaf886d92fd39c1a3050b2e9c6d886e095b1fb46c8,1577976014709,1577976013
0x04c7959a647b741ccd52d0eaf886d92fd39c1a3050b2e9c6d886e095b1fb46c8,1577976014710,1577976013
0x04c7959a647b741ccd52d0eaf886d92fd39c1a3050b2e9c6d886e095b1fb46c8,1577976014710,1577976013
0x04c7959a647b741ccd52d0eaf886d92fd39c1a3050b2e9c6d886e095b1fb46c8,1577976014710,1577976013
0x04c7959a647b741ccd52d0eaf886d92fd39c1a3050b2e9c6d886e095b1fb46c8,1577976014711,1577976013
0x04c7959a647b741ccd52d0eaf886d92fd39c1a3050b2e9c6d886e095b1fb46c8,1577976014711,1577976013
0x04c7959a647b741ccd52d0eaf886d92fd39c1a3050b2e9c6d886e095b1fb46c8,1577976014711,1577976013
0x04c7959a647b741ccd52d0eaf886d92fd39c1a3050b2e9c6d886e095b1fb46c8,1577976014712,1577976013
0x04c7959a647b741ccd52d0eaf886d92fd39c1a3050b2e9c6d886e095b1fb46c8,1577976014712,1577976013
0x04c7959a647b741ccd52d0eaf886d92fd39c1a3050b2e9c6d886e095b1fb46c8,1577976014712,1577976013
0x04c7959a647b741ccd52d0eaf886d92fd39c1a3050b2e9c6d886e095b1fb46c8,1577976014713,1577976013
0x04c7959a647b741ccd52d0eaf886d92fd39c1a3050b2e9c6d886e095b1fb46c8,1577976014713,1577976013
0x04c7959a647b741ccd52d0eaf886d92fd39c1a3050b2e9c6d886e095b1fb46c8,1577976014714,1577976013
0x04c7959a647b741ccd52d0eaf886d92fd39c1a3050b2e9c6d886e095b1fb46c8,1577976014714,1577976013
0x04c7959a647b741ccd52d0eaf886d92fd39c1a3050b2e9c6d886e095b1fb46c8,1577976014714,1577976013
0x04c7959a647b741ccd52d0eaf886d92fd39c1a3050b2e9c6d886e095b1fb46c8,1577976014714,1577976013
0x04c7959a647b741ccd52d0eaf886d92fd39c1a3050b2e9c6d886e095b1fb46c8,1577976014715,1577976013
0x04c7959a647b741ccd52d0eaf886d92fd39c1a3050b2e9c6d886e095b1fb46c8,1577976014715,1577976013
0x04c7959a647b741ccd52d0eaf886d92fd39c1a3050b2e9c6d886e095b1fb46c8,1577976014715,1577976013
0x04c7959a647b741ccd52d0eaf886d92fd39c1a3050b2e9c6d886e095b1fb46c8,1577976014716,1577976013
0x04c7959a647b741ccd52d0eaf886d92fd39c1a3050b2e9c6d886e095b1fb46c8,1577976014716,1577976013
0x04c7959a647b741ccd52d0eaf886d92fd39c1a3050b2e9c6d886e095b1fb46c8,1577976014717,1577976013
0x04c7959a647b741ccd52d0eaf886d92fd39c1a3050b2e9c6d886e095b1fb46c8,1577976014717,1577976013
0x04c7959a647b741ccd52d0eaf886d92fd39c1a3050b2e9c6d886e095b1fb46c8,1577976014717,1577976013
0x04c7959a647b741ccd52d0eaf886d92fd39c1a3050b2e9c6d886e095b1fb46c8,1577976014717,1577976013
0x04c7959a647b741ccd52d0eaf886d92fd39c1a3050b2e9c6d886e095b1fb46c8,1577976014718,1577976013
0x04c7959a647b741ccd52d0eaf886d92fd39c1a3050b2e9c6d886e095b1fb46c8,1577976014718,1577976013
0x04c7959a647b741ccd52d0eaf886d92fd39c1a3050b2e9c6d886e095b1fb46c8,1577976014718,1577976013
0x04c7959a647b741ccd52d0eaf886d92fd39c1a3050b2e9c6d886e095b1fb46c8,1577976014719,1577976013
0x04c7959a647b741ccd52d0eaf886d92fd39c1a3050b2e9c6d886e095b1fb46c8,1577976014719,1577976013
0x04c7959a647b741ccd52d0eaf886d92fd39c1a3050b2e9c6d886e095b1fb46c8,1577976014720,1577976013
0x04c7959a647b741ccd52d0eaf886d92fd39c1a3050b2e9c6d886e095b1fb46c8,1577976014720,1577976013
0x04c7959a647b741ccd52d0eaf886d92fd39c1a3050b2e9c6d886e095b1fb46c8,1577976014721,1577976013
0x04c7959a647b741ccd52d0eaf886d92fd39c1a3050b2e9c6d886e095b1fb46c8,1577976014721,1577976013
0x04c7959a647b741ccd52d0eaf886d92fd39c1a3050b2e9c6d886e095b1fb46c8,1577976014727,1577976013
0x04c7959a647b741ccd52d0eaf886d92fd39c1a3050b2e9c6d886e095b1fb46c8,1577976014727,1577976013
0x04c7959a647b741ccd52d0eaf886d92fd39c1a3050b2e9c6d886e095b1fb46c8,1577976014727,1577976013
0x04c7959a647b741ccd52d0eaf886d92fd39c1a3050b2e9c6d886e095b1fb46c8,1577976014727,1577976013
0x04c7959a647b741ccd52d0eaf886d92fd39c1a3050b2e9c6d886e095b1fb46c8,1577976014728,1577976013
0x04c7959a647b741ccd52d0eaf886d92fd39c1a3050b2e9c6d886e095b1fb46c8,1577976014728,1577976013
0x04c7959a647b741ccd52d0eaf886d92fd39c1a3050b2e9c6d886e095b1fb46c8,1577976014728,1577976013
0x04c7959a647b741ccd52d0eaf886d92fd39c1a3050b2e9c6d886e095b1fb46c8,1577976014729,1577976013
0x04c7959a647b741ccd52d0eaf886d92fd39c1a3050b2e9c6d886e095b1fb46c8,1577976014729,1577976013
0x04c7959a647b741ccd52d0eaf886d92fd39c1a3050b2e9c6d886e095b1fb46c8,1577976014730,1577976013
0x04c7959a647b741ccd52d0eaf886d92fd39c1a3050b2e9c6d886e095b1fb46c8,1577976014730,1577976013
0x04c7959a647b741ccd52d0eaf886d92fd39c1a3050b2e9c6d886e095b1fb46c8,1577976014730,1577976013
0x04c7959a647b741ccd52d0eaf886d92fd39c1a3050b2e9c6d886e095b1fb46c8,1577976014731,1577976013
0x04c7959a647b741ccd52d0eaf886d92fd39c1a3050b2e9c6d886e095b1fb46c8,1577976014731,1577976013
0x04c7959a647b741ccd52d0eaf886d92fd39c1a3050b2e9c6d886e095b1fb46c8,1577976014731,1577976013
0x04c7959a647b741ccd52d0eaf886d92fd39c1a3050b2e9c6d886e095b1fb46c8,1577976014731,1577976013
0x04c7959a647b741ccd52d0eaf886d92fd39c1a3050b2e9c6d886e095b1fb46c8,1577976014732,1577976013
0x04c7959a647b741ccd52d0eaf886d92fd39c1a3050b2e9c6d886e095b1fb46c8,1577976014732,1577976013
0x04c7959a647b741ccd52d0eaf886d92fd39c1a3050b2e9c6d886e095b1fb46c8,1577976014732,1577976013
0x04c7959a647b741ccd52d0eaf886d92fd39c1a3050b2e9c6d886e095b1fb46c8,1577976014732,1577976013
0x04c7959a647b741ccd52d0eaf886d92fd39c1a3050b2e9c6d886e095b1fb46c8,1577976014733,1577976013
0x04c7959a647b741ccd52d0eaf886d92fd39c1a3050b2e9c6d886e095b1fb46c8,1577976014733,1577976013
0x04c7959a647b741ccd52d0eaf886d92fd39c1a3050b2e9c6d886e095b1fb46c8,1577976014733,1577976013
0x04c7959a647b741ccd52d0eaf886d92fd39c1a3050b2e9c6d886e095b1fb46c8,1577976014733,1577976013
0x04c7959a647b741ccd52d0eaf886d92fd39c1a3050b2e9c6d886e095b1fb46c8,1577976014734,1577976013
0x04c7959a647b741ccd52d0eaf886d92fd39c1a3050b2e9c6d886e095b1fb46c8,1577976014735,1577976013
0x04c7959a647b741ccd52d0eaf886d92fd39c1a3050b2e9c6d886e095b1fb46c8,1577976014735,1577976013
0x04c7959a647b741ccd52d0eaf886d92fd39c1a3050b2e9c6d886e095b1fb46c8,1577976014735,1577976013
0x04c7959a647b741ccd52d0eaf886d92fd39c1a3050b2e9c6d886e095b1fb46c8,1577976014736,1577976013
0x04c7959a647b741ccd52d0eaf886d92fd39c1a3050b2e9c6d886e095b1fb46c8,1577976014736,1577976013
0x04c7959a647b741ccd52d0eaf886d92fd39c1a3050b2e9c6d886e095b1fb46c8,1577976014738,1577976013
0x04c7959a647b741ccd52d0eaf886d92fd39c1a3050b2e9c6d886e095b1fb46c8,1577976014738,1577976013
0x04c7959a647b741ccd52d0eaf886d92fd39c1a3050b2e9c6d886e095b1fb46c8,1577976014738,1577976013
0x04c7959a647b741ccd52d0eaf886d92fd39c1a3050b2e9c6d886e095b1fb46c8,1577976014738,1577976013
0x04c7959a647b741ccd52d0eaf886d92fd39c1a3050b2e9c6d886e095b1fb46c8,1577976014739,1577976013
0x04c7959a647b741ccd52d0eaf886d92fd39c1a3050b2e9c6d886e095b1fb46c8,1577976014739,1577976013
0x04c7959a647b741ccd52d0eaf886d92fd39c1a3050b2e9c6d886e095b1fb46c8,1577976014739,1577976013
0x04c7959a647b741ccd52d0eaf886d92fd39c1a3050b2e9c6d886e095b1fb46c8,1577976014739,1577976013
0x04c7959a647b741ccd52d0eaf886d92fd39c1a3050b2e9c6d886e095b1fb46c8,1577976014740,1577976013
0x04c7959a647b741ccd52d0eaf886d92fd39c1a3050b2e9c6d886e095b1fb46c8,1577976014740,1577976013
0x04c7959a647b741ccd52d0eaf886d92fd39c1a3050b2e9c6d886e095b1fb46c8,1577976014741,1577976013
0x04c7959a647b741ccd52d0eaf886d92fd39c1a3050b2e9c6d886e095b1fb46c8,1577976014741,1577976013
0x04c7959a647b741ccd52d0eaf886d92fd39c1a3050b2e9c6d886e095b1fb46c8,1577976014741,1577976013
0x04c7959a647b741ccd52d0eaf886d92fd39c1a3050b2e9c6d886e095b1fb46c8,1577976014741,1577976013
0x04c7959a647b741ccd52d0eaf886d92fd39c1a3050b2e9c6d886e095b1fb46c8,1577976014742,1577976013
0x04c7959a647b741ccd52d0eaf886d92fd39c1a3050b2e9c6d886e095b1fb46c8,1577976014742,1577976013
0x04c7959a647b741ccd52d0eaf886d92fd39c1a3050b2e9c6d886e095b1fb46c8,1577976014742,1577976013
0x04c7959a647b741ccd52d0eaf886d92fd39c1a3050b2e9c6d886e095b1fb46c8,1577976014742,1577976013
0x04c7959a647b741ccd52d0eaf886d92fd39c1a3050b2e9c6d886e095b1fb46c8,1577976014743,1577976013
0x04c7959a647b741ccd52d0eaf886d92fd39c1a3050b2e9c6d886e095b1fb46c8,1577976014743,1577976013
0x04c7959a647b741ccd52d0eaf886d92fd39c1a3050b2e9c6d886e095b1fb46c8,1577976014743,1577976013
0x04c7959a647b741ccd52d0eaf886d92fd39c1a3050b2e9c6d886e095b1fb46c8,1577976014743,1577976013
0x04c7959a647b741ccd52d0eaf886d92fd39c1a3050b2e9c6d886e095b1fb46c8,1577976014744,1577976013
0x04c7959a647b741ccd52d0eaf886d92fd39c1a3050b2e9c6d886e095b1fb46c8,1577976014744,1577976013
0x04c7959a647b741ccd52d0eaf886d92fd39c1a3050b2e9c6d886e095b1fb46c8,1577976014745,1577976013
0x04c7959a647b741ccd52d0eaf886d92fd39c1a3050b2e9c6d886e095b1fb46c8,1577976014745,1577976013
0x04c7959a647b741ccd52d0eaf886d92fd39c1a3050b2e9c6d886e095b1fb46c8,1577976014746,1577976013
0x04c7959a647b741ccd52d0eaf886d92fd39c1a3050b2e9c6d886e095b1fb46c8,1577976014746,1577976013
0x04c7959a647b741ccd52d0eaf886d92fd39c1a3050b2e9c6d886e095b1fb46c8,1577976014746,1577976013
0x04c7959a647b741ccd52d0eaf886d92fd39c1a3050b2e9c6d886e095b1fb46c8,1577976014746,1577976013
0x04c7959a647b741ccd52d0eaf886d92fd39c1a3050b2e9c6d886e095b1fb46c8,1577976014747,1577976013
0x04c7959a647b741ccd52d0eaf886d92fd39c1a3050b2e9c6d886e095b1fb46c8,1577976014747,1577976013
0x04c7959a647b741ccd52d0eaf886d92fd39c1a3050b2e9c6d886e095b1fb46c8,1577976014747,1577976013
0x04c7959a647b741ccd52d0eaf886d92fd39c1a3050b2e9c6d886e095b1fb46c8,1577976014747,1577976013
0x04c7959a647b741ccd52d0eaf886d92fd39c1a3050b2e9c6d886e095b1fb46c8,1577976014748,1577976013
0x04c7959a647b741ccd52d0eaf886d92fd39c1a3050b2e9c6d886e095b1fb46c8,1577976014748,1577976013
0x04c7959a647b741ccd52d0eaf886d92fd39c1a3050b2e9c6d886e095b1fb46c8,1577976014748,1577976013
0x04c7959a647b741ccd52d0eaf886d92fd39c1a3050b2e9c6d886e095b1fb46c8,1577976014749,1577976013
0x04c7959a647b741ccd52d0eaf886d92fd39c1a3050b2e9c6d886e095b1fb46c8,1577976014749,1577976013
0x04c7959a647b741ccd52d0eaf886d92fd39c1a3050b2e9c6d886e095b1fb46c8,1577976014749,1577976013
0x04c7959a647b741ccd52d0eaf886d92fd39c1a3050b2e9c6d886e095b1fb46c8,1577976014750,1577976013
0x04c7959a647b741ccd52d0eaf886d92fd39c1a3050b2e9c6d886e095b1fb46c8,1577976014750,1577976013
0x04c7959a647b741ccd52d0eaf886d92fd39c1a3050b2e9c6d886e095b1fb46c8,1577976014750,1577976013
0x04c7959a647b741ccd52d0eaf886d92fd39c1a3050b2e9c6d886e095b1fb46c8,1577976014750,1577976013
0x04c7959a647b741ccd52d0eaf886d92fd39c1a3050b2e9c6d886e095b1fb46c8,1577976014751,1577976013
0x04c7959a647b741ccd52d0eaf886d92fd39c1a3050b2e9c6d886e095b1fb46c8,1577976014751,1577976013
0x04c7959a647b741ccd52d0eaf886d92fd39c1a3050b2e9c6d886e095b1fb46c8,1577976014751,1577976013
0x04c7959a647b741ccd52d0eaf886d92fd39c1a3050b2e9c6d886e095b1fb46c8,1577976014751,1577976013
0x04c7959a647b741ccd52d0eaf886d92fd39c1a3050b2e9c6d886e095b1fb46c8,1577976014752,1577976013
0x04c7959a647b741ccd52d0eaf886d92fd39c1a3050b2e9c6d886e095b1fb46c8,1577976014752,1577976013
0x04c7959a647b741ccd52d0eaf886d92fd39c1a3050b2e9c6d886e095b1fb46c8,1577976014752,1577976013
0x04c7959a647b741ccd52d0eaf886d92fd39c1a3050b2e9c6d886e095b1fb46c8,1577976014753,1577976013
0x04c7959a647b741ccd52d0eaf886d92fd39c1a3050b2e9c6d886e095b1fb46c8,1577976014753,1577976013
0x04c7959a647b741ccd52d0eaf886d92fd39c1a3050b2e9c6d886e095b1fb46c8,1577976014753,1577976013
0x04c7959a647b741ccd52d0eaf886d92fd39c1a3050b2e9c6d886e095b1fb46c8,1577976014754,1577976013
0x04c7959a647b741ccd52d0eaf886d92fd39c1a3050b2e9c6d886e095b1fb46c8,1577976014754,1577976014
0x04c7959a647b741ccd52d0eaf886d92fd39c1a3050b2e9c6d886e095b1fb46c8,1577976014755,1577976014
0x04c7959a647b741ccd52d0eaf886d92fd39c1a3050b2e9c6d886e095b1fb46c8,1577976014755,1577976014
0x04c7959a647b741ccd52d0eaf886d92fd39c1a3050b2e9c6d886e095b1fb46c8,1577976014755,1577976014
0x04c7959a647b741ccd52d0eaf886d92fd39c1a3050b2e9c6d886e095b1fb46c8,1577976014755,1577976014
0x04c7959a647b741ccd52d0eaf886d92fd39c1a3050b2e9c6d886e095b1fb46c8,1577976014756,1577976014
0x04c7959a647b741ccd52d0eaf886d92fd39c1a3050b2e9c6d886e095b1fb46c8,1577976014756,1577976014
0x04c7959a647b741ccd52d0eaf886d92fd39c1a3050b2e9c6d886e095b1fb46c8,1577976014756,1577976014
0x04c7959a647b741ccd52d0eaf886d92fd39c1a3050b2e9c6d886e095b1fb46c8,1577976014756,1577976014
0x04c7959a647b741ccd52d0eaf886d92fd39c1a3050b2e9c6d886e095b1fb46c8,1577976014757,1577976014
0x04c7959a647b741ccd52d0eaf886d92fd39c1a3050b2e9c6d886e095b1fb46c8,1577976014757,1577976014
0x04c7959a647b741ccd52d0eaf886d92fd39c1a3050b2e9c6d886e095b1fb46c8,1577976014758,1577976014
0x04c7959a647b741ccd52d0eaf886d92fd39c1a3050b2e9c6d886e095b1fb46c8,1577976014758,1577976014
0x04c7959a647b741ccd52d0eaf886d92fd39c1a3050b2e9c6d886e095b1fb46c8,1577976014758,1577976014
0x04c7959a647b741ccd52d0eaf886d92fd39c1a3050b2e9c6d886e095b1fb46c8,1577976014758,1577976014
0x04c7959a647b741ccd52d0eaf886d92fd39c1a3050b2e9c6d886e095b1fb46c8,1577976014759,1577976014
0x04c7959a647b741ccd52d0eaf886d92fd39c1a3050b2e9c6d886e095b1fb46c8,1577976014759,1577976014
0x04c7959a647b741ccd52d0eaf886d92fd39c1a3050b2e9c6d886e095b1fb46c8,1577976014759,1577976014
0x04c7959a647b741ccd52d0eaf886d92fd39c1a3050b2e9c6d886e095b1fb46c8,1577976014759,1577976014
0x04c7959a647b741ccd52d0eaf886d92fd39c1a3050b2e9c6d886e095b1fb46c8,1577976014760,1577976014
0x04c7959a647b741ccd52d0eaf886d92fd39c1a3050b2e9c6d886e095b1fb46c8,1577976014760,1577976014
0x04c7959a647b741ccd52d0eaf886d92fd39c1a3050b2e9c6d886e095b1fb46c8,1577976014760,1577976014
0x04c7959a647b741ccd52d0eaf886d92fd39c1a3050b2e9c6d886e095b1fb46c8,1577976014760,1577976014
0x04c7959a647b741ccd52d0eaf886d92fd39c1a3050b2e9c6d886e095b1fb46c8,1577976014761,1577976014
0x04c7959a647b741ccd52d0eaf886d92fd39c1a3050b2e9c6d886e095b1fb46c8,1577976014761,1577976014
0x04c7959a647b741ccd52d0eaf886d92fd39c1a3050b2e9c6d886e095b1fb46c8,1577976014762,1577976014
0x04c7959a647b741ccd52d0eaf886d92fd39c1a3050b2e9c6d886e095b1fb46c8,1577976014762,1577976014
0x04c7959a647b741ccd52d0eaf886d92fd39c1a3050b2e9c6d886e095b1fb46c8,1577976014762,1577976014
0x04c7959a647b741ccd52d0eaf886d92fd39c1a3050b2e9c6d886e095b1fb46c8,1577976014762,1577976014
0x04c7959a647b741ccd52d0eaf886d92fd39c1a3050b2e9c6d886e095b1fb46c8,1577976014763,1577976014
0x04c7959a647b741ccd52d0eaf886d92fd39c1a3050b2e9c6d886e095b1fb46c8,1577976014763,1577976014
0x04c7959a647b741ccd52d0eaf886d92fd39c1a3050b2e9c6d886e095b1fb46c8,1577976014764,1577976014
0x04c7959a647b741ccd52d0eaf886d92fd39c1a3050b2e9c6d886e095b1fb46c8,1577976014764,1577976014
0x04c7959a647b741ccd52d0eaf886d92fd39c1a3050b2e9c6d886e095b1fb46c8,1577976014764,1577976014
0x04c7959a647b741ccd52d0eaf886d92fd39c1a3050b2e9c6d886e095b1fb46c8,1577976014764,1577976014
0x04c7959a647b741ccd52d0eaf886d92fd39c1a3050b2e9c6d886e095b1fb46c8,1577976014765,1577976014
0x04c7959a647b741ccd52d0eaf886d92fd39c1a3050b2e9c6d886e095b1fb46c8,1577976014765,1577976014
0x04c7959a647b741ccd52d0eaf886d92fd39c1a3050b2e9c6d886e095b1fb46c8,1577976014765,1577976014
0x04c7959a647b741ccd52d0eaf886d92fd39c1a3050b2e9c6d886e095b1fb46c8,1577976014766,1577976014
0x04c7959a647b741ccd52d0eaf886d92fd39c1a3050b2e9c6d886e095b1fb46c8,1577976014766,1577976014
0x04c7959a647b741ccd52d0eaf886d92fd39c1a3050b2e9c6d886e095b1fb46c8,1577976014766,1577976014
0x04c7959a647b741ccd52d0eaf886d92fd39c1a3050b2e9c6d886e095b1fb46c8,1577976014767,1577976014
0x04c7959a647b741ccd52d0eaf886d92fd39c1a3050b2e9c6d886e095b1fb46c8,1577976014767,1577976014
0x04c7959a647b741ccd52d0eaf886d92fd39c1a3050b2e9c6d886e095b1fb46c8,1577976014767,1577976014
0x04c7959a647b741ccd52d0eaf886d92fd39c1a3050b2e9c6d886e095b1fb46c8,1577976014767,1577976014
0x04c7959a647b741ccd52d0eaf886d92fd39c1a3050b2e9c6d886e095b1fb46c8,1577976014768,1577976014
0x04c7959a647b741ccd52d0eaf886d92fd39c1a3050b2e9c6d886e095b1fb46c8,1577976014768,1577976014
0x04c7959a647b741ccd52d0eaf886d92fd39c1a3050b2e9c6d886e095b1fb46c8,1577976014768,1577976014
0x04c7959a647b741ccd52d0eaf886d92fd39c1a3050b2e9c6d886e095b1fb46c8,1577976014768,1577976014
0x04c7959a647b741ccd52d0eaf886d92fd39c1a3050b2e9c6d886e095b1fb46c8,1577976014769,1577976014
0x04c7959a647b741ccd52d0eaf886d92fd39c1a3050b2e9c6d886e095b1fb46c8,1577976014769,1577976014
0x04c7959a647b741ccd52d0eaf886d92fd39c1a3050b2e9c6d886e095b1fb46c8,1577976014769,1577976014
0x04c7959a647b741ccd52d0eaf886d92fd39c1a3050b2e9c6d886e095b1fb46c8,1577976014770,1577976014
0x04c7959a647b741ccd52d0eaf886d92fd39c1a3050b2e9c6d886e095b1fb46c8,1577976014770,1577976014
0x04c7959a647b741ccd52d0eaf886d92fd39c1a3050b2e9c6d886e095b1fb46c8,1577976014770,1577976014
0x04c7959a647b741ccd52d0eaf886d92fd39c1a3050b2e9c6d886e095b1fb46c8,1577976014771,1577976014
0x04c7959a647b741ccd52d0eaf886d92fd39c1a3050b2e9c6d886e095b1fb46c8,1577976014771,1577976014
0x04c7959a647b741ccd52d0eaf886d92fd39c1a3050b2e9c6d886e095b1fb46c8,1577976014771,1577976014
0x04c7959a647b741ccd52d0eaf886d92fd39c1a3050b2e9c6d886e095b1fb46c8,1577976014771,1577976014
0x04c7959a647b741ccd52d0eaf886d92fd39c1a3050b2e9c6d886e095b1fb46c8,1577976014772,1577976014
0x04c7959a647b741ccd52d0eaf886d92fd39c1a3050b2e9c6d886e095b1fb46c8,1577976014772,1577976014
0x04c7959a647b741ccd52d0eaf886d92fd39c1a3050b2e9c6d886e095b1fb46c8,1577976014773,1577976014
0x04c7959a647b741ccd52d0eaf886d92fd39c1a3050b2e9c6d886e095b1fb46c8,1577976014773,1577976014
0x04c7959a647b741ccd52d0eaf886d92fd39c1a3050b2e9c6d886e095b1fb46c8,1577976014773,1577976014
0x04c7959a647b741ccd52d0eaf886d92fd39c1a3050b2e9c6d886e095b1fb46c8,1577976014773,1577976014
0x04c7959a647b741ccd52d0eaf886d92fd39c1a3050b2e9c6d886e095b1fb46c8,1577976014774,1577976014
0x04c7959a647b741ccd52d0eaf886d92fd39c1a3050b2e9c6d886e095b1fb46c8,1577976014774,1577976014
0x04c7959a647b741ccd52d0eaf886d92fd39c1a3050b2e9c6d886e095b1fb46c8,1577976014775,1577976014
0x04c7959a647b741ccd52d0eaf886d92fd39c1a3050b2e9c6d886e095b1fb46c8,1577976014775,1577976014
0x04c7959a647b741ccd52d0eaf886d92fd39c1a3050b2e9c6d886e095b1fb46c8,1577976014775,1577976014
0x04c7959a647b741ccd52d0eaf886d92fd39c1a3050b2e9c6d886e095b1fb46c8,1577976014775,1577976014
0x04c7959a647b741ccd52d0eaf886d92fd39c1a3050b2e9c6d886e095b1fb46c8,1577976014776,1577976014
0x04c7959a647b741ccd52d0eaf886d92fd39c1a3050b2e9c6d886e095b1fb46c8,1577976014776,1577976014
0x04c7959a647b741ccd52d0eaf886d92fd39c1a3050b2e9c6d886e095b1fb46c8,1577976014776,1577976014
0x04c7959a647b741ccd52d0eaf886d92fd39c1a3050b2e9c6d886e095b1fb46c8,1577976014776,1577976014
0x04c7959a647b741ccd52d0eaf886d92fd39c1a3050b2e9c6d886e095b1fb46c8,1577976014777,1577976014
0x04c7959a647b741ccd52d0eaf886d92fd39c1a3050b2e9c6d886e095b1fb46c8,1577976014777,1577976014
0x04c7959a647b741ccd52d0eaf886d92fd39c1a3050b2e9c6d886e095b1fb46c8,1577976014777,1577976014
0x04c7959a647b741ccd52d0eaf886d92fd39c1a3050b2e9c6d886e095b1fb46c8,1577976014777,1577976014
0x04c7959a647b741ccd52d0eaf886d92fd39c1a3050b2e9c6d886e095b1fb46c8,1577976014778,1577976014
0x04c7959a647b741ccd52d0eaf886d92fd39c1a3050b2e9c6d886e095b1fb46c8,1577976014778,1577976014
0x04c7959a647b741ccd52d0eaf886d92fd39c1a3050b2e9c6d886e095b1fb46c8,1577976014778,1577976014
0x04c7959a647b741ccd52d0eaf886d92fd39c1a3050b2e9c6d886e095b1fb46c8,1577976014779,1577976014
0x04c7959a647b741ccd52d0eaf886d92fd39c1a3050b2e9c6d886e095b1fb46c8,1577976014779,1577976014
0x04c7959a647b741ccd52d0eaf886d92fd39c1a3050b2e9c6d886e095b1fb46c8,1577976014779,1577976014
0x04c7959a647b741ccd52d0eaf886d92fd39c1a3050b2e9c6d886e095b1fb46c8,1577976014779,1577976014
0x04c7959a647b741ccd52d0eaf886d92fd39c1a3050b2e9c6d886e095b1fb46c8,1577976014780,1577976014
0x04c7959a647b741ccd52d0eaf886d92fd39c1a3050b2e9c6d886e095b1fb46c8,1577976014780,1577976014
0x04c7959a647b741ccd52d0eaf886d92fd39c1a3050b2e9c6d886e095b1fb46c8,1577976014780,1577976014
0x04c7959a647b741ccd52d0eaf886d92fd39c1a3050b2e9c6d886e095b1fb46c8,1577976014780,1577976014
0x04c7959a647b741ccd52d0eaf886d92fd39c1a3050b2e9c6d886e095b1fb46c8,1577976014781,1577976014
0x04c7959a647b741ccd52d0eaf886d92fd39c1a3050b2e9c6d886e095b1fb46c8,1577976014781,1577976014
0x04c7959a647b741ccd52d0eaf886d92fd39c1a3050b2e9c6d886e095b1fb46c8,1577976014782,1577976014
0x04c7959a647b741ccd52d0eaf886d92fd39c1a3050b2e9c6d886e095b1fb46c8,1577976014782,1577976014
0x04c7959a647b741ccd52d0eaf886d92fd39c1a3050b2e9c6d886e095b1fb46c8,1577976014783,1577976014
0x04c7959a647b741ccd52d0eaf886d92fd39c1a3050b2e9c6d886e095b1fb46c8,1577976014783,1577976014
0x04c7959a647b741ccd52d0eaf886d92fd39c1a3050b2e9c6d886e095b1fb46c8,1577976014783,1577976014
0x04c7959a647b741ccd52d0eaf886d92fd39c1a3050b2e9c6d886e095b1fb46c8,1577976014783,1577976014
0x04c7959a647b741ccd52d0eaf886d92fd39c1a3050b2e9c6d886e095b1fb46c8,1577976014784,1577976014
0x04c7959a647b741ccd52d0eaf886d92fd39c1a3050b2e9c6d886e095b1fb46c8,1577976014784,1577976014
0x04c7959a647b741ccd52d0eaf886d92fd39c1a3050b2e9c6d886e095b1fb46c8,1577976014784,1577976014
0x04c7959a647b741ccd52d0eaf886d92fd39c1a3050b2e9c6d886e095b1fb46c8,1577976014784,1577976014
0x04c7959a647b741ccd52d0eaf886d92fd39c1a3050b2e9c6d886e095b1fb46c8,1577976014785,1577976014
0x04c7959a647b741ccd52d0eaf886d92fd39c1a3050b2e9c6d886e095b1fb46c8,1577976014785,1577976014
0x04c7959a647b741ccd52d0eaf886d92fd39c1a3050b2e9c6d886e095b1fb46c8,1577976014785,1577976014
0x04c7959a647b741ccd52d0eaf886d92fd39c1a3050b2e9c6d886e095b1fb46c8,1577976014785,1577976014
0x04c7959a647b741ccd52d0eaf886d92fd39c1a3050b2e9c6d886e095b1fb46c8,1577976014786,1577976014
0x04c7959a647b741ccd52d0eaf886d92fd39c1a3050b2e9c6d886e095b1fb46c8,1577976014786,1577976014
0x04c7959a647b741ccd52d0eaf886d92fd39c1a3050b2e9c6d886e095b1fb46c8,1577976014787,1577976014
0x04c7959a647b741ccd52d0eaf886d92fd39c1a3050b2e9c6d886e095b1fb46c8,1577976014787,1577976014
0x04c7959a647b741ccd52d0eaf886d92fd39c1a3050b2e9c6d886e095b1fb46c8,1577976014787,1577976014
0x04c7959a647b741ccd52d0eaf886d92fd39c1a3050b2e9c6d886e095b1fb46c8,1577976014787,1577976014
0x04c7959a647b741ccd52d0eaf886d92fd39c1a3050b2e9c6d886e095b1fb46c8,1577976014788,1577976014
0x04c7959a647b741ccd52d0eaf886d92fd39c1a3050b2e9c6d886e095b1fb46c8,1577976014788,1577976014
0x04c7959a647b741ccd52d0eaf886d92fd39c1a3050b2e9c6d886e095b1fb46c8,1577976014788,1577976014
0x04c7959a647b741ccd52d0eaf886d92fd39c1a3050b2e9c6d886e095b1fb46c8,1577976014788,1577976014
0x04c7959a647b741ccd52d0eaf886d92fd39c1a3050b2e9c6d886e095b1fb46c8,1577976014789,1577976014
0x04c7959a647b741ccd52d0eaf886d92fd39c1a3050b2e9c6d886e095b1fb46c8,1577976014789,1577976014
0x04c7959a647b741ccd52d0eaf886d92fd39c1a3050b2e9c6d886e095b1fb46c8,1577976014789,1577976014
0x04c7959a647b741ccd52d0eaf886d92fd39c1a3050b2e9c6d886e095b1fb46c8,1577976014789,1577976014
0x04c7959a647b741ccd52d0eaf886d92fd39c1a3050b2e9c6d886e095b1fb46c8,1577976014790,1577976014
0x04c7959a647b741ccd52d0eaf886d92fd39c1a3050b2e9c6d886e095b1fb46c8,1577976014790,1577976014
0x04c7959a647b741ccd52d0eaf886d92fd39c1a3050b2e9c6d886e095b1fb46c8,1577976014790,1577976014
0x04c7959a647b741ccd52d0eaf886d92fd39c1a3050b2e9c6d886e095b1fb46c8,1577976014791,1577976014
0x04c7959a647b741ccd52d0eaf886d92fd39c1a3050b2e9c6d886e095b1fb46c8,1577976014791,1577976014
0x04c7959a647b741ccd52d0eaf886d92fd39c1a3050b2e9c6d886e095b1fb46c8,1577976014791,1577976014
0x04c7959a647b741ccd52d0eaf886d92fd39c1a3050b2e9c6d886e095b1fb46c8,1577976014791,1577976014
0x04c7959a647b741ccd52d0eaf886d92fd39c1a3050b2e9c6d886e095b1fb46c8,1577976014791,1577976014
0x04c7959a647b741ccd52d0eaf886d92fd39c1a3050b2e9c6d886e095b1fb46c8,1577976014792,1577976014
0x04c7959a647b741ccd52d0eaf886d92fd39c1a3050b2e9c6d886e095b1fb46c8,1577976014792,1577976014
0x04c7959a647b741ccd52d0eaf886d92fd39c1a3050b2e9c6d886e095b1fb46c8,1577976014792,1577976014
0x04c7959a647b741ccd52d0eaf886d92fd39c1a3050b2e9c6d886e095b1fb46c8,1577976014792,1577976014
0x04c7959a647b741ccd52d0eaf886d92fd39c1a3050b2e9c6d886e095b1fb46c8,1577976014792,1577976014
0x04c7959a647b741ccd52d0eaf886d92fd39c1a3050b2e9c6d886e095b1fb46c8,1577976014793,1577976014
0x04c7959a647b741ccd52d0eaf886d92fd39c1a3050b2e9c6d886e095b1fb46c8,1577976014793,1577976014
0x04c7959a647b741ccd52d0eaf886d92fd39c1a3050b2e9c6d886e095b1fb46c8,1577976014793,1577976014
0x04c7959a647b741ccd52d0eaf886d92fd39c1a3050b2e9c6d886e095b1fb46c8,1577976014794,1577976014
0x04c7959a647b741ccd52d0eaf886d92fd39c1a3050b2e9c6d886e095b1fb46c8,1577976014794,1577976014
0x04c7959a647b741ccd52d0eaf886d92fd39c1a3050b2e9c6d886e095b1fb46c8,1577976014794,1577976014
0x04c7959a647b741ccd52d0eaf886d92fd39c1a3050b2e9c6d886e095b1fb46c8,1577976014794,1577976014
0x04c7959a647b741ccd52d0eaf886d92fd39c1a3050b2e9c6d886e095b1fb46c8,1577976014794,1577976014
0x04c7959a647b741ccd52d0eaf886d92fd39c1a3050b2e9c6d886e095b1fb46c8,1577976014795,1577976014
0x04c7959a647b741ccd52d0eaf886d92fd39c1a3050b2e9c6d886e095b1fb46c8,1577976014795,1577976014
0x04c7959a647b741ccd52d0eaf886d92fd39c1a3050b2e9c6d886e095b1fb46c8,1577976014795,1577976014
0x04c7959a647b741ccd52d0eaf886d92fd39c1a3050b2e9c6d886e095b1fb46c8,1577976014795,1577976014
0x04c7959a647b741ccd52d0eaf886d92fd39c1a3050b2e9c6d886e095b1fb46c8,1577976014795,1577976014
0x04c7959a647b741ccd52d0eaf886d92fd39c1a3050b2e9c6d886e095b1fb46c8,1577976014796,1577976014
0x04c7959a647b741ccd52d0eaf886d92fd39c1a3050b2e9c6d886e095b1fb46c8,1577976014796,1577976014
0x04c7959a647b741ccd52d0eaf886d92fd39c1a3050b2e9c6d886e095b1fb46c8,1577976014796,1577976014
0x04c7959a647b741ccd52d0eaf886d92fd39c1a3050b2e9c6d886e095b1fb46c8,1577976014796,1577976014
0x04c7959a647b741ccd52d0eaf886d92fd39c1a3050b2e9c6d886e095b1fb46c8,1577976014797,1577976014
0x04c7959a647b741ccd52d0eaf886d92fd39c1a3050b2e9c6d886e095b1fb46c8,1577976014797,1577976014
0x04c7959a647b741ccd52d0eaf886d92fd39c1a3050b2e9c6d886e095b1fb46c8,1577976014798,1577976014
0x04c7959a647b741ccd52d0eaf886d92fd39c1a3050b2e9c6d886e095b1fb46c8,1577976014798,1577976014
0x04c7959a647b741ccd52d0eaf886d92fd39c1a3050b2e9c6d886e095b1fb46c8,1577976014798,1577976014
0x04c7959a647b741ccd52d0eaf886d92fd39c1a3050b2e9c6d886e095b1fb46c8,1577976014798,1577976014
0x04c7959a647b741ccd52d0eaf886d92fd39c1a3050b2e9c6d886e095b1fb46c8,1577976014798,1577976014
0x04c7959a647b741ccd52d0eaf886d92fd39c1a3050b2e9c6d886e095b1fb46c8,1577976014799,1577976014
0x04c7959a647b741ccd52d0eaf886d92fd39c1a3050b2e9c6d886e095b1fb46c8,1577976014799,1577976014
0x04c7959a647b741ccd52d0eaf886d92fd39c1a3050b2e9c6d886e095b1fb46c8,1577976014799,1577976014
0x04c7959a647b741ccd52d0eaf886d92fd39c1a3050b2e9c6d886e095b1fb46c8,1577976014799,1577976014
0x04c7959a647b741ccd52d0eaf886d92fd39c1a3050b2e9c6d886e095b1fb46c8,1577976014799,1577976014
0x04c7959a647b741ccd52d0eaf886d92fd39c1a3050b2e9c6d886e095b1fb46c8,1577976014800,1577976014
0x04c7959a647b741ccd52d0eaf886d92fd39c1a3050b2e9c6d886e095b1fb46c8,1577976014800,1577976014
0x04c7959a647b741ccd52d0eaf886d92fd39c1a3050b2e9c6d886e095b1fb46c8,1577976014800,1577976014
0x04c7959a647b741ccd52d0eaf886d92fd39c1a3050b2e9c6d886e095b1fb46c8,1577976014800,1577976014
0x04c7959a647b741ccd52d0eaf886d92fd39c1a3050b2e9c6d886e095b1fb46c8,1577976014801,1577976014
0x04c7959a647b741ccd52d0eaf886d92fd39c1a3050b2e9c6d886e095b1fb46c8,1577976014801,1577976014
0x04c7959a647b741ccd52d0eaf886d92fd39c1a3050b2e9c6d886e095b1fb46c8,1577976014801,1577976014
0x04c7959a647b741ccd52d0eaf886d92fd39c1a3050b2e9c6d886e095b1fb46c8,1577976014801,1577976014
0x04c7959a647b741ccd52d0eaf886d92fd39c1a3050b2e9c6d886e095b1fb46c8,1577976014801,1577976014
0x04c7959a647b741ccd52d0eaf886d92fd39c1a3050b2e9c6d886e095b1fb46c8,1577976014802,1577976014
0x04c7959a647b741ccd52d0eaf886d92fd39c1a3050b2e9c6d886e095b1fb46c8,1577976014802,1577976014
0x04c7959a647b741ccd52d0eaf886d92fd39c1a3050b2e9c6d886e095b1fb46c8,1577976014802,1577976014
0x04c7959a647b741ccd52d0eaf886d92fd39c1a3050b2e9c6d886e095b1fb46c8,1577976014802,1577976014
0x04c7959a647b741ccd52d0eaf886d92fd39c1a3050b2e9c6d886e095b1fb46c8,1577976014802,1577976014
0x04c7959a647b741ccd52d0eaf886d92fd39c1a3050b2e9c6d886e095b1fb46c8,1577976014802,1577976014
0x04c7959a647b741ccd52d0eaf886d92fd39c1a3050b2e9c6d886e095b1fb46c8,1577976014803,1577976014
0x04c7959a647b741ccd52d0eaf886d92fd39c1a3050b2e9c6d886e095b1fb46c8,1577976014803,1577976014
0x04c7959a647b741ccd52d0eaf886d92fd39c1a3050b2e9c6d886e095b1fb46c8,1577976014803,1577976014
0x04c7959a647b741ccd52d0eaf886d92fd39c1a3050b2e9c6d886e095b1fb46c8,1577976014804,1577976014
0x04c7959a647b741ccd52d0eaf886d92fd39c1a3050b2e9c6d886e095b1fb46c8,1577976014804,1577976014
0x04c7959a647b741ccd52d0eaf886d92fd39c1a3050b2e9c6d886e095b1fb46c8,1577976014804,1577976014
0x04c7959a647b741ccd52d0eaf886d92fd39c1a3050b2e9c6d886e095b1fb46c8,1577976014804,1577976014
0x04c7959a647b741ccd52d0eaf886d92fd39c1a3050b2e9c6d886e095b1fb46c8,1577976014805,1577976014
0x04c7959a647b741ccd52d0eaf886d92fd39c1a3050b2e9c6d886e095b1fb46c8,1577976014805,1577976014
0x04c7959a647b741ccd52d0eaf886d92fd39c1a3050b2e9c6d886e095b1fb46c8,1577976014805,1577976014
0x04c7959a647b741ccd52d0eaf886d92fd39c1a3050b2e9c6d886e095b1fb46c8,1577976014806,1577976014
0x04c7959a647b741ccd52d0eaf886d92fd39c1a3050b2e9c6d886e095b1fb46c8,1577976014806,1577976014
0x04c7959a647b741ccd52d0eaf886d92fd39c1a3050b2e9c6d886e095b1fb46c8,1577976014806,1577976014
0x04c7959a647b741ccd52d0eaf886d92fd39c1a3050b2e9c6d886e095b1fb46c8,1577976014806,1577976014
0x04c7959a647b741ccd52d0eaf886d92fd39c1a3050b2e9c6d886e095b1fb46c8,1577976014806,1577976014
0x04c7959a647b741ccd52d0eaf886d92fd39c1a3050b2e9c6d886e095b1fb46c8,1577976014807,1577976014
0x04c7959a647b741ccd52d0eaf886d92fd39c1a3050b2e9c6d886e095b1fb46c8,1577976014807,1577976014
0x04c7959a647b741ccd52d0eaf886d92fd39c1a3050b2e9c6d886e095b1fb46c8,1577976014807,1577976014
0x04c7959a647b741ccd52d0eaf886d92fd39c1a3050b2e9c6d886e095b1fb46c8,1577976014808,1577976014
0x04c7959a647b741ccd52d0eaf886d92fd39c1a3050b2e9c6d886e095b1fb46c8,1577976014808,1577976014
0x04c7959a647b741ccd52d0eaf886d92fd39c1a3050b2e9c6d886e095b1fb46c8,1577976014808,1577976014
0x04c7959a647b741ccd52d0eaf886d92fd39c1a3050b2e9c6d886e095b1fb46c8,1577976014808,1577976014
0x04c7959a647b741ccd52d0eaf886d92fd39c1a3050b2e9c6d886e095b1fb46c8,1577976014808,1577976014
0x04c7959a647b741ccd52d0eaf886d92fd39c1a3050b2e9c6d886e095b1fb46c8,1577976014808,1577976014
0x04c7959a647b741ccd52d0eaf886d92fd39c1a3050b2e9c6d886e095b1fb46c8,1577976014809,1577976014
0x04c7959a647b741ccd52d0eaf886d92fd39c1a3050b2e9c6d886e095b1fb46c8,1577976014809,1577976014
0x04c7959a647b741ccd52d0eaf886d92fd39c1a3050b2e9c6d886e095b1fb46c8,1577976014809,1577976014
0x04c7959a647b741ccd52d0eaf886d92fd39c1a3050b2e9c6d886e095b1fb46c8,1577976014809,1577976014
0x04c7959a647b741ccd52d0eaf886d92fd39c1a3050b2e9c6d886e095b1fb46c8,1577976014809,1577976014
0x04c7959a647b741ccd52d0eaf886d92fd39c1a3050b2e9c6d886e095b1fb46c8,1577976014810,1577976014
0x04c7959a647b741ccd52d0eaf886d92fd39c1a3050b2e9c6d886e095b1fb46c8,1577976014810,1577976014
0x04c7959a647b741ccd52d0eaf886d92fd39c1a3050b2e9c6d886e095b1fb46c8,1577976014810,1577976014
0x04c7959a647b741ccd52d0eaf886d92fd39c1a3050b2e9c6d886e095b1fb46c8,1577976014811,1577976014
0x04c7959a647b741ccd52d0eaf886d92fd39c1a3050b2e9c6d886e095b1fb46c8,1577976014811,1577976014
0x04c7959a647b741ccd52d0eaf886d92fd39c1a3050b2e9c6d886e095b1fb46c8,1577976014811,1577976014
0x04c7959a647b741ccd52d0eaf886d92fd39c1a3050b2e9c6d886e095b1fb46c8,1577976014812,1577976014
0x04c7959a647b741ccd52d0eaf886d92fd39c1a3050b2e9c6d886e095b1fb46c8,1577976014812,1577976014
0x04c7959a647b741ccd52d0eaf886d92fd39c1a3050b2e9c6d886e095b1fb46c8,1577976014812,1577976014
0x04c7959a647b741ccd52d0eaf886d92fd39c1a3050b2e9c6d886e095b1fb46c8,1577976014812,1577976014
0x04c7959a647b741ccd52d0eaf886d92fd39c1a3050b2e9c6d886e095b1fb46c8,1577976014812,1577976014
0x04c7959a647b741ccd52d0eaf886d92fd39c1a3050b2e9c6d886e095b1fb46c8,1577976029147,1577976015
0x04c7959a647b741ccd52d0eaf886d92fd39c1a3050b2e9c6d886e095b1fb46c8,1577976029148,1577976015
0x04c7959a647b741ccd52d0eaf886d92fd39c1a3050b2e9c6d886e095b1fb46c8,1577976029148,1577976015
0x04c7959a647b741ccd52d0eaf886d92fd39c1a3050b2e9c6d886e095b1fb46c8,1577976029149,1577976015
0x04c7959a647b741ccd52d0eaf886d92fd39c1a3050b2e9c6d886e095b1fb46c8,1577976029151,1577976015
0x04c7959a647b741ccd52d0eaf886d92fd39c1a3050b2e9c6d886e095b1fb46c8,1577976029151,1577976015
0x04c7959a647b741ccd52d0eaf886d92fd39c1a3050b2e9c6d886e095b1fb46c8,1577976029151,1577976015
0x04c7959a647b741ccd52d0eaf886d92fd39c1a3050b2e9c6d886e095b1fb46c8,1577976029152,1577976015
0x04c7959a647b741ccd52d0eaf886d92fd39c1a3050b2e9c6d886e095b1fb46c8,1577976029152,1577976015
0x04c7959a647b741ccd52d0eaf886d92fd39c1a3050b2e9c6d886e095b1fb46c8,1577976029152,1577976015
0x04c7959a647b741ccd52d0eaf886d92fd39c1a3050b2e9c6d886e095b1fb46c8,1577976029153,1577976015
0x04c7959a647b741ccd52d0eaf886d92fd39c1a3050b2e9c6d886e095b1fb46c8,1577976029153,1577976015
0x04c7959a647b741ccd52d0eaf886d92fd39c1a3050b2e9c6d886e095b1fb46c8,1577976029153,1577976015
0x04c7959a647b741ccd52d0eaf886d92fd39c1a3050b2e9c6d886e095b1fb46c8,1577976029154,1577976015
0x04c7959a647b741ccd52d0eaf886d92fd39c1a3050b2e9c6d886e095b1fb46c8,1577976029154,1577976015
0x04c7959a647b741ccd52d0eaf886d92fd39c1a3050b2e9c6d886e095b1fb46c8,1577976029154,1577976015
0x04c7959a647b741ccd52d0eaf886d92fd39c1a3050b2e9c6d886e095b1fb46c8,1577976029155,1577976015
0x04c7959a647b741ccd52d0eaf886d92fd39c1a3050b2e9c6d886e095b1fb46c8,1577976029155,1577976015
0x04c7959a647b741ccd52d0eaf886d92fd39c1a3050b2e9c6d886e095b1fb46c8,1577976029155,1577976015
0x04c7959a647b741ccd52d0eaf886d92fd39c1a3050b2e9c6d886e095b1fb46c8,1577976029156,1577976015
0x04c7959a647b741ccd52d0eaf886d92fd39c1a3050b2e9c6d886e095b1fb46c8,1577976029157,1577976015
0x04c7959a647b741ccd52d0eaf886d92fd39c1a3050b2e9c6d886e095b1fb46c8,1577976029157,1577976015
0x04c7959a647b741ccd52d0eaf886d92fd39c1a3050b2e9c6d886e095b1fb46c8,1577976029157,1577976015
0x04c7959a647b741ccd52d0eaf886d92fd39c1a3050b2e9c6d886e095b1fb46c8,1577976029158,1577976015
0x04c7959a647b741ccd52d0eaf886d92fd39c1a3050b2e9c6d886e095b1fb46c8,1577976029159,1577976015
0x04c7959a647b741ccd52d0eaf886d92fd39c1a3050b2e9c6d886e095b1fb46c8,1577976029160,1577976015
0x04c7959a647b741ccd52d0eaf886d92fd39c1a3050b2e9c6d886e095b1fb46c8,1577976029162,1577976015
0x04c7959a647b741ccd52d0eaf886d92fd39c1a3050b2e9c6d886e095b1fb46c8,1577976029162,1577976015
0x04c7959a647b741ccd52d0eaf886d92fd39c1a3050b2e9c6d886e095b1fb46c8,1577976029163,1577976015
0x04c7959a647b741ccd52d0eaf886d92fd39c1a3050b2e9c6d886e095b1fb46c8,1577976029164,1577976015
0x04c7959a647b741ccd52d0eaf886d92fd39c1a3050b2e9c6d886e095b1fb46c8,1577976029164,1577976015
0x04c7959a647b741ccd52d0eaf886d92fd39c1a3050b2e9c6d886e095b1fb46c8,1577976029165,1577976015
0x04c7959a647b741ccd52d0eaf886d92fd39c1a3050b2e9c6d886e095b1fb46c8,1577976029166,1577976015
0x04c7959a647b741ccd52d0eaf886d92fd39c1a3050b2e9c6d886e095b1fb46c8,1577976029166,1577976015
0x04c7959a647b741ccd52d0eaf886d92fd39c1a3050b2e9c6d886e095b1fb46c8,1577976029167,1577976015
0x04c7959a647b741ccd52d0eaf886d92fd39c1a3050b2e9c6d886e095b1fb46c8,1577976029167,1577976015
0x04c7959a647b741ccd52d0eaf886d92fd39c1a3050b2e9c6d886e095b1fb46c8,1577976029167,1577976015
0x04c7959a647b741ccd52d0eaf886d92fd39c1a3050b2e9c6d886e095b1fb46c8,1577976029168,1577976015
0x04c7959a647b741ccd52d0eaf886d92fd39c1a3050b2e9c6d886e095b1fb46c8,1577976029169,1577976015
0x04c7959a647b741ccd52d0eaf886d92fd39c1a3050b2e9c6d886e095b1fb46c8,1577976029169,1577976015
0x04c7959a647b741ccd52d0eaf886d92fd39c1a3050b2e9c6d886e095b1fb46c8,1577976029169,1577976015
0x04c7959a647b741ccd52d0eaf886d92fd39c1a3050b2e9c6d886e095b1fb46c8,1577976029170,1577976015
0x04c7959a647b741ccd52d0eaf886d92fd39c1a3050b2e9c6d886e095b1fb46c8,1577976029170,1577976015
0x04c7959a647b741ccd52d0eaf886d92fd39c1a3050b2e9c6d886e095b1fb46c8,1577976029170,1577976015
0x04c7959a647b741ccd52d0eaf886d92fd39c1a3050b2e9c6d886e095b1fb46c8,1577976029171,1577976015
0x04c7959a647b741ccd52d0eaf886d92fd39c1a3050b2e9c6d886e095b1fb46c8,1577976029171,1577976015
0x04c7959a647b741ccd52d0eaf886d92fd39c1a3050b2e9c6d886e095b1fb46c8,1577976029171,1577976015
0x04c7959a647b741ccd52d0eaf886d92fd39c1a3050b2e9c6d886e095b1fb46c8,1577976029172,1577976015
0x04c7959a647b741ccd52d0eaf886d92fd39c1a3050b2e9c6d886e095b1fb46c8,1577976029172,1577976015
0x04c7959a647b741ccd52d0eaf886d92fd39c1a3050b2e9c6d886e095b1fb46c8,1577976029173,1577976015
0x04c7959a647b741ccd52d0eaf886d92fd39c1a3050b2e9c6d886e095b1fb46c8,1577976029180,1577976015
0x04c7959a647b741ccd52d0eaf886d92fd39c1a3050b2e9c6d886e095b1fb46c8,1577976029180,1577976015
0x04c7959a647b741ccd52d0eaf886d92fd39c1a3050b2e9c6d886e095b1fb46c8,1577976029182,1577976015
0x04c7959a647b741ccd52d0eaf886d92fd39c1a3050b2e9c6d886e095b1fb46c8,1577976029181,1577976015
0x04c7959a647b741ccd52d0eaf886d92fd39c1a3050b2e9c6d886e095b1fb46c8,1577976029183,1577976015
0x04c7959a647b741ccd52d0eaf886d92fd39c1a3050b2e9c6d886e095b1fb46c8,1577976029183,1577976015
0x04c7959a647b741ccd52d0eaf886d92fd39c1a3050b2e9c6d886e095b1fb46c8,1577976029184,1577976015
0x04c7959a647b741ccd52d0eaf886d92fd39c1a3050b2e9c6d886e095b1fb46c8,1577976029184,1577976015
0x04c7959a647b741ccd52d0eaf886d92fd39c1a3050b2e9c6d886e095b1fb46c8,1577976029185,1577976015
0x04c7959a647b741ccd52d0eaf886d92fd39c1a3050b2e9c6d886e095b1fb46c8,1577976029185,1577976015
0x04c7959a647b741ccd52d0eaf886d92fd39c1a3050b2e9c6d886e095b1fb46c8,1577976029186,1577976015
0x04c7959a647b741ccd52d0eaf886d92fd39c1a3050b2e9c6d886e095b1fb46c8,1577976029186,1577976015
0x04c7959a647b741ccd52d0eaf886d92fd39c1a3050b2e9c6d886e095b1fb46c8,1577976029186,1577976015
0x04c7959a647b741ccd52d0eaf886d92fd39c1a3050b2e9c6d886e095b1fb46c8,1577976029186,1577976015
0x04c7959a647b741ccd52d0eaf886d92fd39c1a3050b2e9c6d886e095b1fb46c8,1577976029187,1577976015
0x04c7959a647b741ccd52d0eaf886d92fd39c1a3050b2e9c6d886e095b1fb46c8,1577976029187,1577976015
0x04c7959a647b741ccd52d0eaf886d92fd39c1a3050b2e9c6d886e095b1fb46c8,1577976029188,1577976015
0x04c7959a647b741ccd52d0eaf886d92fd39c1a3050b2e9c6d886e095b1fb46c8,1577976029188,1577976015
0x04c7959a647b741ccd52d0eaf886d92fd39c1a3050b2e9c6d886e095b1fb46c8,1577976029189,1577976015
0x04c7959a647b741ccd52d0eaf886d92fd39c1a3050b2e9c6d886e095b1fb46c8,1577976029190,1577976015
0x04c7959a647b741ccd52d0eaf886d92fd39c1a3050b2e9c6d886e095b1fb46c8,1577976029190,1577976015
0x04c7959a647b741ccd52d0eaf886d92fd39c1a3050b2e9c6d886e095b1fb46c8,1577976029190,1577976015
0x04c7959a647b741ccd52d0eaf886d92fd39c1a3050b2e9c6d886e095b1fb46c8,1577976029191,1577976015
0x04c7959a647b741ccd52d0eaf886d92fd39c1a3050b2e9c6d886e095b1fb46c8,1577976029191,1577976015
0x04c7959a647b741ccd52d0eaf886d92fd39c1a3050b2e9c6d886e095b1fb46c8,1577976029191,1577976015
0x04c7959a647b741ccd52d0eaf886d92fd39c1a3050b2e9c6d886e095b1fb46c8,1577976029192,1577976015
0x04c7959a647b741ccd52d0eaf886d92fd39c1a3050b2e9c6d886e095b1fb46c8,1577976029192,1577976015
0x04c7959a647b741ccd52d0eaf886d92fd39c1a3050b2e9c6d886e095b1fb46c8,1577976029193,1577976015
0x04c7959a647b741ccd52d0eaf886d92fd39c1a3050b2e9c6d886e095b1fb46c8,1577976029193,1577976015
0x04c7959a647b741ccd52d0eaf886d92fd39c1a3050b2e9c6d886e095b1fb46c8,1577976029193,1577976015
0x04c7959a647b741ccd52d0eaf886d92fd39c1a3050b2e9c6d886e095b1fb46c8,1577976029194,1577976015
0x04c7959a647b741ccd52d0eaf886d92fd39c1a3050b2e9c6d886e095b1fb46c8,1577976029194,1577976015
0x04c7959a647b741ccd52d0eaf886d92fd39c1a3050b2e9c6d886e095b1fb46c8,1577976029195,1577976015
0x04c7959a647b741ccd52d0eaf886d92fd39c1a3050b2e9c6d886e095b1fb46c8,1577976029195,1577976015
0x04c7959a647b741ccd52d0eaf886d92fd39c1a3050b2e9c6d886e095b1fb46c8,1577976029196,1577976015
0x04c7959a647b741ccd52d0eaf886d92fd39c1a3050b2e9c6d886e095b1fb46c8,1577976029196,1577976015
0x04c7959a647b741ccd52d0eaf886d92fd39c1a3050b2e9c6d886e095b1fb46c8,1577976029197,1577976015
0x04c7959a647b741ccd52d0eaf886d92fd39c1a3050b2e9c6d886e095b1fb46c8,1577976029197,1577976015
0x04c7959a647b741ccd52d0eaf886d92fd39c1a3050b2e9c6d886e095b1fb46c8,1577976029197,1577976015
0x04c7959a647b741ccd52d0eaf886d92fd39c1a3050b2e9c6d886e095b1fb46c8,1577976029198,1577976015
0x04c7959a647b741ccd52d0eaf886d92fd39c1a3050b2e9c6d886e095b1fb46c8,1577976029198,1577976015
0x04c7959a647b741ccd52d0eaf886d92fd39c1a3050b2e9c6d886e095b1fb46c8,1577976029199,1577976015
0x04c7959a647b741ccd52d0eaf886d92fd39c1a3050b2e9c6d886e095b1fb46c8,1577976029199,1577976015
0x04c7959a647b741ccd52d0eaf886d92fd39c1a3050b2e9c6d886e095b1fb46c8,1577976029200,1577976015
0x04c7959a647b741ccd52d0eaf886d92fd39c1a3050b2e9c6d886e095b1fb46c8,1577976029200,1577976015
0x04c7959a647b741ccd52d0eaf886d92fd39c1a3050b2e9c6d886e095b1fb46c8,1577976029200,1577976015
0x04c7959a647b741ccd52d0eaf886d92fd39c1a3050b2e9c6d886e095b1fb46c8,1577976029201,1577976015
0x04c7959a647b741ccd52d0eaf886d92fd39c1a3050b2e9c6d886e095b1fb46c8,1577976029201,1577976015
0x04c7959a647b741ccd52d0eaf886d92fd39c1a3050b2e9c6d886e095b1fb46c8,1577976029202,1577976015
0x04c7959a647b741ccd52d0eaf886d92fd39c1a3050b2e9c6d886e095b1fb46c8,1577976029202,1577976015
0x04c7959a647b741ccd52d0eaf886d92fd39c1a3050b2e9c6d886e095b1fb46c8,1577976029203,1577976015
0x04c7959a647b741ccd52d0eaf886d92fd39c1a3050b2e9c6d886e095b1fb46c8,1577976029203,1577976015
0x04c7959a647b741ccd52d0eaf886d92fd39c1a3050b2e9c6d886e095b1fb46c8,1577976029203,1577976015
0x04c7959a647b741ccd52d0eaf886d92fd39c1a3050b2e9c6d886e095b1fb46c8,1577976029204,1577976015
0x04c7959a647b741ccd52d0eaf886d92fd39c1a3050b2e9c6d886e095b1fb46c8,1577976029204,1577976015
0x04c7959a647b741ccd52d0eaf886d92fd39c1a3050b2e9c6d886e095b1fb46c8,1577976029204,1577976015
0x04c7959a647b741ccd52d0eaf886d92fd39c1a3050b2e9c6d886e095b1fb46c8,1577976029205,1577976015
0x04c7959a647b741ccd52d0eaf886d92fd39c1a3050b2e9c6d886e095b1fb46c8,1577976029205,1577976015
0x04c7959a647b741ccd52d0eaf886d92fd39c1a3050b2e9c6d886e095b1fb46c8,1577976029205,1577976015
0x04c7959a647b741ccd52d0eaf886d92fd39c1a3050b2e9c6d886e095b1fb46c8,1577976029206,1577976015
0x04c7959a647b741ccd52d0eaf886d92fd39c1a3050b2e9c6d886e095b1fb46c8,1577976029206,1577976015
0x04c7959a647b741ccd52d0eaf886d92fd39c1a3050b2e9c6d886e095b1fb46c8,1577976029206,1577976015
0x04c7959a647b741ccd52d0eaf886d92fd39c1a3050b2e9c6d886e095b1fb46c8,1577976029207,1577976015
0x04c7959a647b741ccd52d0eaf886d92fd39c1a3050b2e9c6d886e095b1fb46c8,1577976029207,1577976015
0x04c7959a647b741ccd52d0eaf886d92fd39c1a3050b2e9c6d886e095b1fb46c8,1577976029208,1577976015
0x04c7959a647b741ccd52d0eaf886d92fd39c1a3050b2e9c6d886e095b1fb46c8,1577976029209,1577976015
0x04c7959a647b741ccd52d0eaf886d92fd39c1a3050b2e9c6d886e095b1fb46c8,1577976029209,1577976015
0x04c7959a647b741ccd52d0eaf886d92fd39c1a3050b2e9c6d886e095b1fb46c8,1577976029210,1577976015
0x04c7959a647b741ccd52d0eaf886d92fd39c1a3050b2e9c6d886e095b1fb46c8,1577976029210,1577976015
0x04c7959a647b741ccd52d0eaf886d92fd39c1a3050b2e9c6d886e095b1fb46c8,1577976029210,1577976015
0x04c7959a647b741ccd52d0eaf886d92fd39c1a3050b2e9c6d886e095b1fb46c8,1577976029211,1577976015
0x04c7959a647b741ccd52d0eaf886d92fd39c1a3050b2e9c6d886e095b1fb46c8,1577976029211,1577976015
0x04c7959a647b741ccd52d0eaf886d92fd39c1a3050b2e9c6d886e095b1fb46c8,1577976029211,1577976015
0x04c7959a647b741ccd52d0eaf886d92fd39c1a3050b2e9c6d886e095b1fb46c8,1577976029212,1577976015
0x04c7959a647b741ccd52d0eaf886d92fd39c1a3050b2e9c6d886e095b1fb46c8,1577976029212,1577976015
0x04c7959a647b741ccd52d0eaf886d92fd39c1a3050b2e9c6d886e095b1fb46c8,1577976029213,1577976015
0x04c7959a647b741ccd52d0eaf886d92fd39c1a3050b2e9c6d886e095b1fb46c8,1577976029213,1577976015
0x04c7959a647b741ccd52d0eaf886d92fd39c1a3050b2e9c6d886e095b1fb46c8,1577976029213,1577976015
0x04c7959a647b741ccd52d0eaf886d92fd39c1a3050b2e9c6d886e095b1fb46c8,1577976029214,1577976015
0x04c7959a647b741ccd52d0eaf886d92fd39c1a3050b2e9c6d886e095b1fb46c8,1577976029214,1577976015
0x04c7959a647b741ccd52d0eaf886d92fd39c1a3050b2e9c6d886e095b1fb46c8,1577976029215,1577976015
0x04c7959a647b741ccd52d0eaf886d92fd39c1a3050b2e9c6d886e095b1fb46c8,1577976029215,1577976015
0x04c7959a647b741ccd52d0eaf886d92fd39c1a3050b2e9c6d886e095b1fb46c8,1577976029215,1577976015
0x04c7959a647b741ccd52d0eaf886d92fd39c1a3050b2e9c6d886e095b1fb46c8,1577976029216,1577976015
0x04c7959a647b741ccd52d0eaf886d92fd39c1a3050b2e9c6d886e095b1fb46c8,1577976029216,1577976015
0x04c7959a647b741ccd52d0eaf886d92fd39c1a3050b2e9c6d886e095b1fb46c8,1577976029216,1577976015
0x04c7959a647b741ccd52d0eaf886d92fd39c1a3050b2e9c6d886e095b1fb46c8,1577976029217,1577976015
0x04c7959a647b741ccd52d0eaf886d92fd39c1a3050b2e9c6d886e095b1fb46c8,1577976029217,1577976015
0x04c7959a647b741ccd52d0eaf886d92fd39c1a3050b2e9c6d886e095b1fb46c8,1577976029217,1577976015
0x04c7959a647b741ccd52d0eaf886d92fd39c1a3050b2e9c6d886e095b1fb46c8,1577976029218,1577976015
0x04c7959a647b741ccd52d0eaf886d92fd39c1a3050b2e9c6d886e095b1fb46c8,1577976029218,1577976015
0x04c7959a647b741ccd52d0eaf886d92fd39c1a3050b2e9c6d886e095b1fb46c8,1577976029218,1577976015
0x04c7959a647b741ccd52d0eaf886d92fd39c1a3050b2e9c6d886e095b1fb46c8,1577976029219,1577976015
0x04c7959a647b741ccd52d0eaf886d92fd39c1a3050b2e9c6d886e095b1fb46c8,1577976029219,1577976015
0x04c7959a647b741ccd52d0eaf886d92fd39c1a3050b2e9c6d886e095b1fb46c8,1577976029220,1577976015
0x04c7959a647b741ccd52d0eaf886d92fd39c1a3050b2e9c6d886e095b1fb46c8,1577976029220,1577976015
0x04c7959a647b741ccd52d0eaf886d92fd39c1a3050b2e9c6d886e095b1fb46c8,1577976029220,1577976015
0x04c7959a647b741ccd52d0eaf886d92fd39c1a3050b2e9c6d886e095b1fb46c8,1577976029221,1577976015
0x04c7959a647b741ccd52d0eaf886d92fd39c1a3050b2e9c6d886e095b1fb46c8,1577976029223,1577976015
0x04c7959a647b741ccd52d0eaf886d92fd39c1a3050b2e9c6d886e095b1fb46c8,1577976029223,1577976015
0x04c7959a647b741ccd52d0eaf886d92fd39c1a3050b2e9c6d886e095b1fb46c8,1577976029224,1577976015
0x04c7959a647b741ccd52d0eaf886d92fd39c1a3050b2e9c6d886e095b1fb46c8,1577976029224,1577976015
0x04c7959a647b741ccd52d0eaf886d92fd39c1a3050b2e9c6d886e095b1fb46c8,1577976029226,1577976015
0x04c7959a647b741ccd52d0eaf886d92fd39c1a3050b2e9c6d886e095b1fb46c8,1577976029227,1577976015
0x04c7959a647b741ccd52d0eaf886d92fd39c1a3050b2e9c6d886e095b1fb46c8,1577976029227,1577976015
0x04c7959a647b741ccd52d0eaf886d92fd39c1a3050b2e9c6d886e095b1fb46c8,1577976029228,1577976015
0x04c7959a647b741ccd52d0eaf886d92fd39c1a3050b2e9c6d886e095b1fb46c8,1577976033481,1577976029
0x04c7959a647b741ccd52d0eaf886d92fd39c1a3050b2e9c6d886e095b1fb46c8,1577976033482,1577976029
0x04c7959a647b741ccd52d0eaf886d92fd39c1a3050b2e9c6d886e095b1fb46c8,1577976033483,1577976029
0x04c7959a647b741ccd52d0eaf886d92fd39c1a3050b2e9c6d886e095b1fb46c8,1577976033484,1577976029
0x04c7959a647b741ccd52d0eaf886d92fd39c1a3050b2e9c6d886e095b1fb46c8,1577976033484,1577976029
0x04c7959a647b741ccd52d0eaf886d92fd39c1a3050b2e9c6d886e095b1fb46c8,1577976033485,1577976029
0x04c7959a647b741ccd52d0eaf886d92fd39c1a3050b2e9c6d886e095b1fb46c8,1577976033485,1577976029
0x04c7959a647b741ccd52d0eaf886d92fd39c1a3050b2e9c6d886e095b1fb46c8,1577976033485,1577976029
0x04c7959a647b741ccd52d0eaf886d92fd39c1a3050b2e9c6d886e095b1fb46c8,1577976033486,1577976029
0x04c7959a647b741ccd52d0eaf886d92fd39c1a3050b2e9c6d886e095b1fb46c8,1577976033486,1577976029
0x04c7959a647b741ccd52d0eaf886d92fd39c1a3050b2e9c6d886e095b1fb46c8,1577976033487,1577976029
0x04c7959a647b741ccd52d0eaf886d92fd39c1a3050b2e9c6d886e095b1fb46c8,1577976033487,1577976029
0x04c7959a647b741ccd52d0eaf886d92fd39c1a3050b2e9c6d886e095b1fb46c8,1577976033487,1577976029
0x04c7959a647b741ccd52d0eaf886d92fd39c1a3050b2e9c6d886e095b1fb46c8,1577976033488,1577976029
0x04c7959a647b741ccd52d0eaf886d92fd39c1a3050b2e9c6d886e095b1fb46c8,1577976033488,1577976029
0x04c7959a647b741ccd52d0eaf886d92fd39c1a3050b2e9c6d886e095b1fb46c8,1577976033488,1577976029
0x04c7959a647b741ccd52d0eaf886d92fd39c1a3050b2e9c6d886e095b1fb46c8,1577976033489,1577976029
0x04c7959a647b741ccd52d0eaf886d92fd39c1a3050b2e9c6d886e095b1fb46c8,1577976033518,1577976033
0x04c7959a647b741ccd52d0eaf886d92fd39c1a3050b2e9c6d886e095b1fb46c8,1577976033518,1577976033
0x04c7959a647b741ccd52d0eaf886d92fd39c1a3050b2e9c6d886e095b1fb46c8,1577976033519,1577976033
0x04c7959a647b741ccd52d0eaf886d92fd39c1a3050b2e9c6d886e095b1fb46c8,1577976033519,1577976033
0x04c7959a647b741ccd52d0eaf886d92fd39c1a3050b2e9c6d886e095b1fb46c8,1577976033520,1577976033
0x04c7959a647b741ccd52d0eaf886d92fd39c1a3050b2e9c6d886e095b1fb46c8,1577976033520,1577976033
0x04c7959a647b741ccd52d0eaf886d92fd39c1a3050b2e9c6d886e095b1fb46c8,1577976033520,1577976033
0x04c7959a647b741ccd52d0eaf886d92fd39c1a3050b2e9c6d886e095b1fb46c8,1577976033520,1577976033
0x04c7959a647b741ccd52d0eaf886d92fd39c1a3050b2e9c6d886e095b1fb46c8,1577976035492,1577976035
0x04c7959a647b741ccd52d0eaf886d92fd39c1a3050b2e9c6d886e095b1fb46c8,1577976035493,1577976035
0x04c7959a647b741ccd52d0eaf886d92fd39c1a3050b2e9c6d886e095b1fb46c8,1577976035493,1577976035
0x04c7959a647b741ccd52d0eaf886d92fd39c1a3050b2e9c6d886e095b1fb46c8,1577976035493,1577976035
0x04c7959a647b741ccd52d0eaf886d92fd39c1a3050b2e9c6d886e095b1fb46c8,1577976035494,1577976035
0x04c7959a647b741ccd52d0eaf886d92fd39c1a3050b2e9c6d886e095b1fb46c8,1577976035494,1577976035
0x04c7959a647b741ccd52d0eaf886d92fd39c1a3050b2e9c6d886e095b1fb46c8,1577976035494,1577976035
0x04c7959a647b741ccd52d0eaf886d92fd39c1a3050b2e9c6d886e095b1fb46c8,1577976035495,1577976035
0x04c7959a647b741ccd52d0eaf886d92fd39c1a3050b2e9c6d886e095b1fb46c8,1577976035495,1577976035
0x04c7959a647b741ccd52d0eaf886d92fd39c1a3050b2e9c6d886e095b1fb46c8,1577976035495,1577976035
0x04c7959a647b741ccd52d0eaf886d92fd39c1a3050b2e9c6d886e095b1fb46c8,1577976035496,1577976035
0x04c7959a647b741ccd52d0eaf886d92fd39c1a3050b2e9c6d886e095b1fb46c8,1577976035496,1577976035
0x04c7959a647b741ccd52d0eaf886d92fd39c1a3050b2e9c6d886e095b1fb46c8,1577976035496,1577976035
0x04c7959a647b741ccd52d0eaf886d92fd39c1a3050b2e9c6d886e095b1fb46c8,1577976035496,1577976035
0x04c7959a647b741ccd52d0eaf886d92fd39c1a3050b2e9c6d886e095b1fb46c8,1577976035497,1577976035
0x04c7959a647b741ccd52d0eaf886d92fd39c1a3050b2e9c6d886e095b1fb46c8,1577976035497,1577976035
0x04c7959a647b741ccd52d0eaf886d92fd39c1a3050b2e9c6d886e095b1fb46c8,1577976035497,1577976035
0x04c7959a647b741ccd52d0eaf886d92fd39c1a3050b2e9c6d886e095b1fb46c8,1577976035498,1577976035
0x04c7959a647b741ccd52d0eaf886d92fd39c1a3050b2e9c6d886e095b1fb46c8,1577976035498,1577976035
0x04c7959a647b741ccd52d0eaf886d92fd39c1a3050b2e9c6d886e095b1fb46c8,1577976035498,1577976035
0x04c7959a647b741ccd52d0eaf886d92fd39c1a3050b2e9c6d886e095b1fb46c8,1577976035498,1577976035
0x04c7959a647b741ccd52d0eaf886d92fd39c1a3050b2e9c6d886e095b1fb46c8,1577976035499,1577976035
0x04c7959a647b741ccd52d0eaf886d92fd39c1a3050b2e9c6d886e095b1fb46c8,1577976035499,1577976035
0x04c7959a647b741ccd52d0eaf886d92fd39c1a3050b2e9c6d886e095b1fb46c8,1577976035499,1577976035
0x04c7959a647b741ccd52d0eaf886d92fd39c1a3050b2e9c6d886e095b1fb46c8,1577976035500,1577976035
0x04c7959a647b741ccd52d0eaf886d92fd39c1a3050b2e9c6d886e095b1fb46c8,1577976035500,1577976035
0x04c7959a647b741ccd52d0eaf886d92fd39c1a3050b2e9c6d886e095b1fb46c8,1577976035500,1577976035
0x04c7959a647b741ccd52d0eaf886d92fd39c1a3050b2e9c6d886e095b1fb46c8,1577976035500,1577976035
0x04c7959a647b741ccd52d0eaf886d92fd39c1a3050b2e9c6d886e095b1fb46c8,1577976035501,1577976035
0x04c7959a647b741ccd52d0eaf886d92fd39c1a3050b2e9c6d886e095b1fb46c8,1577976035501,1577976035
0x04c7959a647b741ccd52d0eaf886d92fd39c1a3050b2e9c6d886e095b1fb46c8,1577976035501,1577976035
0x04c7959a647b741ccd52d0eaf886d92fd39c1a3050b2e9c6d886e095b1fb46c8,1577976035501,1577976035
0x04c7959a647b741ccd52d0eaf886d92fd39c1a3050b2e9c6d886e095b1fb46c8,1577976035502,1577976035
0x04c7959a647b741ccd52d0eaf886d92fd39c1a3050b2e9c6d886e095b1fb46c8,1577976035502,1577976035
0x04c7959a647b741ccd52d0eaf886d92fd39c1a3050b2e9c6d886e095b1fb46c8,1577976035502,1577976035
0x04c7959a647b741ccd52d0eaf886d92fd39c1a3050b2e9c6d886e095b1fb46c8,1577976035502,1577976035
0x04c7959a647b741ccd52d0eaf886d92fd39c1a3050b2e9c6d886e095b1fb46c8,1577976035503,1577976035
0x04c7959a647b741ccd52d0eaf886d92fd39c1a3050b2e9c6d886e095b1fb46c8,1577976035503,1577976035
0x04c7959a647b741ccd52d0eaf886d92fd39c1a3050b2e9c6d886e095b1fb46c8,1577976035503,1577976035
0x04c7959a647b741ccd52d0eaf886d92fd39c1a3050b2e9c6d886e095b1fb46c8,1577976035504,1577976035
0x04c7959a647b741ccd52d0eaf886d92fd39c1a3050b2e9c6d886e095b1fb46c8,1577976035504,1577976035
0x04c7959a647b741ccd52d0eaf886d92fd39c1a3050b2e9c6d886e095b1fb46c8,1577976035505,1577976035
0x04c7959a647b741ccd52d0eaf886d92fd39c1a3050b2e9c6d886e095b1fb46c8,1577976035505,1577976035
0x04c7959a647b741ccd52d0eaf886d92fd39c1a3050b2e9c6d886e095b1fb46c8,1577976035505,1577976035
0x04c7959a647b741ccd52d0eaf886d92fd39c1a3050b2e9c6d886e095b1fb46c8,1577976035505,1577976035
0x04c7959a647b741ccd52d0eaf886d92fd39c1a3050b2e9c6d886e095b1fb46c8,1577976035506,1577976035
0x04c7959a647b741ccd52d0eaf886d92fd39c1a3050b2e9c6d886e095b1fb46c8,1577976035506,1577976035
0x04c7959a647b741ccd52d0eaf886d92fd39c1a3050b2e9c6d886e095b1fb46c8,1577976035506,1577976035
0x04c7959a647b741ccd52d0eaf886d92fd39c1a3050b2e9c6d886e095b1fb46c8,1577976035506,1577976035
0x04c7959a647b741ccd52d0eaf886d92fd39c1a3050b2e9c6d886e095b1fb46c8,1577976035506,1577976035
0x04c7959a647b741ccd52d0eaf886d92fd39c1a3050b2e9c6d886e095b1fb46c8,1577976035507,1577976035
0x04c7959a647b741ccd52d0eaf886d92fd39c1a3050b2e9c6d886e095b1fb46c8,1577976035507,1577976035
0x04c7959a647b741ccd52d0eaf886d92fd39c1a3050b2e9c6d886e095b1fb46c8,1577976035507,1577976035
0x04c7959a647b741ccd52d0eaf886d92fd39c1a3050b2e9c6d886e095b1fb46c8,1577976035507,1577976035
0x04c7959a647b741ccd52d0eaf886d92fd39c1a3050b2e9c6d886e095b1fb46c8,1577976035508,1577976035
0x04c7959a647b741ccd52d0eaf886d92fd39c1a3050b2e9c6d886e095b1fb46c8,1577976035508,1577976035
0x04c7959a647b741ccd52d0eaf886d92fd39c1a3050b2e9c6d886e095b1fb46c8,1577976035509,1577976035
0x04c7959a647b741ccd52d0eaf886d92fd39c1a3050b2e9c6d886e095b1fb46c8,1577976035509,1577976035
0x04c7959a647b741ccd52d0eaf886d92fd39c1a3050b2e9c6d886e095b1fb46c8,1577976035509,1577976035
0x04c7959a647b741ccd52d0eaf886d92fd39c1a3050b2e9c6d886e095b1fb46c8,1577976035510,1577976035
0x04c7959a647b741ccd52d0eaf886d92fd39c1a3050b2e9c6d886e095b1fb46c8,1577976035510,1577976035
0x04c7959a647b741ccd52d0eaf886d92fd39c1a3050b2e9c6d886e095b1fb46c8,1577976035517,1577976035
0x04c7959a647b741ccd52d0eaf886d92fd39c1a3050b2e9c6d886e095b1fb46c8,1577976035517,1577976035
0x04c7959a647b741ccd52d0eaf886d92fd39c1a3050b2e9c6d886e095b1fb46c8,1577976035518,1577976035
0x04c7959a647b741ccd52d0eaf886d92fd39c1a3050b2e9c6d886e095b1fb46c8,1577976035518,1577976035
0x04c7959a647b741ccd52d0eaf886d92fd39c1a3050b2e9c6d886e095b1fb46c8,1577976035519,1577976035
0x04c7959a647b741ccd52d0eaf886d92fd39c1a3050b2e9c6d886e095b1fb46c8,1577976035519,1577976035
0x04c7959a647b741ccd52d0eaf886d92fd39c1a3050b2e9c6d886e095b1fb46c8,1577976035519,1577976035
0x04c7959a647b741ccd52d0eaf886d92fd39c1a3050b2e9c6d886e095b1fb46c8,1577976035520,1577976035
0x04c7959a647b741ccd52d0eaf886d92fd39c1a3050b2e9c6d886e095b1fb46c8,1577976035520,1577976035
0x04c7959a647b741ccd52d0eaf886d92fd39c1a3050b2e9c6d886e095b1fb46c8,1577976035521,1577976035
0x04c7959a647b741ccd52d0eaf886d92fd39c1a3050b2e9c6d886e095b1fb46c8,1577976035521,1577976035
0x04c7959a647b741ccd52d0eaf886d92fd39c1a3050b2e9c6d886e095b1fb46c8,1577976035522,1577976035
0x04c7959a647b741ccd52d0eaf886d92fd39c1a3050b2e9c6d886e095b1fb46c8,1577976035522,1577976035
0x04c7959a647b741ccd52d0eaf886d92fd39c1a3050b2e9c6d886e095b1fb46c8,1577976035522,1577976035
0x04c7959a647b741ccd52d0eaf886d92fd39c1a3050b2e9c6d886e095b1fb46c8,1577976035523,1577976035
0x04c7959a647b741ccd52d0eaf886d92fd39c1a3050b2e9c6d886e095b1fb46c8,1577976035523,1577976035
0x04c7959a647b741ccd52d0eaf886d92fd39c1a3050b2e9c6d886e095b1fb46c8,1577976035524,1577976035
0x04c7959a647b741ccd52d0eaf886d92fd39c1a3050b2e9c6d886e095b1fb46c8,1577976035524,1577976035
0x04c7959a647b741ccd52d0eaf886d92fd39c1a3050b2e9c6d886e095b1fb46c8,1577976035524,1577976035
0x04c7959a647b741ccd52d0eaf886d92fd39c1a3050b2e9c6d886e095b1fb46c8,1577976035525,1577976035
0x04c7959a647b741ccd52d0eaf886d92fd39c1a3050b2e9c6d886e095b1fb46c8,1577976035525,1577976035
0x04c7959a647b741ccd52d0eaf886d92fd39c1a3050b2e9c6d886e095b1fb46c8,1577976035526,1577976035
0x04c7959a647b741ccd52d0eaf886d92fd39c1a3050b2e9c6d886e095b1fb46c8,1577976035526,1577976035
0x04c7959a647b741ccd52d0eaf886d92fd39c1a3050b2e9c6d886e095b1fb46c8,1577976035526,1577976035
0x04c7959a647b741ccd52d0eaf886d92fd39c1a3050b2e9c6d886e095b1fb46c8,1577976035527,1577976035
0x04c7959a647b741ccd52d0eaf886d92fd39c1a3050b2e9c6d886e095b1fb46c8,1577976035527,1577976035
0x04c7959a647b741ccd52d0eaf886d92fd39c1a3050b2e9c6d886e095b1fb46c8,1577976035528,1577976035
0x04c7959a647b741ccd52d0eaf886d92fd39c1a3050b2e9c6d886e095b1fb46c8,1577976035529,1577976035
0x04c7959a647b741ccd52d0eaf886d92fd39c1a3050b2e9c6d886e095b1fb46c8,1577976035529,1577976035
0x04c7959a647b741ccd52d0eaf886d92fd39c1a3050b2e9c6d886e095b1fb46c8,1577976035529,1577976035
0x04c7959a647b741ccd52d0eaf886d92fd39c1a3050b2e9c6d886e095b1fb46c8,1577976035530,1577976035
0x04c7959a647b741ccd52d0eaf886d92fd39c1a3050b2e9c6d886e095b1fb46c8,1577976035530,1577976035
