0xe8b9d866bfe054ef893636542e6f51f95556f360ea7d779c9920a911582cf952,1575961170511,1575961163
0xe8b9d866bfe054ef893636542e6f51f95556f360ea7d779c9920a911582cf952,1575961170512,1575961163
0xe8b9d866bfe054ef893636542e6f51f95556f360ea7d779c9920a911582cf952,1575961170512,1575961163
0xe8b9d866bfe054ef893636542e6f51f95556f360ea7d779c9920a911582cf952,1575961170513,1575961163
0xe8b9d866bfe054ef893636542e6f51f95556f360ea7d779c9920a911582cf952,1575961170514,1575961163
0xe8b9d866bfe054ef893636542e6f51f95556f360ea7d779c9920a911582cf952,1575961170514,1575961163
0xe8b9d866bfe054ef893636542e6f51f95556f360ea7d779c9920a911582cf952,1575961170514,1575961163
0xe8b9d866bfe054ef893636542e6f51f95556f360ea7d779c9920a911582cf952,1575961170515,1575961163
0xe8b9d866bfe054ef893636542e6f51f95556f360ea7d779c9920a911582cf952,1575961170515,1575961163
0xe8b9d866bfe054ef893636542e6f51f95556f360ea7d779c9920a911582cf952,1575961170516,1575961163
0xe8b9d866bfe054ef893636542e6f51f95556f360ea7d779c9920a911582cf952,1575961170516,1575961163
0xe8b9d866bfe054ef893636542e6f51f95556f360ea7d779c9920a911582cf952,1575961170516,1575961163
0xe8b9d866bfe054ef893636542e6f51f95556f360ea7d779c9920a911582cf952,1575961170517,1575961163
0xe8b9d866bfe054ef893636542e6f51f95556f360ea7d779c9920a911582cf952,1575961170518,1575961163
0xe8b9d866bfe054ef893636542e6f51f95556f360ea7d779c9920a911582cf952,1575961170518,1575961163
0xe8b9d866bfe054ef893636542e6f51f95556f360ea7d779c9920a911582cf952,1575961170518,1575961163
0xe8b9d866bfe054ef893636542e6f51f95556f360ea7d779c9920a911582cf952,1575961170519,1575961163
0xe8b9d866bfe054ef893636542e6f51f95556f360ea7d779c9920a911582cf952,1575961170519,1575961163
0xe8b9d866bfe054ef893636542e6f51f95556f360ea7d779c9920a911582cf952,1575961170520,1575961163
0xe8b9d866bfe054ef893636542e6f51f95556f360ea7d779c9920a911582cf952,1575961170520,1575961163
0xe8b9d866bfe054ef893636542e6f51f95556f360ea7d779c9920a911582cf952,1575961170521,1575961163
0xe8b9d866bfe054ef893636542e6f51f95556f360ea7d779c9920a911582cf952,1575961170521,1575961163
0xe8b9d866bfe054ef893636542e6f51f95556f360ea7d779c9920a911582cf952,1575961170522,1575961163
0xe8b9d866bfe054ef893636542e6f51f95556f360ea7d779c9920a911582cf952,1575961170522,1575961163
0xe8b9d866bfe054ef893636542e6f51f95556f360ea7d779c9920a911582cf952,1575961170522,1575961163
0xe8b9d866bfe054ef893636542e6f51f95556f360ea7d779c9920a911582cf952,1575961170523,1575961163
0xe8b9d866bfe054ef893636542e6f51f95556f360ea7d779c9920a911582cf952,1575961170523,1575961163
0xe8b9d866bfe054ef893636542e6f51f95556f360ea7d779c9920a911582cf952,1575961170524,1575961163
0xe8b9d866bfe054ef893636542e6f51f95556f360ea7d779c9920a911582cf952,1575961170524,1575961163
0xe8b9d866bfe054ef893636542e6f51f95556f360ea7d779c9920a911582cf952,1575961170524,1575961163
0xe8b9d866bfe054ef893636542e6f51f95556f360ea7d779c9920a911582cf952,1575961170525,1575961163
0xe8b9d866bfe054ef893636542e6f51f95556f360ea7d779c9920a911582cf952,1575961170525,1575961163
0xe8b9d866bfe054ef893636542e6f51f95556f360ea7d779c9920a911582cf952,1575961170526,1575961163
0xe8b9d866bfe054ef893636542e6f51f95556f360ea7d779c9920a911582cf952,1575961170526,1575961163
0xe8b9d866bfe054ef893636542e6f51f95556f360ea7d779c9920a911582cf952,1575961170527,1575961163
0xe8b9d866bfe054ef893636542e6f51f95556f360ea7d779c9920a911582cf952,1575961170527,1575961163
0xe8b9d866bfe054ef893636542e6f51f95556f360ea7d779c9920a911582cf952,1575961170528,1575961163
0xe8b9d866bfe054ef893636542e6f51f95556f360ea7d779c9920a911582cf952,1575961170528,1575961163
0xe8b9d866bfe054ef893636542e6f51f95556f360ea7d779c9920a911582cf952,1575961170529,1575961163
0xe8b9d866bfe054ef893636542e6f51f95556f360ea7d779c9920a911582cf952,1575961170529,1575961163
0xe8b9d866bfe054ef893636542e6f51f95556f360ea7d779c9920a911582cf952,1575961170530,1575961163
0xe8b9d866bfe054ef893636542e6f51f95556f360ea7d779c9920a911582cf952,1575961170530,1575961163
0xe8b9d866bfe054ef893636542e6f51f95556f360ea7d779c9920a911582cf952,1575961170531,1575961163
0xe8b9d866bfe054ef893636542e6f51f95556f360ea7d779c9920a911582cf952,1575961170531,1575961163
0xe8b9d866bfe054ef893636542e6f51f95556f360ea7d779c9920a911582cf952,1575961170531,1575961163
0xe8b9d866bfe054ef893636542e6f51f95556f360ea7d779c9920a911582cf952,1575961170532,1575961163
0xe8b9d866bfe054ef893636542e6f51f95556f360ea7d779c9920a911582cf952,1575961170533,1575961163
0xe8b9d866bfe054ef893636542e6f51f95556f360ea7d779c9920a911582cf952,1575961170533,1575961163
0xe8b9d866bfe054ef893636542e6f51f95556f360ea7d779c9920a911582cf952,1575961170534,1575961163
0xe8b9d866bfe054ef893636542e6f51f95556f360ea7d779c9920a911582cf952,1575961170535,1575961163
0xe8b9d866bfe054ef893636542e6f51f95556f360ea7d779c9920a911582cf952,1575961170535,1575961163
0xe8b9d866bfe054ef893636542e6f51f95556f360ea7d779c9920a911582cf952,1575961170536,1575961163
0xe8b9d866bfe054ef893636542e6f51f95556f360ea7d779c9920a911582cf952,1575961170536,1575961163
0xe8b9d866bfe054ef893636542e6f51f95556f360ea7d779c9920a911582cf952,1575961170537,1575961163
0xe8b9d866bfe054ef893636542e6f51f95556f360ea7d779c9920a911582cf952,1575961170537,1575961163
0xe8b9d866bfe054ef893636542e6f51f95556f360ea7d779c9920a911582cf952,1575961170538,1575961163
0xe8b9d866bfe054ef893636542e6f51f95556f360ea7d779c9920a911582cf952,1575961170538,1575961163
0xe8b9d866bfe054ef893636542e6f51f95556f360ea7d779c9920a911582cf952,1575961170540,1575961163
0xe8b9d866bfe054ef893636542e6f51f95556f360ea7d779c9920a911582cf952,1575961170540,1575961163
0xe8b9d866bfe054ef893636542e6f51f95556f360ea7d779c9920a911582cf952,1575961170541,1575961163
0xe8b9d866bfe054ef893636542e6f51f95556f360ea7d779c9920a911582cf952,1575961170541,1575961163
0xe8b9d866bfe054ef893636542e6f51f95556f360ea7d779c9920a911582cf952,1575961170542,1575961163
0xe8b9d866bfe054ef893636542e6f51f95556f360ea7d779c9920a911582cf952,1575961170542,1575961163
0xe8b9d866bfe054ef893636542e6f51f95556f360ea7d779c9920a911582cf952,1575961170543,1575961163
0xe8b9d866bfe054ef893636542e6f51f95556f360ea7d779c9920a911582cf952,1575961170543,1575961163
0xe8b9d866bfe054ef893636542e6f51f95556f360ea7d779c9920a911582cf952,1575961170543,1575961163
0xe8b9d866bfe054ef893636542e6f51f95556f360ea7d779c9920a911582cf952,1575961170544,1575961163
0xe8b9d866bfe054ef893636542e6f51f95556f360ea7d779c9920a911582cf952,1575961170544,1575961163
0xe8b9d866bfe054ef893636542e6f51f95556f360ea7d779c9920a911582cf952,1575961170544,1575961163
0xe8b9d866bfe054ef893636542e6f51f95556f360ea7d779c9920a911582cf952,1575961170545,1575961163
0xe8b9d866bfe054ef893636542e6f51f95556f360ea7d779c9920a911582cf952,1575961170545,1575961163
0xe8b9d866bfe054ef893636542e6f51f95556f360ea7d779c9920a911582cf952,1575961170546,1575961163
0xe8b9d866bfe054ef893636542e6f51f95556f360ea7d779c9920a911582cf952,1575961170546,1575961163
0xe8b9d866bfe054ef893636542e6f51f95556f360ea7d779c9920a911582cf952,1575961170546,1575961163
0xe8b9d866bfe054ef893636542e6f51f95556f360ea7d779c9920a911582cf952,1575961170547,1575961163
0xe8b9d866bfe054ef893636542e6f51f95556f360ea7d779c9920a911582cf952,1575961170547,1575961163
0xe8b9d866bfe054ef893636542e6f51f95556f360ea7d779c9920a911582cf952,1575961170547,1575961163
0xe8b9d866bfe054ef893636542e6f51f95556f360ea7d779c9920a911582cf952,1575961170548,1575961163
0xe8b9d866bfe054ef893636542e6f51f95556f360ea7d779c9920a911582cf952,1575961170548,1575961163
0xe8b9d866bfe054ef893636542e6f51f95556f360ea7d779c9920a911582cf952,1575961170549,1575961163
0xe8b9d866bfe054ef893636542e6f51f95556f360ea7d779c9920a911582cf952,1575961170549,1575961163
0xe8b9d866bfe054ef893636542e6f51f95556f360ea7d779c9920a911582cf952,1575961170549,1575961163
0xe8b9d866bfe054ef893636542e6f51f95556f360ea7d779c9920a911582cf952,1575961170550,1575961163
0xe8b9d866bfe054ef893636542e6f51f95556f360ea7d779c9920a911582cf952,1575961170550,1575961163
0xe8b9d866bfe054ef893636542e6f51f95556f360ea7d779c9920a911582cf952,1575961170550,1575961163
0xe8b9d866bfe054ef893636542e6f51f95556f360ea7d779c9920a911582cf952,1575961170551,1575961163
0xe8b9d866bfe054ef893636542e6f51f95556f360ea7d779c9920a911582cf952,1575961170551,1575961163
0xe8b9d866bfe054ef893636542e6f51f95556f360ea7d779c9920a911582cf952,1575961170551,1575961163
0xe8b9d866bfe054ef893636542e6f51f95556f360ea7d779c9920a911582cf952,1575961170552,1575961163
0xe8b9d866bfe054ef893636542e6f51f95556f360ea7d779c9920a911582cf952,1575961170552,1575961163
0xe8b9d866bfe054ef893636542e6f51f95556f360ea7d779c9920a911582cf952,1575961170553,1575961163
0xe8b9d866bfe054ef893636542e6f51f95556f360ea7d779c9920a911582cf952,1575961170553,1575961163
0xe8b9d866bfe054ef893636542e6f51f95556f360ea7d779c9920a911582cf952,1575961170554,1575961163
0xe8b9d866bfe054ef893636542e6f51f95556f360ea7d779c9920a911582cf952,1575961170554,1575961163
0xe8b9d866bfe054ef893636542e6f51f95556f360ea7d779c9920a911582cf952,1575961170555,1575961163
0xe8b9d866bfe054ef893636542e6f51f95556f360ea7d779c9920a911582cf952,1575961170556,1575961163
0xe8b9d866bfe054ef893636542e6f51f95556f360ea7d779c9920a911582cf952,1575961170556,1575961163
0xe8b9d866bfe054ef893636542e6f51f95556f360ea7d779c9920a911582cf952,1575961170557,1575961163
0xe8b9d866bfe054ef893636542e6f51f95556f360ea7d779c9920a911582cf952,1575961170557,1575961163
0xe8b9d866bfe054ef893636542e6f51f95556f360ea7d779c9920a911582cf952,1575961170558,1575961163
