0xe9f93626883b1f4c0116bd8b8243f6cf507f80dc2958226eec862b80e4045252,1577977338702,1577977334
0xe9f93626883b1f4c0116bd8b8243f6cf507f80dc2958226eec862b80e4045252,1577977338703,1577977334
0xe9f93626883b1f4c0116bd8b8243f6cf507f80dc2958226eec862b80e4045252,1577977338704,1577977334
0xe9f93626883b1f4c0116bd8b8243f6cf507f80dc2958226eec862b80e4045252,1577977338705,1577977334
0xe9f93626883b1f4c0116bd8b8243f6cf507f80dc2958226eec862b80e4045252,1577977338706,1577977334
0xe9f93626883b1f4c0116bd8b8243f6cf507f80dc2958226eec862b80e4045252,1577977338707,1577977334
0xe9f93626883b1f4c0116bd8b8243f6cf507f80dc2958226eec862b80e4045252,1577977338707,1577977334
0xe9f93626883b1f4c0116bd8b8243f6cf507f80dc2958226eec862b80e4045252,1577977338708,1577977334
0xe9f93626883b1f4c0116bd8b8243f6cf507f80dc2958226eec862b80e4045252,1577977338710,1577977334
0xe9f93626883b1f4c0116bd8b8243f6cf507f80dc2958226eec862b80e4045252,1577977338711,1577977334
