0x3f23329e1da3c5e744373ad3be7efd0397c9a3ea1c4df197499ac5fc72193190,1575961197848,1575961194
0x3f23329e1da3c5e744373ad3be7efd0397c9a3ea1c4df197499ac5fc72193190,1575961197849,1575961194
0x3f23329e1da3c5e744373ad3be7efd0397c9a3ea1c4df197499ac5fc72193190,1575961197849,1575961194
0x3f23329e1da3c5e744373ad3be7efd0397c9a3ea1c4df197499ac5fc72193190,1575961197850,1575961194
0x3f23329e1da3c5e744373ad3be7efd0397c9a3ea1c4df197499ac5fc72193190,1575961197851,1575961194
0x3f23329e1da3c5e744373ad3be7efd0397c9a3ea1c4df197499ac5fc72193190,1575961197851,1575961194
0x3f23329e1da3c5e744373ad3be7efd0397c9a3ea1c4df197499ac5fc72193190,1575961197852,1575961194
0x3f23329e1da3c5e744373ad3be7efd0397c9a3ea1c4df197499ac5fc72193190,1575961197852,1575961194
0x3f23329e1da3c5e744373ad3be7efd0397c9a3ea1c4df197499ac5fc72193190,1575961197852,1575961194
0x3f23329e1da3c5e744373ad3be7efd0397c9a3ea1c4df197499ac5fc72193190,1575961197853,1575961194
