0xcc9594456a26c8ba2131e515c5fcfc5d14bf6e34944c38d3aae8a55c151e4195,1576056224220,1576056216
0xcc9594456a26c8ba2131e515c5fcfc5d14bf6e34944c38d3aae8a55c151e4195,1576056224220,1576056216
0xcc9594456a26c8ba2131e515c5fcfc5d14bf6e34944c38d3aae8a55c151e4195,1576056224221,1576056216
0xcc9594456a26c8ba2131e515c5fcfc5d14bf6e34944c38d3aae8a55c151e4195,1576056224221,1576056216
0xcc9594456a26c8ba2131e515c5fcfc5d14bf6e34944c38d3aae8a55c151e4195,1576056224222,1576056216
0xcc9594456a26c8ba2131e515c5fcfc5d14bf6e34944c38d3aae8a55c151e4195,1576056224223,1576056216
0xcc9594456a26c8ba2131e515c5fcfc5d14bf6e34944c38d3aae8a55c151e4195,1576056224223,1576056216
0xcc9594456a26c8ba2131e515c5fcfc5d14bf6e34944c38d3aae8a55c151e4195,1576056224224,1576056216
0xcc9594456a26c8ba2131e515c5fcfc5d14bf6e34944c38d3aae8a55c151e4195,1576056224224,1576056216
0xcc9594456a26c8ba2131e515c5fcfc5d14bf6e34944c38d3aae8a55c151e4195,1576056224225,1576056216
