0x4b5a3e1cbeee50a37c7aa74526019d6641ae7477fd1b4eaae52102f93f5979a0,1575896753346,1575896748
0x4b5a3e1cbeee50a37c7aa74526019d6641ae7477fd1b4eaae52102f93f5979a0,1575896753347,1575896748
0x4b5a3e1cbeee50a37c7aa74526019d6641ae7477fd1b4eaae52102f93f5979a0,1575896753348,1575896748
0x4b5a3e1cbeee50a37c7aa74526019d6641ae7477fd1b4eaae52102f93f5979a0,1575896753348,1575896748
0x4b5a3e1cbeee50a37c7aa74526019d6641ae7477fd1b4eaae52102f93f5979a0,1575896753349,1575896748
0x4b5a3e1cbeee50a37c7aa74526019d6641ae7477fd1b4eaae52102f93f5979a0,1575896753350,1575896748
0x4b5a3e1cbeee50a37c7aa74526019d6641ae7477fd1b4eaae52102f93f5979a0,1575896753351,1575896748
0x4b5a3e1cbeee50a37c7aa74526019d6641ae7477fd1b4eaae52102f93f5979a0,1575896753352,1575896748
0x4b5a3e1cbeee50a37c7aa74526019d6641ae7477fd1b4eaae52102f93f5979a0,1575896753352,1575896748
0x4b5a3e1cbeee50a37c7aa74526019d6641ae7477fd1b4eaae52102f93f5979a0,1575896753353,1575896748
