0x2857b686e0be8754347ba91bc93175a7f475b3074ae23f4a0e5ba372d69af6d7,1575893272099,1575893268
0x2857b686e0be8754347ba91bc93175a7f475b3074ae23f4a0e5ba372d69af6d7,1575893272101,1575893268
0x2857b686e0be8754347ba91bc93175a7f475b3074ae23f4a0e5ba372d69af6d7,1575893272102,1575893268
0x2857b686e0be8754347ba91bc93175a7f475b3074ae23f4a0e5ba372d69af6d7,1575893272102,1575893268
0x2857b686e0be8754347ba91bc93175a7f475b3074ae23f4a0e5ba372d69af6d7,1575893272103,1575893268
0x2857b686e0be8754347ba91bc93175a7f475b3074ae23f4a0e5ba372d69af6d7,1575893272104,1575893268
0x2857b686e0be8754347ba91bc93175a7f475b3074ae23f4a0e5ba372d69af6d7,1575893272104,1575893268
0x2857b686e0be8754347ba91bc93175a7f475b3074ae23f4a0e5ba372d69af6d7,1575893272105,1575893268
0x2857b686e0be8754347ba91bc93175a7f475b3074ae23f4a0e5ba372d69af6d7,1575893272106,1575893268
0x2857b686e0be8754347ba91bc93175a7f475b3074ae23f4a0e5ba372d69af6d7,1575893272106,1575893268
0x2857b686e0be8754347ba91bc93175a7f475b3074ae23f4a0e5ba372d69af6d7,1575893272107,1575893268
0x2857b686e0be8754347ba91bc93175a7f475b3074ae23f4a0e5ba372d69af6d7,1575893272107,1575893268
0x2857b686e0be8754347ba91bc93175a7f475b3074ae23f4a0e5ba372d69af6d7,1575893272108,1575893268
0x2857b686e0be8754347ba91bc93175a7f475b3074ae23f4a0e5ba372d69af6d7,1575893272108,1575893268
0x2857b686e0be8754347ba91bc93175a7f475b3074ae23f4a0e5ba372d69af6d7,1575893272109,1575893268
0x2857b686e0be8754347ba91bc93175a7f475b3074ae23f4a0e5ba372d69af6d7,1575893272109,1575893268
0x2857b686e0be8754347ba91bc93175a7f475b3074ae23f4a0e5ba372d69af6d7,1575893272110,1575893268
0x2857b686e0be8754347ba91bc93175a7f475b3074ae23f4a0e5ba372d69af6d7,1575893272111,1575893268
0x2857b686e0be8754347ba91bc93175a7f475b3074ae23f4a0e5ba372d69af6d7,1575893272111,1575893268
0x2857b686e0be8754347ba91bc93175a7f475b3074ae23f4a0e5ba372d69af6d7,1575893272112,1575893268
0x2857b686e0be8754347ba91bc93175a7f475b3074ae23f4a0e5ba372d69af6d7,1575893272113,1575893268
0x2857b686e0be8754347ba91bc93175a7f475b3074ae23f4a0e5ba372d69af6d7,1575893272113,1575893268
0x2857b686e0be8754347ba91bc93175a7f475b3074ae23f4a0e5ba372d69af6d7,1575893272114,1575893268
0x2857b686e0be8754347ba91bc93175a7f475b3074ae23f4a0e5ba372d69af6d7,1575893272114,1575893268
0x2857b686e0be8754347ba91bc93175a7f475b3074ae23f4a0e5ba372d69af6d7,1575893272115,1575893268
0x2857b686e0be8754347ba91bc93175a7f475b3074ae23f4a0e5ba372d69af6d7,1575893272115,1575893268
0x2857b686e0be8754347ba91bc93175a7f475b3074ae23f4a0e5ba372d69af6d7,1575893272116,1575893268
0x2857b686e0be8754347ba91bc93175a7f475b3074ae23f4a0e5ba372d69af6d7,1575893272116,1575893268
0x2857b686e0be8754347ba91bc93175a7f475b3074ae23f4a0e5ba372d69af6d7,1575893272117,1575893268
0x2857b686e0be8754347ba91bc93175a7f475b3074ae23f4a0e5ba372d69af6d7,1575893272118,1575893268
0x2857b686e0be8754347ba91bc93175a7f475b3074ae23f4a0e5ba372d69af6d7,1575893272118,1575893268
0x2857b686e0be8754347ba91bc93175a7f475b3074ae23f4a0e5ba372d69af6d7,1575893272119,1575893268
0x2857b686e0be8754347ba91bc93175a7f475b3074ae23f4a0e5ba372d69af6d7,1575893272119,1575893268
0x2857b686e0be8754347ba91bc93175a7f475b3074ae23f4a0e5ba372d69af6d7,1575893272120,1575893268
0x2857b686e0be8754347ba91bc93175a7f475b3074ae23f4a0e5ba372d69af6d7,1575893272120,1575893268
0x2857b686e0be8754347ba91bc93175a7f475b3074ae23f4a0e5ba372d69af6d7,1575893272121,1575893268
0x2857b686e0be8754347ba91bc93175a7f475b3074ae23f4a0e5ba372d69af6d7,1575893272122,1575893268
0x2857b686e0be8754347ba91bc93175a7f475b3074ae23f4a0e5ba372d69af6d7,1575893272122,1575893268
0x2857b686e0be8754347ba91bc93175a7f475b3074ae23f4a0e5ba372d69af6d7,1575893272123,1575893268
0x2857b686e0be8754347ba91bc93175a7f475b3074ae23f4a0e5ba372d69af6d7,1575893272123,1575893268
0x2857b686e0be8754347ba91bc93175a7f475b3074ae23f4a0e5ba372d69af6d7,1575893272124,1575893268
0x2857b686e0be8754347ba91bc93175a7f475b3074ae23f4a0e5ba372d69af6d7,1575893272125,1575893268
0x2857b686e0be8754347ba91bc93175a7f475b3074ae23f4a0e5ba372d69af6d7,1575893272125,1575893268
0x2857b686e0be8754347ba91bc93175a7f475b3074ae23f4a0e5ba372d69af6d7,1575893272126,1575893268
0x2857b686e0be8754347ba91bc93175a7f475b3074ae23f4a0e5ba372d69af6d7,1575893272126,1575893268
0x2857b686e0be8754347ba91bc93175a7f475b3074ae23f4a0e5ba372d69af6d7,1575893272127,1575893268
0x2857b686e0be8754347ba91bc93175a7f475b3074ae23f4a0e5ba372d69af6d7,1575893272128,1575893268
0x2857b686e0be8754347ba91bc93175a7f475b3074ae23f4a0e5ba372d69af6d7,1575893272129,1575893268
0x2857b686e0be8754347ba91bc93175a7f475b3074ae23f4a0e5ba372d69af6d7,1575893272130,1575893268
0x2857b686e0be8754347ba91bc93175a7f475b3074ae23f4a0e5ba372d69af6d7,1575893272130,1575893268
0x2857b686e0be8754347ba91bc93175a7f475b3074ae23f4a0e5ba372d69af6d7,1575893272131,1575893268
0x2857b686e0be8754347ba91bc93175a7f475b3074ae23f4a0e5ba372d69af6d7,1575893272131,1575893268
0x2857b686e0be8754347ba91bc93175a7f475b3074ae23f4a0e5ba372d69af6d7,1575893272132,1575893268
0x2857b686e0be8754347ba91bc93175a7f475b3074ae23f4a0e5ba372d69af6d7,1575893272132,1575893268
0x2857b686e0be8754347ba91bc93175a7f475b3074ae23f4a0e5ba372d69af6d7,1575893272133,1575893268
0x2857b686e0be8754347ba91bc93175a7f475b3074ae23f4a0e5ba372d69af6d7,1575893272133,1575893268
0x2857b686e0be8754347ba91bc93175a7f475b3074ae23f4a0e5ba372d69af6d7,1575893272133,1575893268
0x2857b686e0be8754347ba91bc93175a7f475b3074ae23f4a0e5ba372d69af6d7,1575893272134,1575893268
0x2857b686e0be8754347ba91bc93175a7f475b3074ae23f4a0e5ba372d69af6d7,1575893272134,1575893268
0x2857b686e0be8754347ba91bc93175a7f475b3074ae23f4a0e5ba372d69af6d7,1575893272135,1575893268
0x2857b686e0be8754347ba91bc93175a7f475b3074ae23f4a0e5ba372d69af6d7,1575893272135,1575893268
0x2857b686e0be8754347ba91bc93175a7f475b3074ae23f4a0e5ba372d69af6d7,1575893272136,1575893268
0x2857b686e0be8754347ba91bc93175a7f475b3074ae23f4a0e5ba372d69af6d7,1575893272137,1575893268
0x2857b686e0be8754347ba91bc93175a7f475b3074ae23f4a0e5ba372d69af6d7,1575893272137,1575893268
0x2857b686e0be8754347ba91bc93175a7f475b3074ae23f4a0e5ba372d69af6d7,1575893272137,1575893268
0x2857b686e0be8754347ba91bc93175a7f475b3074ae23f4a0e5ba372d69af6d7,1575893272138,1575893268
0x2857b686e0be8754347ba91bc93175a7f475b3074ae23f4a0e5ba372d69af6d7,1575893272138,1575893268
0x2857b686e0be8754347ba91bc93175a7f475b3074ae23f4a0e5ba372d69af6d7,1575893272139,1575893268
0x2857b686e0be8754347ba91bc93175a7f475b3074ae23f4a0e5ba372d69af6d7,1575893272140,1575893268
0x2857b686e0be8754347ba91bc93175a7f475b3074ae23f4a0e5ba372d69af6d7,1575893272140,1575893268
0x2857b686e0be8754347ba91bc93175a7f475b3074ae23f4a0e5ba372d69af6d7,1575893272141,1575893268
0x2857b686e0be8754347ba91bc93175a7f475b3074ae23f4a0e5ba372d69af6d7,1575893272142,1575893268
0x2857b686e0be8754347ba91bc93175a7f475b3074ae23f4a0e5ba372d69af6d7,1575893272142,1575893268
0x2857b686e0be8754347ba91bc93175a7f475b3074ae23f4a0e5ba372d69af6d7,1575893272142,1575893268
0x2857b686e0be8754347ba91bc93175a7f475b3074ae23f4a0e5ba372d69af6d7,1575893272143,1575893268
0x2857b686e0be8754347ba91bc93175a7f475b3074ae23f4a0e5ba372d69af6d7,1575893272144,1575893268
0x2857b686e0be8754347ba91bc93175a7f475b3074ae23f4a0e5ba372d69af6d7,1575893272144,1575893268
0x2857b686e0be8754347ba91bc93175a7f475b3074ae23f4a0e5ba372d69af6d7,1575893272145,1575893268
0x2857b686e0be8754347ba91bc93175a7f475b3074ae23f4a0e5ba372d69af6d7,1575893272145,1575893268
0x2857b686e0be8754347ba91bc93175a7f475b3074ae23f4a0e5ba372d69af6d7,1575893272146,1575893268
0x2857b686e0be8754347ba91bc93175a7f475b3074ae23f4a0e5ba372d69af6d7,1575893272146,1575893268
0x2857b686e0be8754347ba91bc93175a7f475b3074ae23f4a0e5ba372d69af6d7,1575893272147,1575893268
0x2857b686e0be8754347ba91bc93175a7f475b3074ae23f4a0e5ba372d69af6d7,1575893272147,1575893268
0x2857b686e0be8754347ba91bc93175a7f475b3074ae23f4a0e5ba372d69af6d7,1575893272148,1575893268
0x2857b686e0be8754347ba91bc93175a7f475b3074ae23f4a0e5ba372d69af6d7,1575893272148,1575893268
0x2857b686e0be8754347ba91bc93175a7f475b3074ae23f4a0e5ba372d69af6d7,1575893272149,1575893268
0x2857b686e0be8754347ba91bc93175a7f475b3074ae23f4a0e5ba372d69af6d7,1575893272149,1575893268
0x2857b686e0be8754347ba91bc93175a7f475b3074ae23f4a0e5ba372d69af6d7,1575893272150,1575893268
0x2857b686e0be8754347ba91bc93175a7f475b3074ae23f4a0e5ba372d69af6d7,1575893272150,1575893268
0x2857b686e0be8754347ba91bc93175a7f475b3074ae23f4a0e5ba372d69af6d7,1575893272151,1575893268
0x2857b686e0be8754347ba91bc93175a7f475b3074ae23f4a0e5ba372d69af6d7,1575893272151,1575893268
0x2857b686e0be8754347ba91bc93175a7f475b3074ae23f4a0e5ba372d69af6d7,1575893272152,1575893268
0x2857b686e0be8754347ba91bc93175a7f475b3074ae23f4a0e5ba372d69af6d7,1575893272152,1575893268
0x2857b686e0be8754347ba91bc93175a7f475b3074ae23f4a0e5ba372d69af6d7,1575893272153,1575893268
0x2857b686e0be8754347ba91bc93175a7f475b3074ae23f4a0e5ba372d69af6d7,1575893272153,1575893268
0x2857b686e0be8754347ba91bc93175a7f475b3074ae23f4a0e5ba372d69af6d7,1575893272154,1575893268
0x2857b686e0be8754347ba91bc93175a7f475b3074ae23f4a0e5ba372d69af6d7,1575893272154,1575893268
0x2857b686e0be8754347ba91bc93175a7f475b3074ae23f4a0e5ba372d69af6d7,1575893272155,1575893268
0x2857b686e0be8754347ba91bc93175a7f475b3074ae23f4a0e5ba372d69af6d7,1575893272155,1575893268
0x2857b686e0be8754347ba91bc93175a7f475b3074ae23f4a0e5ba372d69af6d7,1575893272156,1575893268
0x2857b686e0be8754347ba91bc93175a7f475b3074ae23f4a0e5ba372d69af6d7,1575893272156,1575893268
0x2857b686e0be8754347ba91bc93175a7f475b3074ae23f4a0e5ba372d69af6d7,1575893272157,1575893268
0x2857b686e0be8754347ba91bc93175a7f475b3074ae23f4a0e5ba372d69af6d7,1575893272157,1575893268
0x2857b686e0be8754347ba91bc93175a7f475b3074ae23f4a0e5ba372d69af6d7,1575893272158,1575893268
0x2857b686e0be8754347ba91bc93175a7f475b3074ae23f4a0e5ba372d69af6d7,1575893272159,1575893268
0x2857b686e0be8754347ba91bc93175a7f475b3074ae23f4a0e5ba372d69af6d7,1575893272159,1575893268
0x2857b686e0be8754347ba91bc93175a7f475b3074ae23f4a0e5ba372d69af6d7,1575893272159,1575893268
0x2857b686e0be8754347ba91bc93175a7f475b3074ae23f4a0e5ba372d69af6d7,1575893272160,1575893268
0x2857b686e0be8754347ba91bc93175a7f475b3074ae23f4a0e5ba372d69af6d7,1575893272161,1575893268
0x2857b686e0be8754347ba91bc93175a7f475b3074ae23f4a0e5ba372d69af6d7,1575893272161,1575893268
0x2857b686e0be8754347ba91bc93175a7f475b3074ae23f4a0e5ba372d69af6d7,1575893272162,1575893268
0x2857b686e0be8754347ba91bc93175a7f475b3074ae23f4a0e5ba372d69af6d7,1575893272162,1575893268
0x2857b686e0be8754347ba91bc93175a7f475b3074ae23f4a0e5ba372d69af6d7,1575893272162,1575893268
0x2857b686e0be8754347ba91bc93175a7f475b3074ae23f4a0e5ba372d69af6d7,1575893272163,1575893268
0x2857b686e0be8754347ba91bc93175a7f475b3074ae23f4a0e5ba372d69af6d7,1575893272164,1575893268
0x2857b686e0be8754347ba91bc93175a7f475b3074ae23f4a0e5ba372d69af6d7,1575893272164,1575893268
0x2857b686e0be8754347ba91bc93175a7f475b3074ae23f4a0e5ba372d69af6d7,1575893272165,1575893268
0x2857b686e0be8754347ba91bc93175a7f475b3074ae23f4a0e5ba372d69af6d7,1575893272165,1575893268
0x2857b686e0be8754347ba91bc93175a7f475b3074ae23f4a0e5ba372d69af6d7,1575893272166,1575893268
0x2857b686e0be8754347ba91bc93175a7f475b3074ae23f4a0e5ba372d69af6d7,1575893272166,1575893268
0x2857b686e0be8754347ba91bc93175a7f475b3074ae23f4a0e5ba372d69af6d7,1575893272167,1575893268
0x2857b686e0be8754347ba91bc93175a7f475b3074ae23f4a0e5ba372d69af6d7,1575893272167,1575893268
0x2857b686e0be8754347ba91bc93175a7f475b3074ae23f4a0e5ba372d69af6d7,1575893272169,1575893268
0x2857b686e0be8754347ba91bc93175a7f475b3074ae23f4a0e5ba372d69af6d7,1575893272169,1575893268
0x2857b686e0be8754347ba91bc93175a7f475b3074ae23f4a0e5ba372d69af6d7,1575893272170,1575893268
0x2857b686e0be8754347ba91bc93175a7f475b3074ae23f4a0e5ba372d69af6d7,1575893272170,1575893268
0x2857b686e0be8754347ba91bc93175a7f475b3074ae23f4a0e5ba372d69af6d7,1575893272171,1575893268
0x2857b686e0be8754347ba91bc93175a7f475b3074ae23f4a0e5ba372d69af6d7,1575893272171,1575893268
0x2857b686e0be8754347ba91bc93175a7f475b3074ae23f4a0e5ba372d69af6d7,1575893272172,1575893268
0x2857b686e0be8754347ba91bc93175a7f475b3074ae23f4a0e5ba372d69af6d7,1575893272172,1575893268
0x2857b686e0be8754347ba91bc93175a7f475b3074ae23f4a0e5ba372d69af6d7,1575893272173,1575893268
0x2857b686e0be8754347ba91bc93175a7f475b3074ae23f4a0e5ba372d69af6d7,1575893272173,1575893268
0x2857b686e0be8754347ba91bc93175a7f475b3074ae23f4a0e5ba372d69af6d7,1575893272174,1575893268
0x2857b686e0be8754347ba91bc93175a7f475b3074ae23f4a0e5ba372d69af6d7,1575893272174,1575893268
0x2857b686e0be8754347ba91bc93175a7f475b3074ae23f4a0e5ba372d69af6d7,1575893272175,1575893268
0x2857b686e0be8754347ba91bc93175a7f475b3074ae23f4a0e5ba372d69af6d7,1575893272176,1575893268
0x2857b686e0be8754347ba91bc93175a7f475b3074ae23f4a0e5ba372d69af6d7,1575893272176,1575893268
0x2857b686e0be8754347ba91bc93175a7f475b3074ae23f4a0e5ba372d69af6d7,1575893272177,1575893268
0x2857b686e0be8754347ba91bc93175a7f475b3074ae23f4a0e5ba372d69af6d7,1575893272177,1575893268
0x2857b686e0be8754347ba91bc93175a7f475b3074ae23f4a0e5ba372d69af6d7,1575893272178,1575893268
0x2857b686e0be8754347ba91bc93175a7f475b3074ae23f4a0e5ba372d69af6d7,1575893272178,1575893268
0x2857b686e0be8754347ba91bc93175a7f475b3074ae23f4a0e5ba372d69af6d7,1575893272179,1575893268
0x2857b686e0be8754347ba91bc93175a7f475b3074ae23f4a0e5ba372d69af6d7,1575893272179,1575893268
0x2857b686e0be8754347ba91bc93175a7f475b3074ae23f4a0e5ba372d69af6d7,1575893272180,1575893268
0x2857b686e0be8754347ba91bc93175a7f475b3074ae23f4a0e5ba372d69af6d7,1575893272180,1575893268
0x2857b686e0be8754347ba91bc93175a7f475b3074ae23f4a0e5ba372d69af6d7,1575893272181,1575893268
0x2857b686e0be8754347ba91bc93175a7f475b3074ae23f4a0e5ba372d69af6d7,1575893272182,1575893268
0x2857b686e0be8754347ba91bc93175a7f475b3074ae23f4a0e5ba372d69af6d7,1575893272182,1575893268
0x2857b686e0be8754347ba91bc93175a7f475b3074ae23f4a0e5ba372d69af6d7,1575893272183,1575893268
0x2857b686e0be8754347ba91bc93175a7f475b3074ae23f4a0e5ba372d69af6d7,1575893272183,1575893268
0x2857b686e0be8754347ba91bc93175a7f475b3074ae23f4a0e5ba372d69af6d7,1575893272184,1575893268
0x2857b686e0be8754347ba91bc93175a7f475b3074ae23f4a0e5ba372d69af6d7,1575893272184,1575893268
0x2857b686e0be8754347ba91bc93175a7f475b3074ae23f4a0e5ba372d69af6d7,1575893272185,1575893268
0x2857b686e0be8754347ba91bc93175a7f475b3074ae23f4a0e5ba372d69af6d7,1575893272185,1575893268
0x2857b686e0be8754347ba91bc93175a7f475b3074ae23f4a0e5ba372d69af6d7,1575893272186,1575893268
0x2857b686e0be8754347ba91bc93175a7f475b3074ae23f4a0e5ba372d69af6d7,1575893272187,1575893268
0x2857b686e0be8754347ba91bc93175a7f475b3074ae23f4a0e5ba372d69af6d7,1575893272187,1575893268
0x2857b686e0be8754347ba91bc93175a7f475b3074ae23f4a0e5ba372d69af6d7,1575893272187,1575893268
0x2857b686e0be8754347ba91bc93175a7f475b3074ae23f4a0e5ba372d69af6d7,1575893272188,1575893268
0x2857b686e0be8754347ba91bc93175a7f475b3074ae23f4a0e5ba372d69af6d7,1575893272189,1575893268
0x2857b686e0be8754347ba91bc93175a7f475b3074ae23f4a0e5ba372d69af6d7,1575893272189,1575893268
0x2857b686e0be8754347ba91bc93175a7f475b3074ae23f4a0e5ba372d69af6d7,1575893272190,1575893268
0x2857b686e0be8754347ba91bc93175a7f475b3074ae23f4a0e5ba372d69af6d7,1575893272190,1575893268
0x2857b686e0be8754347ba91bc93175a7f475b3074ae23f4a0e5ba372d69af6d7,1575893272191,1575893268
0x2857b686e0be8754347ba91bc93175a7f475b3074ae23f4a0e5ba372d69af6d7,1575893272192,1575893268
0x2857b686e0be8754347ba91bc93175a7f475b3074ae23f4a0e5ba372d69af6d7,1575893272192,1575893268
0x2857b686e0be8754347ba91bc93175a7f475b3074ae23f4a0e5ba372d69af6d7,1575893272193,1575893268
0x2857b686e0be8754347ba91bc93175a7f475b3074ae23f4a0e5ba372d69af6d7,1575893272193,1575893268
0x2857b686e0be8754347ba91bc93175a7f475b3074ae23f4a0e5ba372d69af6d7,1575893272194,1575893268
0x2857b686e0be8754347ba91bc93175a7f475b3074ae23f4a0e5ba372d69af6d7,1575893272194,1575893268
0x2857b686e0be8754347ba91bc93175a7f475b3074ae23f4a0e5ba372d69af6d7,1575893272195,1575893268
0x2857b686e0be8754347ba91bc93175a7f475b3074ae23f4a0e5ba372d69af6d7,1575893272195,1575893268
0x2857b686e0be8754347ba91bc93175a7f475b3074ae23f4a0e5ba372d69af6d7,1575893272196,1575893268
0x2857b686e0be8754347ba91bc93175a7f475b3074ae23f4a0e5ba372d69af6d7,1575893272196,1575893268
0x2857b686e0be8754347ba91bc93175a7f475b3074ae23f4a0e5ba372d69af6d7,1575893272197,1575893268
0x2857b686e0be8754347ba91bc93175a7f475b3074ae23f4a0e5ba372d69af6d7,1575893272197,1575893268
0x2857b686e0be8754347ba91bc93175a7f475b3074ae23f4a0e5ba372d69af6d7,1575893280355,1575893272
0x2857b686e0be8754347ba91bc93175a7f475b3074ae23f4a0e5ba372d69af6d7,1575893280356,1575893272
0x2857b686e0be8754347ba91bc93175a7f475b3074ae23f4a0e5ba372d69af6d7,1575893280356,1575893272
0x2857b686e0be8754347ba91bc93175a7f475b3074ae23f4a0e5ba372d69af6d7,1575893280357,1575893272
0x2857b686e0be8754347ba91bc93175a7f475b3074ae23f4a0e5ba372d69af6d7,1575893280357,1575893272
0x2857b686e0be8754347ba91bc93175a7f475b3074ae23f4a0e5ba372d69af6d7,1575893280358,1575893272
0x2857b686e0be8754347ba91bc93175a7f475b3074ae23f4a0e5ba372d69af6d7,1575893280358,1575893272
0x2857b686e0be8754347ba91bc93175a7f475b3074ae23f4a0e5ba372d69af6d7,1575893280359,1575893272
0x2857b686e0be8754347ba91bc93175a7f475b3074ae23f4a0e5ba372d69af6d7,1575893280359,1575893272
0x2857b686e0be8754347ba91bc93175a7f475b3074ae23f4a0e5ba372d69af6d7,1575893280360,1575893272
0x2857b686e0be8754347ba91bc93175a7f475b3074ae23f4a0e5ba372d69af6d7,1575893280360,1575893272
0x2857b686e0be8754347ba91bc93175a7f475b3074ae23f4a0e5ba372d69af6d7,1575893280360,1575893272
0x2857b686e0be8754347ba91bc93175a7f475b3074ae23f4a0e5ba372d69af6d7,1575893280361,1575893272
0x2857b686e0be8754347ba91bc93175a7f475b3074ae23f4a0e5ba372d69af6d7,1575893280361,1575893272
0x2857b686e0be8754347ba91bc93175a7f475b3074ae23f4a0e5ba372d69af6d7,1575893280362,1575893272
0x2857b686e0be8754347ba91bc93175a7f475b3074ae23f4a0e5ba372d69af6d7,1575893280362,1575893272
0x2857b686e0be8754347ba91bc93175a7f475b3074ae23f4a0e5ba372d69af6d7,1575893280363,1575893272
0x2857b686e0be8754347ba91bc93175a7f475b3074ae23f4a0e5ba372d69af6d7,1575893280363,1575893272
0x2857b686e0be8754347ba91bc93175a7f475b3074ae23f4a0e5ba372d69af6d7,1575893280363,1575893272
0x2857b686e0be8754347ba91bc93175a7f475b3074ae23f4a0e5ba372d69af6d7,1575893280364,1575893272
0x2857b686e0be8754347ba91bc93175a7f475b3074ae23f4a0e5ba372d69af6d7,1575893280364,1575893272
0x2857b686e0be8754347ba91bc93175a7f475b3074ae23f4a0e5ba372d69af6d7,1575893280365,1575893272
0x2857b686e0be8754347ba91bc93175a7f475b3074ae23f4a0e5ba372d69af6d7,1575893280365,1575893272
0x2857b686e0be8754347ba91bc93175a7f475b3074ae23f4a0e5ba372d69af6d7,1575893280365,1575893272
