0xbb8156d7e9d08f14b70487a48ff0573aa4c62609e98b018b11acb84ae3bd8688,1575961237137,1575961231
0xbb8156d7e9d08f14b70487a48ff0573aa4c62609e98b018b11acb84ae3bd8688,1575961237138,1575961231
0xbb8156d7e9d08f14b70487a48ff0573aa4c62609e98b018b11acb84ae3bd8688,1575961237139,1575961231
0xbb8156d7e9d08f14b70487a48ff0573aa4c62609e98b018b11acb84ae3bd8688,1575961237140,1575961231
0xbb8156d7e9d08f14b70487a48ff0573aa4c62609e98b018b11acb84ae3bd8688,1575961237141,1575961231
0xbb8156d7e9d08f14b70487a48ff0573aa4c62609e98b018b11acb84ae3bd8688,1575961237141,1575961231
0xbb8156d7e9d08f14b70487a48ff0573aa4c62609e98b018b11acb84ae3bd8688,1575961237142,1575961231
0xbb8156d7e9d08f14b70487a48ff0573aa4c62609e98b018b11acb84ae3bd8688,1575961237142,1575961231
0xbb8156d7e9d08f14b70487a48ff0573aa4c62609e98b018b11acb84ae3bd8688,1575961237142,1575961231
0xbb8156d7e9d08f14b70487a48ff0573aa4c62609e98b018b11acb84ae3bd8688,1575961237143,1575961231
0xbb8156d7e9d08f14b70487a48ff0573aa4c62609e98b018b11acb84ae3bd8688,1575961237143,1575961231
0xbb8156d7e9d08f14b70487a48ff0573aa4c62609e98b018b11acb84ae3bd8688,1575961237144,1575961231
0xbb8156d7e9d08f14b70487a48ff0573aa4c62609e98b018b11acb84ae3bd8688,1575961237144,1575961231
0xbb8156d7e9d08f14b70487a48ff0573aa4c62609e98b018b11acb84ae3bd8688,1575961237144,1575961231
0xbb8156d7e9d08f14b70487a48ff0573aa4c62609e98b018b11acb84ae3bd8688,1575961237144,1575961231
0xbb8156d7e9d08f14b70487a48ff0573aa4c62609e98b018b11acb84ae3bd8688,1575961237145,1575961231
0xbb8156d7e9d08f14b70487a48ff0573aa4c62609e98b018b11acb84ae3bd8688,1575961237145,1575961231
0xbb8156d7e9d08f14b70487a48ff0573aa4c62609e98b018b11acb84ae3bd8688,1575961237146,1575961231
0xbb8156d7e9d08f14b70487a48ff0573aa4c62609e98b018b11acb84ae3bd8688,1575961237146,1575961231
0xbb8156d7e9d08f14b70487a48ff0573aa4c62609e98b018b11acb84ae3bd8688,1575961237147,1575961231
0xbb8156d7e9d08f14b70487a48ff0573aa4c62609e98b018b11acb84ae3bd8688,1575961237147,1575961231
0xbb8156d7e9d08f14b70487a48ff0573aa4c62609e98b018b11acb84ae3bd8688,1575961237147,1575961231
0xbb8156d7e9d08f14b70487a48ff0573aa4c62609e98b018b11acb84ae3bd8688,1575961237148,1575961231
0xbb8156d7e9d08f14b70487a48ff0573aa4c62609e98b018b11acb84ae3bd8688,1575961237148,1575961231
0xbb8156d7e9d08f14b70487a48ff0573aa4c62609e98b018b11acb84ae3bd8688,1575961237149,1575961231
0xbb8156d7e9d08f14b70487a48ff0573aa4c62609e98b018b11acb84ae3bd8688,1575961237149,1575961231
0xbb8156d7e9d08f14b70487a48ff0573aa4c62609e98b018b11acb84ae3bd8688,1575961237149,1575961231
0xbb8156d7e9d08f14b70487a48ff0573aa4c62609e98b018b11acb84ae3bd8688,1575961237150,1575961231
0xbb8156d7e9d08f14b70487a48ff0573aa4c62609e98b018b11acb84ae3bd8688,1575961237150,1575961231
0xbb8156d7e9d08f14b70487a48ff0573aa4c62609e98b018b11acb84ae3bd8688,1575961237150,1575961231
0xbb8156d7e9d08f14b70487a48ff0573aa4c62609e98b018b11acb84ae3bd8688,1575961237151,1575961231
0xbb8156d7e9d08f14b70487a48ff0573aa4c62609e98b018b11acb84ae3bd8688,1575961237151,1575961231
0xbb8156d7e9d08f14b70487a48ff0573aa4c62609e98b018b11acb84ae3bd8688,1575961237152,1575961231
0xbb8156d7e9d08f14b70487a48ff0573aa4c62609e98b018b11acb84ae3bd8688,1575961237152,1575961231
0xbb8156d7e9d08f14b70487a48ff0573aa4c62609e98b018b11acb84ae3bd8688,1575961237152,1575961231
0xbb8156d7e9d08f14b70487a48ff0573aa4c62609e98b018b11acb84ae3bd8688,1575961237153,1575961231
0xbb8156d7e9d08f14b70487a48ff0573aa4c62609e98b018b11acb84ae3bd8688,1575961237153,1575961231
0xbb8156d7e9d08f14b70487a48ff0573aa4c62609e98b018b11acb84ae3bd8688,1575961237154,1575961231
0xbb8156d7e9d08f14b70487a48ff0573aa4c62609e98b018b11acb84ae3bd8688,1575961237154,1575961231
0xbb8156d7e9d08f14b70487a48ff0573aa4c62609e98b018b11acb84ae3bd8688,1575961237155,1575961231
0xbb8156d7e9d08f14b70487a48ff0573aa4c62609e98b018b11acb84ae3bd8688,1575961237155,1575961231
0xbb8156d7e9d08f14b70487a48ff0573aa4c62609e98b018b11acb84ae3bd8688,1575961237155,1575961231
0xbb8156d7e9d08f14b70487a48ff0573aa4c62609e98b018b11acb84ae3bd8688,1575961237155,1575961231
0xbb8156d7e9d08f14b70487a48ff0573aa4c62609e98b018b11acb84ae3bd8688,1575961237156,1575961231
0xbb8156d7e9d08f14b70487a48ff0573aa4c62609e98b018b11acb84ae3bd8688,1575961237156,1575961231
0xbb8156d7e9d08f14b70487a48ff0573aa4c62609e98b018b11acb84ae3bd8688,1575961237156,1575961231
0xbb8156d7e9d08f14b70487a48ff0573aa4c62609e98b018b11acb84ae3bd8688,1575961237157,1575961231
0xbb8156d7e9d08f14b70487a48ff0573aa4c62609e98b018b11acb84ae3bd8688,1575961237158,1575961231
0xbb8156d7e9d08f14b70487a48ff0573aa4c62609e98b018b11acb84ae3bd8688,1575961237158,1575961231
0xbb8156d7e9d08f14b70487a48ff0573aa4c62609e98b018b11acb84ae3bd8688,1575961237158,1575961231
0xbb8156d7e9d08f14b70487a48ff0573aa4c62609e98b018b11acb84ae3bd8688,1575961237158,1575961231
0xbb8156d7e9d08f14b70487a48ff0573aa4c62609e98b018b11acb84ae3bd8688,1575961237159,1575961231
0xbb8156d7e9d08f14b70487a48ff0573aa4c62609e98b018b11acb84ae3bd8688,1575961237159,1575961231
0xbb8156d7e9d08f14b70487a48ff0573aa4c62609e98b018b11acb84ae3bd8688,1575961237159,1575961231
0xbb8156d7e9d08f14b70487a48ff0573aa4c62609e98b018b11acb84ae3bd8688,1575961237160,1575961231
0xbb8156d7e9d08f14b70487a48ff0573aa4c62609e98b018b11acb84ae3bd8688,1575961237160,1575961231
0xbb8156d7e9d08f14b70487a48ff0573aa4c62609e98b018b11acb84ae3bd8688,1575961237161,1575961231
0xbb8156d7e9d08f14b70487a48ff0573aa4c62609e98b018b11acb84ae3bd8688,1575961237161,1575961231
0xbb8156d7e9d08f14b70487a48ff0573aa4c62609e98b018b11acb84ae3bd8688,1575961237161,1575961231
0xbb8156d7e9d08f14b70487a48ff0573aa4c62609e98b018b11acb84ae3bd8688,1575961237162,1575961231
0xbb8156d7e9d08f14b70487a48ff0573aa4c62609e98b018b11acb84ae3bd8688,1575961237162,1575961231
0xbb8156d7e9d08f14b70487a48ff0573aa4c62609e98b018b11acb84ae3bd8688,1575961237162,1575961231
0xbb8156d7e9d08f14b70487a48ff0573aa4c62609e98b018b11acb84ae3bd8688,1575961237163,1575961231
0xbb8156d7e9d08f14b70487a48ff0573aa4c62609e98b018b11acb84ae3bd8688,1575961237163,1575961231
0xbb8156d7e9d08f14b70487a48ff0573aa4c62609e98b018b11acb84ae3bd8688,1575961237164,1575961231
0xbb8156d7e9d08f14b70487a48ff0573aa4c62609e98b018b11acb84ae3bd8688,1575961237164,1575961231
0xbb8156d7e9d08f14b70487a48ff0573aa4c62609e98b018b11acb84ae3bd8688,1575961237165,1575961231
0xbb8156d7e9d08f14b70487a48ff0573aa4c62609e98b018b11acb84ae3bd8688,1575961237165,1575961231
0xbb8156d7e9d08f14b70487a48ff0573aa4c62609e98b018b11acb84ae3bd8688,1575961237166,1575961231
0xbb8156d7e9d08f14b70487a48ff0573aa4c62609e98b018b11acb84ae3bd8688,1575961237166,1575961231
0xbb8156d7e9d08f14b70487a48ff0573aa4c62609e98b018b11acb84ae3bd8688,1575961237166,1575961231
0xbb8156d7e9d08f14b70487a48ff0573aa4c62609e98b018b11acb84ae3bd8688,1575961237167,1575961231
0xbb8156d7e9d08f14b70487a48ff0573aa4c62609e98b018b11acb84ae3bd8688,1575961237167,1575961231
0xbb8156d7e9d08f14b70487a48ff0573aa4c62609e98b018b11acb84ae3bd8688,1575961237167,1575961231
0xbb8156d7e9d08f14b70487a48ff0573aa4c62609e98b018b11acb84ae3bd8688,1575961237167,1575961231
0xbb8156d7e9d08f14b70487a48ff0573aa4c62609e98b018b11acb84ae3bd8688,1575961237168,1575961231
0xbb8156d7e9d08f14b70487a48ff0573aa4c62609e98b018b11acb84ae3bd8688,1575961237168,1575961231
0xbb8156d7e9d08f14b70487a48ff0573aa4c62609e98b018b11acb84ae3bd8688,1575961237169,1575961231
0xbb8156d7e9d08f14b70487a48ff0573aa4c62609e98b018b11acb84ae3bd8688,1575961237169,1575961231
0xbb8156d7e9d08f14b70487a48ff0573aa4c62609e98b018b11acb84ae3bd8688,1575961237170,1575961231
0xbb8156d7e9d08f14b70487a48ff0573aa4c62609e98b018b11acb84ae3bd8688,1575961237170,1575961231
0xbb8156d7e9d08f14b70487a48ff0573aa4c62609e98b018b11acb84ae3bd8688,1575961237170,1575961231
0xbb8156d7e9d08f14b70487a48ff0573aa4c62609e98b018b11acb84ae3bd8688,1575961237171,1575961231
0xbb8156d7e9d08f14b70487a48ff0573aa4c62609e98b018b11acb84ae3bd8688,1575961237171,1575961231
0xbb8156d7e9d08f14b70487a48ff0573aa4c62609e98b018b11acb84ae3bd8688,1575961237171,1575961231
0xbb8156d7e9d08f14b70487a48ff0573aa4c62609e98b018b11acb84ae3bd8688,1575961237172,1575961231
0xbb8156d7e9d08f14b70487a48ff0573aa4c62609e98b018b11acb84ae3bd8688,1575961237172,1575961231
0xbb8156d7e9d08f14b70487a48ff0573aa4c62609e98b018b11acb84ae3bd8688,1575961237172,1575961231
0xbb8156d7e9d08f14b70487a48ff0573aa4c62609e98b018b11acb84ae3bd8688,1575961237173,1575961231
0xbb8156d7e9d08f14b70487a48ff0573aa4c62609e98b018b11acb84ae3bd8688,1575961237173,1575961231
0xbb8156d7e9d08f14b70487a48ff0573aa4c62609e98b018b11acb84ae3bd8688,1575961237173,1575961231
0xbb8156d7e9d08f14b70487a48ff0573aa4c62609e98b018b11acb84ae3bd8688,1575961237174,1575961231
0xbb8156d7e9d08f14b70487a48ff0573aa4c62609e98b018b11acb84ae3bd8688,1575961237174,1575961231
0xbb8156d7e9d08f14b70487a48ff0573aa4c62609e98b018b11acb84ae3bd8688,1575961237174,1575961231
0xbb8156d7e9d08f14b70487a48ff0573aa4c62609e98b018b11acb84ae3bd8688,1575961237175,1575961231
0xbb8156d7e9d08f14b70487a48ff0573aa4c62609e98b018b11acb84ae3bd8688,1575961237175,1575961231
0xbb8156d7e9d08f14b70487a48ff0573aa4c62609e98b018b11acb84ae3bd8688,1575961237175,1575961231
0xbb8156d7e9d08f14b70487a48ff0573aa4c62609e98b018b11acb84ae3bd8688,1575961237176,1575961231
0xbb8156d7e9d08f14b70487a48ff0573aa4c62609e98b018b11acb84ae3bd8688,1575961237176,1575961231
0xbb8156d7e9d08f14b70487a48ff0573aa4c62609e98b018b11acb84ae3bd8688,1575961237177,1575961231
0xbb8156d7e9d08f14b70487a48ff0573aa4c62609e98b018b11acb84ae3bd8688,1575961237177,1575961231
0xbb8156d7e9d08f14b70487a48ff0573aa4c62609e98b018b11acb84ae3bd8688,1575961237177,1575961231
0xbb8156d7e9d08f14b70487a48ff0573aa4c62609e98b018b11acb84ae3bd8688,1575961237177,1575961231
0xbb8156d7e9d08f14b70487a48ff0573aa4c62609e98b018b11acb84ae3bd8688,1575961237178,1575961231
0xbb8156d7e9d08f14b70487a48ff0573aa4c62609e98b018b11acb84ae3bd8688,1575961237179,1575961231
0xbb8156d7e9d08f14b70487a48ff0573aa4c62609e98b018b11acb84ae3bd8688,1575961237179,1575961231
0xbb8156d7e9d08f14b70487a48ff0573aa4c62609e98b018b11acb84ae3bd8688,1575961237179,1575961231
0xbb8156d7e9d08f14b70487a48ff0573aa4c62609e98b018b11acb84ae3bd8688,1575961237180,1575961231
0xbb8156d7e9d08f14b70487a48ff0573aa4c62609e98b018b11acb84ae3bd8688,1575961237180,1575961231
0xbb8156d7e9d08f14b70487a48ff0573aa4c62609e98b018b11acb84ae3bd8688,1575961237180,1575961231
0xbb8156d7e9d08f14b70487a48ff0573aa4c62609e98b018b11acb84ae3bd8688,1575961237181,1575961231
0xbb8156d7e9d08f14b70487a48ff0573aa4c62609e98b018b11acb84ae3bd8688,1575961237181,1575961231
0xbb8156d7e9d08f14b70487a48ff0573aa4c62609e98b018b11acb84ae3bd8688,1575961237182,1575961231
0xbb8156d7e9d08f14b70487a48ff0573aa4c62609e98b018b11acb84ae3bd8688,1575961237182,1575961231
0xbb8156d7e9d08f14b70487a48ff0573aa4c62609e98b018b11acb84ae3bd8688,1575961237182,1575961231
0xbb8156d7e9d08f14b70487a48ff0573aa4c62609e98b018b11acb84ae3bd8688,1575961237183,1575961231
0xbb8156d7e9d08f14b70487a48ff0573aa4c62609e98b018b11acb84ae3bd8688,1575961237183,1575961231
0xbb8156d7e9d08f14b70487a48ff0573aa4c62609e98b018b11acb84ae3bd8688,1575961237183,1575961231
0xbb8156d7e9d08f14b70487a48ff0573aa4c62609e98b018b11acb84ae3bd8688,1575961237184,1575961231
0xbb8156d7e9d08f14b70487a48ff0573aa4c62609e98b018b11acb84ae3bd8688,1575961237184,1575961231
0xbb8156d7e9d08f14b70487a48ff0573aa4c62609e98b018b11acb84ae3bd8688,1575961237185,1575961231
0xbb8156d7e9d08f14b70487a48ff0573aa4c62609e98b018b11acb84ae3bd8688,1575961237185,1575961231
0xbb8156d7e9d08f14b70487a48ff0573aa4c62609e98b018b11acb84ae3bd8688,1575961237186,1575961231
0xbb8156d7e9d08f14b70487a48ff0573aa4c62609e98b018b11acb84ae3bd8688,1575961237186,1575961231
0xbb8156d7e9d08f14b70487a48ff0573aa4c62609e98b018b11acb84ae3bd8688,1575961237187,1575961231
0xbb8156d7e9d08f14b70487a48ff0573aa4c62609e98b018b11acb84ae3bd8688,1575961237187,1575961231
0xbb8156d7e9d08f14b70487a48ff0573aa4c62609e98b018b11acb84ae3bd8688,1575961237187,1575961231
0xbb8156d7e9d08f14b70487a48ff0573aa4c62609e98b018b11acb84ae3bd8688,1575961237188,1575961231
0xbb8156d7e9d08f14b70487a48ff0573aa4c62609e98b018b11acb84ae3bd8688,1575961237189,1575961231
0xbb8156d7e9d08f14b70487a48ff0573aa4c62609e98b018b11acb84ae3bd8688,1575961237189,1575961231
0xbb8156d7e9d08f14b70487a48ff0573aa4c62609e98b018b11acb84ae3bd8688,1575961237189,1575961231
0xbb8156d7e9d08f14b70487a48ff0573aa4c62609e98b018b11acb84ae3bd8688,1575961237190,1575961231
0xbb8156d7e9d08f14b70487a48ff0573aa4c62609e98b018b11acb84ae3bd8688,1575961237190,1575961231
0xbb8156d7e9d08f14b70487a48ff0573aa4c62609e98b018b11acb84ae3bd8688,1575961237191,1575961231
0xbb8156d7e9d08f14b70487a48ff0573aa4c62609e98b018b11acb84ae3bd8688,1575961237191,1575961231
0xbb8156d7e9d08f14b70487a48ff0573aa4c62609e98b018b11acb84ae3bd8688,1575961237191,1575961231
0xbb8156d7e9d08f14b70487a48ff0573aa4c62609e98b018b11acb84ae3bd8688,1575961237192,1575961231
0xbb8156d7e9d08f14b70487a48ff0573aa4c62609e98b018b11acb84ae3bd8688,1575961237192,1575961231
0xbb8156d7e9d08f14b70487a48ff0573aa4c62609e98b018b11acb84ae3bd8688,1575961237193,1575961231
0xbb8156d7e9d08f14b70487a48ff0573aa4c62609e98b018b11acb84ae3bd8688,1575961237193,1575961231
0xbb8156d7e9d08f14b70487a48ff0573aa4c62609e98b018b11acb84ae3bd8688,1575961237193,1575961231
0xbb8156d7e9d08f14b70487a48ff0573aa4c62609e98b018b11acb84ae3bd8688,1575961237194,1575961231
0xbb8156d7e9d08f14b70487a48ff0573aa4c62609e98b018b11acb84ae3bd8688,1575961237194,1575961231
0xbb8156d7e9d08f14b70487a48ff0573aa4c62609e98b018b11acb84ae3bd8688,1575961237194,1575961231
0xbb8156d7e9d08f14b70487a48ff0573aa4c62609e98b018b11acb84ae3bd8688,1575961237195,1575961231
0xbb8156d7e9d08f14b70487a48ff0573aa4c62609e98b018b11acb84ae3bd8688,1575961237195,1575961231
0xbb8156d7e9d08f14b70487a48ff0573aa4c62609e98b018b11acb84ae3bd8688,1575961237196,1575961231
0xbb8156d7e9d08f14b70487a48ff0573aa4c62609e98b018b11acb84ae3bd8688,1575961237196,1575961231
0xbb8156d7e9d08f14b70487a48ff0573aa4c62609e98b018b11acb84ae3bd8688,1575961237196,1575961231
0xbb8156d7e9d08f14b70487a48ff0573aa4c62609e98b018b11acb84ae3bd8688,1575961237197,1575961231
0xbb8156d7e9d08f14b70487a48ff0573aa4c62609e98b018b11acb84ae3bd8688,1575961237197,1575961231
0xbb8156d7e9d08f14b70487a48ff0573aa4c62609e98b018b11acb84ae3bd8688,1575961237198,1575961231
0xbb8156d7e9d08f14b70487a48ff0573aa4c62609e98b018b11acb84ae3bd8688,1575961237198,1575961231
0xbb8156d7e9d08f14b70487a48ff0573aa4c62609e98b018b11acb84ae3bd8688,1575961237199,1575961231
0xbb8156d7e9d08f14b70487a48ff0573aa4c62609e98b018b11acb84ae3bd8688,1575961237199,1575961231
0xbb8156d7e9d08f14b70487a48ff0573aa4c62609e98b018b11acb84ae3bd8688,1575961237200,1575961231
0xbb8156d7e9d08f14b70487a48ff0573aa4c62609e98b018b11acb84ae3bd8688,1575961237200,1575961231
0xbb8156d7e9d08f14b70487a48ff0573aa4c62609e98b018b11acb84ae3bd8688,1575961237200,1575961231
0xbb8156d7e9d08f14b70487a48ff0573aa4c62609e98b018b11acb84ae3bd8688,1575961237200,1575961231
0xbb8156d7e9d08f14b70487a48ff0573aa4c62609e98b018b11acb84ae3bd8688,1575961237201,1575961231
0xbb8156d7e9d08f14b70487a48ff0573aa4c62609e98b018b11acb84ae3bd8688,1575961237201,1575961231
0xbb8156d7e9d08f14b70487a48ff0573aa4c62609e98b018b11acb84ae3bd8688,1575961237202,1575961231
0xbb8156d7e9d08f14b70487a48ff0573aa4c62609e98b018b11acb84ae3bd8688,1575961237202,1575961231
0xbb8156d7e9d08f14b70487a48ff0573aa4c62609e98b018b11acb84ae3bd8688,1575961237202,1575961231
0xbb8156d7e9d08f14b70487a48ff0573aa4c62609e98b018b11acb84ae3bd8688,1575961237203,1575961231
0xbb8156d7e9d08f14b70487a48ff0573aa4c62609e98b018b11acb84ae3bd8688,1575961237203,1575961231
0xbb8156d7e9d08f14b70487a48ff0573aa4c62609e98b018b11acb84ae3bd8688,1575961237203,1575961231
0xbb8156d7e9d08f14b70487a48ff0573aa4c62609e98b018b11acb84ae3bd8688,1575961237204,1575961231
0xbb8156d7e9d08f14b70487a48ff0573aa4c62609e98b018b11acb84ae3bd8688,1575961237204,1575961231
0xbb8156d7e9d08f14b70487a48ff0573aa4c62609e98b018b11acb84ae3bd8688,1575961237204,1575961231
0xbb8156d7e9d08f14b70487a48ff0573aa4c62609e98b018b11acb84ae3bd8688,1575961237205,1575961231
0xbb8156d7e9d08f14b70487a48ff0573aa4c62609e98b018b11acb84ae3bd8688,1575961237205,1575961231
0xbb8156d7e9d08f14b70487a48ff0573aa4c62609e98b018b11acb84ae3bd8688,1575961237205,1575961231
0xbb8156d7e9d08f14b70487a48ff0573aa4c62609e98b018b11acb84ae3bd8688,1575961237206,1575961231
0xbb8156d7e9d08f14b70487a48ff0573aa4c62609e98b018b11acb84ae3bd8688,1575961237206,1575961231
0xbb8156d7e9d08f14b70487a48ff0573aa4c62609e98b018b11acb84ae3bd8688,1575961237206,1575961231
0xbb8156d7e9d08f14b70487a48ff0573aa4c62609e98b018b11acb84ae3bd8688,1575961242455,1575961237
0xbb8156d7e9d08f14b70487a48ff0573aa4c62609e98b018b11acb84ae3bd8688,1575961242455,1575961237
0xbb8156d7e9d08f14b70487a48ff0573aa4c62609e98b018b11acb84ae3bd8688,1575961242455,1575961237
0xbb8156d7e9d08f14b70487a48ff0573aa4c62609e98b018b11acb84ae3bd8688,1575961242456,1575961237
0xbb8156d7e9d08f14b70487a48ff0573aa4c62609e98b018b11acb84ae3bd8688,1575961242456,1575961237
0xbb8156d7e9d08f14b70487a48ff0573aa4c62609e98b018b11acb84ae3bd8688,1575961242457,1575961237
0xbb8156d7e9d08f14b70487a48ff0573aa4c62609e98b018b11acb84ae3bd8688,1575961242457,1575961237
0xbb8156d7e9d08f14b70487a48ff0573aa4c62609e98b018b11acb84ae3bd8688,1575961242458,1575961237
0xbb8156d7e9d08f14b70487a48ff0573aa4c62609e98b018b11acb84ae3bd8688,1575961242458,1575961237
0xbb8156d7e9d08f14b70487a48ff0573aa4c62609e98b018b11acb84ae3bd8688,1575961242458,1575961237
0xbb8156d7e9d08f14b70487a48ff0573aa4c62609e98b018b11acb84ae3bd8688,1575961242459,1575961237
0xbb8156d7e9d08f14b70487a48ff0573aa4c62609e98b018b11acb84ae3bd8688,1575961242459,1575961237
0xbb8156d7e9d08f14b70487a48ff0573aa4c62609e98b018b11acb84ae3bd8688,1575961242459,1575961237
0xbb8156d7e9d08f14b70487a48ff0573aa4c62609e98b018b11acb84ae3bd8688,1575961242459,1575961237
0xbb8156d7e9d08f14b70487a48ff0573aa4c62609e98b018b11acb84ae3bd8688,1575961242460,1575961237
0xbb8156d7e9d08f14b70487a48ff0573aa4c62609e98b018b11acb84ae3bd8688,1575961242460,1575961237
0xbb8156d7e9d08f14b70487a48ff0573aa4c62609e98b018b11acb84ae3bd8688,1575961242460,1575961237
0xbb8156d7e9d08f14b70487a48ff0573aa4c62609e98b018b11acb84ae3bd8688,1575961242461,1575961237
0xbb8156d7e9d08f14b70487a48ff0573aa4c62609e98b018b11acb84ae3bd8688,1575961242461,1575961237
0xbb8156d7e9d08f14b70487a48ff0573aa4c62609e98b018b11acb84ae3bd8688,1575961242461,1575961237
0xbb8156d7e9d08f14b70487a48ff0573aa4c62609e98b018b11acb84ae3bd8688,1575961242462,1575961237
0xbb8156d7e9d08f14b70487a48ff0573aa4c62609e98b018b11acb84ae3bd8688,1575961242462,1575961237
0xbb8156d7e9d08f14b70487a48ff0573aa4c62609e98b018b11acb84ae3bd8688,1575961242463,1575961237
0xbb8156d7e9d08f14b70487a48ff0573aa4c62609e98b018b11acb84ae3bd8688,1575961242463,1575961237
