0x895c8cb68786c1a3d24e6e6b72c40d24a2dc5b35a7d89163e505b40a120c3b91,1577975962624,1577975956
0x895c8cb68786c1a3d24e6e6b72c40d24a2dc5b35a7d89163e505b40a120c3b91,1577975962624,1577975956
0x895c8cb68786c1a3d24e6e6b72c40d24a2dc5b35a7d89163e505b40a120c3b91,1577975962625,1577975956
0x895c8cb68786c1a3d24e6e6b72c40d24a2dc5b35a7d89163e505b40a120c3b91,1577975962625,1577975956
0x895c8cb68786c1a3d24e6e6b72c40d24a2dc5b35a7d89163e505b40a120c3b91,1577975962626,1577975956
0x895c8cb68786c1a3d24e6e6b72c40d24a2dc5b35a7d89163e505b40a120c3b91,1577975962626,1577975956
0x895c8cb68786c1a3d24e6e6b72c40d24a2dc5b35a7d89163e505b40a120c3b91,1577975962627,1577975956
0x895c8cb68786c1a3d24e6e6b72c40d24a2dc5b35a7d89163e505b40a120c3b91,1577975962628,1577975956
0x895c8cb68786c1a3d24e6e6b72c40d24a2dc5b35a7d89163e505b40a120c3b91,1577975962628,1577975956
0x895c8cb68786c1a3d24e6e6b72c40d24a2dc5b35a7d89163e505b40a120c3b91,1577975962628,1577975956
0x895c8cb68786c1a3d24e6e6b72c40d24a2dc5b35a7d89163e505b40a120c3b91,1577975962629,1577975956
0x895c8cb68786c1a3d24e6e6b72c40d24a2dc5b35a7d89163e505b40a120c3b91,1577975962629,1577975956
0x895c8cb68786c1a3d24e6e6b72c40d24a2dc5b35a7d89163e505b40a120c3b91,1577975962630,1577975956
0x895c8cb68786c1a3d24e6e6b72c40d24a2dc5b35a7d89163e505b40a120c3b91,1577975962630,1577975956
0x895c8cb68786c1a3d24e6e6b72c40d24a2dc5b35a7d89163e505b40a120c3b91,1577975962630,1577975956
0x895c8cb68786c1a3d24e6e6b72c40d24a2dc5b35a7d89163e505b40a120c3b91,1577975962631,1577975956
0x895c8cb68786c1a3d24e6e6b72c40d24a2dc5b35a7d89163e505b40a120c3b91,1577975962631,1577975956
0x895c8cb68786c1a3d24e6e6b72c40d24a2dc5b35a7d89163e505b40a120c3b91,1577975962631,1577975956
0x895c8cb68786c1a3d24e6e6b72c40d24a2dc5b35a7d89163e505b40a120c3b91,1577975962632,1577975956
0x895c8cb68786c1a3d24e6e6b72c40d24a2dc5b35a7d89163e505b40a120c3b91,1577975962632,1577975956
0x895c8cb68786c1a3d24e6e6b72c40d24a2dc5b35a7d89163e505b40a120c3b91,1577975962633,1577975956
0x895c8cb68786c1a3d24e6e6b72c40d24a2dc5b35a7d89163e505b40a120c3b91,1577975962633,1577975956
0x895c8cb68786c1a3d24e6e6b72c40d24a2dc5b35a7d89163e505b40a120c3b91,1577975962634,1577975956
0x895c8cb68786c1a3d24e6e6b72c40d24a2dc5b35a7d89163e505b40a120c3b91,1577975962634,1577975956
0x895c8cb68786c1a3d24e6e6b72c40d24a2dc5b35a7d89163e505b40a120c3b91,1577975962635,1577975956
0x895c8cb68786c1a3d24e6e6b72c40d24a2dc5b35a7d89163e505b40a120c3b91,1577975962635,1577975956
0x895c8cb68786c1a3d24e6e6b72c40d24a2dc5b35a7d89163e505b40a120c3b91,1577975962635,1577975956
0x895c8cb68786c1a3d24e6e6b72c40d24a2dc5b35a7d89163e505b40a120c3b91,1577975962636,1577975956
0x895c8cb68786c1a3d24e6e6b72c40d24a2dc5b35a7d89163e505b40a120c3b91,1577975962636,1577975956
0x895c8cb68786c1a3d24e6e6b72c40d24a2dc5b35a7d89163e505b40a120c3b91,1577975962637,1577975956
0x895c8cb68786c1a3d24e6e6b72c40d24a2dc5b35a7d89163e505b40a120c3b91,1577975962637,1577975956
0x895c8cb68786c1a3d24e6e6b72c40d24a2dc5b35a7d89163e505b40a120c3b91,1577975962637,1577975956
0x895c8cb68786c1a3d24e6e6b72c40d24a2dc5b35a7d89163e505b40a120c3b91,1577975962641,1577975956
0x895c8cb68786c1a3d24e6e6b72c40d24a2dc5b35a7d89163e505b40a120c3b91,1577975962641,1577975956
0x895c8cb68786c1a3d24e6e6b72c40d24a2dc5b35a7d89163e505b40a120c3b91,1577975962642,1577975956
0x895c8cb68786c1a3d24e6e6b72c40d24a2dc5b35a7d89163e505b40a120c3b91,1577975962642,1577975956
0x895c8cb68786c1a3d24e6e6b72c40d24a2dc5b35a7d89163e505b40a120c3b91,1577975962643,1577975956
0x895c8cb68786c1a3d24e6e6b72c40d24a2dc5b35a7d89163e505b40a120c3b91,1577975962643,1577975956
0x895c8cb68786c1a3d24e6e6b72c40d24a2dc5b35a7d89163e505b40a120c3b91,1577975962644,1577975956
0x895c8cb68786c1a3d24e6e6b72c40d24a2dc5b35a7d89163e505b40a120c3b91,1577975962644,1577975956
0x895c8cb68786c1a3d24e6e6b72c40d24a2dc5b35a7d89163e505b40a120c3b91,1577975962645,1577975956
0x895c8cb68786c1a3d24e6e6b72c40d24a2dc5b35a7d89163e505b40a120c3b91,1577975962645,1577975956
0x895c8cb68786c1a3d24e6e6b72c40d24a2dc5b35a7d89163e505b40a120c3b91,1577975962645,1577975956
0x895c8cb68786c1a3d24e6e6b72c40d24a2dc5b35a7d89163e505b40a120c3b91,1577975962646,1577975956
0x895c8cb68786c1a3d24e6e6b72c40d24a2dc5b35a7d89163e505b40a120c3b91,1577975962646,1577975956
0x895c8cb68786c1a3d24e6e6b72c40d24a2dc5b35a7d89163e505b40a120c3b91,1577975962647,1577975956
0x895c8cb68786c1a3d24e6e6b72c40d24a2dc5b35a7d89163e505b40a120c3b91,1577975962647,1577975956
0x895c8cb68786c1a3d24e6e6b72c40d24a2dc5b35a7d89163e505b40a120c3b91,1577975962647,1577975956
0x895c8cb68786c1a3d24e6e6b72c40d24a2dc5b35a7d89163e505b40a120c3b91,1577975962648,1577975956
0x895c8cb68786c1a3d24e6e6b72c40d24a2dc5b35a7d89163e505b40a120c3b91,1577975962648,1577975956
0x895c8cb68786c1a3d24e6e6b72c40d24a2dc5b35a7d89163e505b40a120c3b91,1577975962649,1577975956
0x895c8cb68786c1a3d24e6e6b72c40d24a2dc5b35a7d89163e505b40a120c3b91,1577975962649,1577975956
0x895c8cb68786c1a3d24e6e6b72c40d24a2dc5b35a7d89163e505b40a120c3b91,1577975962650,1577975956
0x895c8cb68786c1a3d24e6e6b72c40d24a2dc5b35a7d89163e505b40a120c3b91,1577975962651,1577975956
0x895c8cb68786c1a3d24e6e6b72c40d24a2dc5b35a7d89163e505b40a120c3b91,1577975962651,1577975956
0x895c8cb68786c1a3d24e6e6b72c40d24a2dc5b35a7d89163e505b40a120c3b91,1577975962651,1577975956
0x895c8cb68786c1a3d24e6e6b72c40d24a2dc5b35a7d89163e505b40a120c3b91,1577975962652,1577975956
0x895c8cb68786c1a3d24e6e6b72c40d24a2dc5b35a7d89163e505b40a120c3b91,1577975962652,1577975956
0x895c8cb68786c1a3d24e6e6b72c40d24a2dc5b35a7d89163e505b40a120c3b91,1577975962652,1577975956
0x895c8cb68786c1a3d24e6e6b72c40d24a2dc5b35a7d89163e505b40a120c3b91,1577975962653,1577975956
0x895c8cb68786c1a3d24e6e6b72c40d24a2dc5b35a7d89163e505b40a120c3b91,1577975962653,1577975956
0x895c8cb68786c1a3d24e6e6b72c40d24a2dc5b35a7d89163e505b40a120c3b91,1577975962654,1577975956
0x895c8cb68786c1a3d24e6e6b72c40d24a2dc5b35a7d89163e505b40a120c3b91,1577975962654,1577975956
0x895c8cb68786c1a3d24e6e6b72c40d24a2dc5b35a7d89163e505b40a120c3b91,1577975962654,1577975956
0x895c8cb68786c1a3d24e6e6b72c40d24a2dc5b35a7d89163e505b40a120c3b91,1577975962655,1577975956
0x895c8cb68786c1a3d24e6e6b72c40d24a2dc5b35a7d89163e505b40a120c3b91,1577975962656,1577975956
0x895c8cb68786c1a3d24e6e6b72c40d24a2dc5b35a7d89163e505b40a120c3b91,1577975962656,1577975956
0x895c8cb68786c1a3d24e6e6b72c40d24a2dc5b35a7d89163e505b40a120c3b91,1577975962656,1577975956
0x895c8cb68786c1a3d24e6e6b72c40d24a2dc5b35a7d89163e505b40a120c3b91,1577975962657,1577975956
0x895c8cb68786c1a3d24e6e6b72c40d24a2dc5b35a7d89163e505b40a120c3b91,1577975962657,1577975956
0x895c8cb68786c1a3d24e6e6b72c40d24a2dc5b35a7d89163e505b40a120c3b91,1577975962658,1577975956
0x895c8cb68786c1a3d24e6e6b72c40d24a2dc5b35a7d89163e505b40a120c3b91,1577975962658,1577975956
0x895c8cb68786c1a3d24e6e6b72c40d24a2dc5b35a7d89163e505b40a120c3b91,1577975962658,1577975956
0x895c8cb68786c1a3d24e6e6b72c40d24a2dc5b35a7d89163e505b40a120c3b91,1577975962659,1577975956
0x895c8cb68786c1a3d24e6e6b72c40d24a2dc5b35a7d89163e505b40a120c3b91,1577975962659,1577975956
0x895c8cb68786c1a3d24e6e6b72c40d24a2dc5b35a7d89163e505b40a120c3b91,1577975962660,1577975956
0x895c8cb68786c1a3d24e6e6b72c40d24a2dc5b35a7d89163e505b40a120c3b91,1577975962660,1577975956
0x895c8cb68786c1a3d24e6e6b72c40d24a2dc5b35a7d89163e505b40a120c3b91,1577975962660,1577975956
0x895c8cb68786c1a3d24e6e6b72c40d24a2dc5b35a7d89163e505b40a120c3b91,1577975962661,1577975956
0x895c8cb68786c1a3d24e6e6b72c40d24a2dc5b35a7d89163e505b40a120c3b91,1577975962661,1577975956
0x895c8cb68786c1a3d24e6e6b72c40d24a2dc5b35a7d89163e505b40a120c3b91,1577975962662,1577975956
0x895c8cb68786c1a3d24e6e6b72c40d24a2dc5b35a7d89163e505b40a120c3b91,1577975962662,1577975956
0x895c8cb68786c1a3d24e6e6b72c40d24a2dc5b35a7d89163e505b40a120c3b91,1577975962663,1577975956
0x895c8cb68786c1a3d24e6e6b72c40d24a2dc5b35a7d89163e505b40a120c3b91,1577975962663,1577975956
0x895c8cb68786c1a3d24e6e6b72c40d24a2dc5b35a7d89163e505b40a120c3b91,1577975962664,1577975956
0x895c8cb68786c1a3d24e6e6b72c40d24a2dc5b35a7d89163e505b40a120c3b91,1577975962664,1577975956
0x895c8cb68786c1a3d24e6e6b72c40d24a2dc5b35a7d89163e505b40a120c3b91,1577975962664,1577975956
0x895c8cb68786c1a3d24e6e6b72c40d24a2dc5b35a7d89163e505b40a120c3b91,1577975962665,1577975956
0x895c8cb68786c1a3d24e6e6b72c40d24a2dc5b35a7d89163e505b40a120c3b91,1577975962665,1577975956
0x895c8cb68786c1a3d24e6e6b72c40d24a2dc5b35a7d89163e505b40a120c3b91,1577975962666,1577975956
0x895c8cb68786c1a3d24e6e6b72c40d24a2dc5b35a7d89163e505b40a120c3b91,1577975962666,1577975956
0x895c8cb68786c1a3d24e6e6b72c40d24a2dc5b35a7d89163e505b40a120c3b91,1577975962666,1577975956
0x895c8cb68786c1a3d24e6e6b72c40d24a2dc5b35a7d89163e505b40a120c3b91,1577975962667,1577975956
0x895c8cb68786c1a3d24e6e6b72c40d24a2dc5b35a7d89163e505b40a120c3b91,1577975962667,1577975956
0x895c8cb68786c1a3d24e6e6b72c40d24a2dc5b35a7d89163e505b40a120c3b91,1577975962668,1577975956
0x895c8cb68786c1a3d24e6e6b72c40d24a2dc5b35a7d89163e505b40a120c3b91,1577975962668,1577975956
0x895c8cb68786c1a3d24e6e6b72c40d24a2dc5b35a7d89163e505b40a120c3b91,1577975962669,1577975956
0x895c8cb68786c1a3d24e6e6b72c40d24a2dc5b35a7d89163e505b40a120c3b91,1577975962669,1577975956
0x895c8cb68786c1a3d24e6e6b72c40d24a2dc5b35a7d89163e505b40a120c3b91,1577975962670,1577975956
0x895c8cb68786c1a3d24e6e6b72c40d24a2dc5b35a7d89163e505b40a120c3b91,1577975962670,1577975956
0x895c8cb68786c1a3d24e6e6b72c40d24a2dc5b35a7d89163e505b40a120c3b91,1577975962671,1577975956
0x895c8cb68786c1a3d24e6e6b72c40d24a2dc5b35a7d89163e505b40a120c3b91,1577975962671,1577975956
0x895c8cb68786c1a3d24e6e6b72c40d24a2dc5b35a7d89163e505b40a120c3b91,1577975962671,1577975956
0x895c8cb68786c1a3d24e6e6b72c40d24a2dc5b35a7d89163e505b40a120c3b91,1577975962672,1577975956
0x895c8cb68786c1a3d24e6e6b72c40d24a2dc5b35a7d89163e505b40a120c3b91,1577975962673,1577975956
0x895c8cb68786c1a3d24e6e6b72c40d24a2dc5b35a7d89163e505b40a120c3b91,1577975962673,1577975956
0x895c8cb68786c1a3d24e6e6b72c40d24a2dc5b35a7d89163e505b40a120c3b91,1577975962674,1577975956
0x895c8cb68786c1a3d24e6e6b72c40d24a2dc5b35a7d89163e505b40a120c3b91,1577975962674,1577975956
0x895c8cb68786c1a3d24e6e6b72c40d24a2dc5b35a7d89163e505b40a120c3b91,1577975962676,1577975956
0x895c8cb68786c1a3d24e6e6b72c40d24a2dc5b35a7d89163e505b40a120c3b91,1577975962676,1577975956
0x895c8cb68786c1a3d24e6e6b72c40d24a2dc5b35a7d89163e505b40a120c3b91,1577975962677,1577975956
0x895c8cb68786c1a3d24e6e6b72c40d24a2dc5b35a7d89163e505b40a120c3b91,1577975962678,1577975956
0x895c8cb68786c1a3d24e6e6b72c40d24a2dc5b35a7d89163e505b40a120c3b91,1577975962678,1577975956
0x895c8cb68786c1a3d24e6e6b72c40d24a2dc5b35a7d89163e505b40a120c3b91,1577975962678,1577975956
0x895c8cb68786c1a3d24e6e6b72c40d24a2dc5b35a7d89163e505b40a120c3b91,1577975962679,1577975956
0x895c8cb68786c1a3d24e6e6b72c40d24a2dc5b35a7d89163e505b40a120c3b91,1577975962679,1577975956
0x895c8cb68786c1a3d24e6e6b72c40d24a2dc5b35a7d89163e505b40a120c3b91,1577975962680,1577975956
0x895c8cb68786c1a3d24e6e6b72c40d24a2dc5b35a7d89163e505b40a120c3b91,1577975962680,1577975956
0x895c8cb68786c1a3d24e6e6b72c40d24a2dc5b35a7d89163e505b40a120c3b91,1577975962680,1577975956
0x895c8cb68786c1a3d24e6e6b72c40d24a2dc5b35a7d89163e505b40a120c3b91,1577975962681,1577975956
0x895c8cb68786c1a3d24e6e6b72c40d24a2dc5b35a7d89163e505b40a120c3b91,1577975962681,1577975956
0x895c8cb68786c1a3d24e6e6b72c40d24a2dc5b35a7d89163e505b40a120c3b91,1577975962682,1577975956
0x895c8cb68786c1a3d24e6e6b72c40d24a2dc5b35a7d89163e505b40a120c3b91,1577975962682,1577975956
0x895c8cb68786c1a3d24e6e6b72c40d24a2dc5b35a7d89163e505b40a120c3b91,1577975962683,1577975956
0x895c8cb68786c1a3d24e6e6b72c40d24a2dc5b35a7d89163e505b40a120c3b91,1577975962683,1577975956
0x895c8cb68786c1a3d24e6e6b72c40d24a2dc5b35a7d89163e505b40a120c3b91,1577975962683,1577975956
0x895c8cb68786c1a3d24e6e6b72c40d24a2dc5b35a7d89163e505b40a120c3b91,1577975962684,1577975956
0x895c8cb68786c1a3d24e6e6b72c40d24a2dc5b35a7d89163e505b40a120c3b91,1577975962684,1577975956
0x895c8cb68786c1a3d24e6e6b72c40d24a2dc5b35a7d89163e505b40a120c3b91,1577975962685,1577975956
0x895c8cb68786c1a3d24e6e6b72c40d24a2dc5b35a7d89163e505b40a120c3b91,1577975962685,1577975956
0x895c8cb68786c1a3d24e6e6b72c40d24a2dc5b35a7d89163e505b40a120c3b91,1577975962686,1577975956
0x895c8cb68786c1a3d24e6e6b72c40d24a2dc5b35a7d89163e505b40a120c3b91,1577975962686,1577975956
0x895c8cb68786c1a3d24e6e6b72c40d24a2dc5b35a7d89163e505b40a120c3b91,1577975962686,1577975956
0x895c8cb68786c1a3d24e6e6b72c40d24a2dc5b35a7d89163e505b40a120c3b91,1577975962687,1577975956
0x895c8cb68786c1a3d24e6e6b72c40d24a2dc5b35a7d89163e505b40a120c3b91,1577975962687,1577975956
0x895c8cb68786c1a3d24e6e6b72c40d24a2dc5b35a7d89163e505b40a120c3b91,1577975962687,1577975956
0x895c8cb68786c1a3d24e6e6b72c40d24a2dc5b35a7d89163e505b40a120c3b91,1577975962688,1577975956
0x895c8cb68786c1a3d24e6e6b72c40d24a2dc5b35a7d89163e505b40a120c3b91,1577975962688,1577975956
0x895c8cb68786c1a3d24e6e6b72c40d24a2dc5b35a7d89163e505b40a120c3b91,1577975962688,1577975956
0x895c8cb68786c1a3d24e6e6b72c40d24a2dc5b35a7d89163e505b40a120c3b91,1577975962689,1577975956
0x895c8cb68786c1a3d24e6e6b72c40d24a2dc5b35a7d89163e505b40a120c3b91,1577975962689,1577975956
0x895c8cb68786c1a3d24e6e6b72c40d24a2dc5b35a7d89163e505b40a120c3b91,1577975962690,1577975956
0x895c8cb68786c1a3d24e6e6b72c40d24a2dc5b35a7d89163e505b40a120c3b91,1577975962690,1577975956
0x895c8cb68786c1a3d24e6e6b72c40d24a2dc5b35a7d89163e505b40a120c3b91,1577975962690,1577975956
0x895c8cb68786c1a3d24e6e6b72c40d24a2dc5b35a7d89163e505b40a120c3b91,1577975962691,1577975956
0x895c8cb68786c1a3d24e6e6b72c40d24a2dc5b35a7d89163e505b40a120c3b91,1577975962691,1577975956
0x895c8cb68786c1a3d24e6e6b72c40d24a2dc5b35a7d89163e505b40a120c3b91,1577975962691,1577975956
0x895c8cb68786c1a3d24e6e6b72c40d24a2dc5b35a7d89163e505b40a120c3b91,1577975962692,1577975956
0x895c8cb68786c1a3d24e6e6b72c40d24a2dc5b35a7d89163e505b40a120c3b91,1577975962692,1577975956
0x895c8cb68786c1a3d24e6e6b72c40d24a2dc5b35a7d89163e505b40a120c3b91,1577975962692,1577975956
0x895c8cb68786c1a3d24e6e6b72c40d24a2dc5b35a7d89163e505b40a120c3b91,1577975962693,1577975956
0x895c8cb68786c1a3d24e6e6b72c40d24a2dc5b35a7d89163e505b40a120c3b91,1577975962693,1577975956
0x895c8cb68786c1a3d24e6e6b72c40d24a2dc5b35a7d89163e505b40a120c3b91,1577975962693,1577975956
0x895c8cb68786c1a3d24e6e6b72c40d24a2dc5b35a7d89163e505b40a120c3b91,1577975962694,1577975956
0x895c8cb68786c1a3d24e6e6b72c40d24a2dc5b35a7d89163e505b40a120c3b91,1577975962694,1577975956
0x895c8cb68786c1a3d24e6e6b72c40d24a2dc5b35a7d89163e505b40a120c3b91,1577975962694,1577975956
0x895c8cb68786c1a3d24e6e6b72c40d24a2dc5b35a7d89163e505b40a120c3b91,1577975962695,1577975956
0x895c8cb68786c1a3d24e6e6b72c40d24a2dc5b35a7d89163e505b40a120c3b91,1577975962696,1577975956
0x895c8cb68786c1a3d24e6e6b72c40d24a2dc5b35a7d89163e505b40a120c3b91,1577975962696,1577975956
0x895c8cb68786c1a3d24e6e6b72c40d24a2dc5b35a7d89163e505b40a120c3b91,1577975962696,1577975956
0x895c8cb68786c1a3d24e6e6b72c40d24a2dc5b35a7d89163e505b40a120c3b91,1577975962697,1577975956
0x895c8cb68786c1a3d24e6e6b72c40d24a2dc5b35a7d89163e505b40a120c3b91,1577975962697,1577975956
0x895c8cb68786c1a3d24e6e6b72c40d24a2dc5b35a7d89163e505b40a120c3b91,1577975962697,1577975956
0x895c8cb68786c1a3d24e6e6b72c40d24a2dc5b35a7d89163e505b40a120c3b91,1577975962697,1577975956
0x895c8cb68786c1a3d24e6e6b72c40d24a2dc5b35a7d89163e505b40a120c3b91,1577975962698,1577975956
0x895c8cb68786c1a3d24e6e6b72c40d24a2dc5b35a7d89163e505b40a120c3b91,1577975962698,1577975956
0x895c8cb68786c1a3d24e6e6b72c40d24a2dc5b35a7d89163e505b40a120c3b91,1577975962699,1577975956
0x895c8cb68786c1a3d24e6e6b72c40d24a2dc5b35a7d89163e505b40a120c3b91,1577975962699,1577975956
0x895c8cb68786c1a3d24e6e6b72c40d24a2dc5b35a7d89163e505b40a120c3b91,1577975962699,1577975956
0x895c8cb68786c1a3d24e6e6b72c40d24a2dc5b35a7d89163e505b40a120c3b91,1577975962700,1577975956
0x895c8cb68786c1a3d24e6e6b72c40d24a2dc5b35a7d89163e505b40a120c3b91,1577975962701,1577975956
0x895c8cb68786c1a3d24e6e6b72c40d24a2dc5b35a7d89163e505b40a120c3b91,1577975962701,1577975956
0x895c8cb68786c1a3d24e6e6b72c40d24a2dc5b35a7d89163e505b40a120c3b91,1577975962703,1577975956
0x895c8cb68786c1a3d24e6e6b72c40d24a2dc5b35a7d89163e505b40a120c3b91,1577975962703,1577975956
0x895c8cb68786c1a3d24e6e6b72c40d24a2dc5b35a7d89163e505b40a120c3b91,1577975962703,1577975956
0x895c8cb68786c1a3d24e6e6b72c40d24a2dc5b35a7d89163e505b40a120c3b91,1577975962704,1577975956
0x895c8cb68786c1a3d24e6e6b72c40d24a2dc5b35a7d89163e505b40a120c3b91,1577975962704,1577975956
0x895c8cb68786c1a3d24e6e6b72c40d24a2dc5b35a7d89163e505b40a120c3b91,1577975962705,1577975956
0x895c8cb68786c1a3d24e6e6b72c40d24a2dc5b35a7d89163e505b40a120c3b91,1577975962705,1577975956
0x895c8cb68786c1a3d24e6e6b72c40d24a2dc5b35a7d89163e505b40a120c3b91,1577975962705,1577975956
0x895c8cb68786c1a3d24e6e6b72c40d24a2dc5b35a7d89163e505b40a120c3b91,1577975962706,1577975956
0x895c8cb68786c1a3d24e6e6b72c40d24a2dc5b35a7d89163e505b40a120c3b91,1577975962706,1577975956
0x895c8cb68786c1a3d24e6e6b72c40d24a2dc5b35a7d89163e505b40a120c3b91,1577975962706,1577975956
0x895c8cb68786c1a3d24e6e6b72c40d24a2dc5b35a7d89163e505b40a120c3b91,1577975962707,1577975956
0x895c8cb68786c1a3d24e6e6b72c40d24a2dc5b35a7d89163e505b40a120c3b91,1577975962707,1577975956
0x895c8cb68786c1a3d24e6e6b72c40d24a2dc5b35a7d89163e505b40a120c3b91,1577975962707,1577975956
0x895c8cb68786c1a3d24e6e6b72c40d24a2dc5b35a7d89163e505b40a120c3b91,1577975962708,1577975956
0x895c8cb68786c1a3d24e6e6b72c40d24a2dc5b35a7d89163e505b40a120c3b91,1577975962708,1577975956
0x895c8cb68786c1a3d24e6e6b72c40d24a2dc5b35a7d89163e505b40a120c3b91,1577975962709,1577975956
0x895c8cb68786c1a3d24e6e6b72c40d24a2dc5b35a7d89163e505b40a120c3b91,1577975962709,1577975956
0x895c8cb68786c1a3d24e6e6b72c40d24a2dc5b35a7d89163e505b40a120c3b91,1577975962709,1577975956
0x895c8cb68786c1a3d24e6e6b72c40d24a2dc5b35a7d89163e505b40a120c3b91,1577975962709,1577975956
0x895c8cb68786c1a3d24e6e6b72c40d24a2dc5b35a7d89163e505b40a120c3b91,1577975962710,1577975956
0x895c8cb68786c1a3d24e6e6b72c40d24a2dc5b35a7d89163e505b40a120c3b91,1577975962710,1577975956
0x895c8cb68786c1a3d24e6e6b72c40d24a2dc5b35a7d89163e505b40a120c3b91,1577975962710,1577975956
0x895c8cb68786c1a3d24e6e6b72c40d24a2dc5b35a7d89163e505b40a120c3b91,1577975962711,1577975956
0x895c8cb68786c1a3d24e6e6b72c40d24a2dc5b35a7d89163e505b40a120c3b91,1577975962711,1577975956
0x895c8cb68786c1a3d24e6e6b72c40d24a2dc5b35a7d89163e505b40a120c3b91,1577975962711,1577975956
0x895c8cb68786c1a3d24e6e6b72c40d24a2dc5b35a7d89163e505b40a120c3b91,1577975962712,1577975956
0x895c8cb68786c1a3d24e6e6b72c40d24a2dc5b35a7d89163e505b40a120c3b91,1577975962712,1577975956
