0x3d7575d5793ac7984394b319c5e49685f2cff56c47948c561d4085ecdb197311,1575893314374,1575893306
0x3d7575d5793ac7984394b319c5e49685f2cff56c47948c561d4085ecdb197311,1575893314375,1575893306
0x3d7575d5793ac7984394b319c5e49685f2cff56c47948c561d4085ecdb197311,1575893314375,1575893306
0x3d7575d5793ac7984394b319c5e49685f2cff56c47948c561d4085ecdb197311,1575893314376,1575893306
0x3d7575d5793ac7984394b319c5e49685f2cff56c47948c561d4085ecdb197311,1575893314376,1575893306
0x3d7575d5793ac7984394b319c5e49685f2cff56c47948c561d4085ecdb197311,1575893314377,1575893306
0x3d7575d5793ac7984394b319c5e49685f2cff56c47948c561d4085ecdb197311,1575893314377,1575893306
0x3d7575d5793ac7984394b319c5e49685f2cff56c47948c561d4085ecdb197311,1575893314378,1575893306
0x3d7575d5793ac7984394b319c5e49685f2cff56c47948c561d4085ecdb197311,1575893314378,1575893306
0x3d7575d5793ac7984394b319c5e49685f2cff56c47948c561d4085ecdb197311,1575893314379,1575893306
0x3d7575d5793ac7984394b319c5e49685f2cff56c47948c561d4085ecdb197311,1575893314379,1575893306
0x3d7575d5793ac7984394b319c5e49685f2cff56c47948c561d4085ecdb197311,1575893314380,1575893306
0x3d7575d5793ac7984394b319c5e49685f2cff56c47948c561d4085ecdb197311,1575893314381,1575893306
0x3d7575d5793ac7984394b319c5e49685f2cff56c47948c561d4085ecdb197311,1575893314381,1575893306
0x3d7575d5793ac7984394b319c5e49685f2cff56c47948c561d4085ecdb197311,1575893314382,1575893306
0x3d7575d5793ac7984394b319c5e49685f2cff56c47948c561d4085ecdb197311,1575893314382,1575893306
0x3d7575d5793ac7984394b319c5e49685f2cff56c47948c561d4085ecdb197311,1575893314383,1575893306
0x3d7575d5793ac7984394b319c5e49685f2cff56c47948c561d4085ecdb197311,1575893314383,1575893306
0x3d7575d5793ac7984394b319c5e49685f2cff56c47948c561d4085ecdb197311,1575893314384,1575893306
0x3d7575d5793ac7984394b319c5e49685f2cff56c47948c561d4085ecdb197311,1575893314384,1575893306
0x3d7575d5793ac7984394b319c5e49685f2cff56c47948c561d4085ecdb197311,1575893314384,1575893306
0x3d7575d5793ac7984394b319c5e49685f2cff56c47948c561d4085ecdb197311,1575893314385,1575893306
0x3d7575d5793ac7984394b319c5e49685f2cff56c47948c561d4085ecdb197311,1575893314385,1575893306
0x3d7575d5793ac7984394b319c5e49685f2cff56c47948c561d4085ecdb197311,1575893314386,1575893306
0x3d7575d5793ac7984394b319c5e49685f2cff56c47948c561d4085ecdb197311,1575893314386,1575893306
0x3d7575d5793ac7984394b319c5e49685f2cff56c47948c561d4085ecdb197311,1575893314386,1575893306
0x3d7575d5793ac7984394b319c5e49685f2cff56c47948c561d4085ecdb197311,1575893314387,1575893306
0x3d7575d5793ac7984394b319c5e49685f2cff56c47948c561d4085ecdb197311,1575893314387,1575893306
0x3d7575d5793ac7984394b319c5e49685f2cff56c47948c561d4085ecdb197311,1575893314387,1575893306
0x3d7575d5793ac7984394b319c5e49685f2cff56c47948c561d4085ecdb197311,1575893314388,1575893306
0x3d7575d5793ac7984394b319c5e49685f2cff56c47948c561d4085ecdb197311,1575893314388,1575893306
0x3d7575d5793ac7984394b319c5e49685f2cff56c47948c561d4085ecdb197311,1575893314389,1575893306
0x3d7575d5793ac7984394b319c5e49685f2cff56c47948c561d4085ecdb197311,1575893314389,1575893306
0x3d7575d5793ac7984394b319c5e49685f2cff56c47948c561d4085ecdb197311,1575893314390,1575893306
0x3d7575d5793ac7984394b319c5e49685f2cff56c47948c561d4085ecdb197311,1575893314390,1575893306
0x3d7575d5793ac7984394b319c5e49685f2cff56c47948c561d4085ecdb197311,1575893314391,1575893306
0x3d7575d5793ac7984394b319c5e49685f2cff56c47948c561d4085ecdb197311,1575893314391,1575893306
0x3d7575d5793ac7984394b319c5e49685f2cff56c47948c561d4085ecdb197311,1575893314391,1575893306
0x3d7575d5793ac7984394b319c5e49685f2cff56c47948c561d4085ecdb197311,1575893314392,1575893306
0x3d7575d5793ac7984394b319c5e49685f2cff56c47948c561d4085ecdb197311,1575893314392,1575893306
0x3d7575d5793ac7984394b319c5e49685f2cff56c47948c561d4085ecdb197311,1575893314392,1575893306
0x3d7575d5793ac7984394b319c5e49685f2cff56c47948c561d4085ecdb197311,1575893314393,1575893306
0x3d7575d5793ac7984394b319c5e49685f2cff56c47948c561d4085ecdb197311,1575893314393,1575893306
0x3d7575d5793ac7984394b319c5e49685f2cff56c47948c561d4085ecdb197311,1575893314394,1575893306
0x3d7575d5793ac7984394b319c5e49685f2cff56c47948c561d4085ecdb197311,1575893314394,1575893306
0x3d7575d5793ac7984394b319c5e49685f2cff56c47948c561d4085ecdb197311,1575893314394,1575893306
0x3d7575d5793ac7984394b319c5e49685f2cff56c47948c561d4085ecdb197311,1575893314395,1575893306
0x3d7575d5793ac7984394b319c5e49685f2cff56c47948c561d4085ecdb197311,1575893314395,1575893306
0x3d7575d5793ac7984394b319c5e49685f2cff56c47948c561d4085ecdb197311,1575893314396,1575893306
0x3d7575d5793ac7984394b319c5e49685f2cff56c47948c561d4085ecdb197311,1575893314396,1575893306
0x3d7575d5793ac7984394b319c5e49685f2cff56c47948c561d4085ecdb197311,1575893314396,1575893306
0x3d7575d5793ac7984394b319c5e49685f2cff56c47948c561d4085ecdb197311,1575893314398,1575893306
0x3d7575d5793ac7984394b319c5e49685f2cff56c47948c561d4085ecdb197311,1575893314398,1575893306
0x3d7575d5793ac7984394b319c5e49685f2cff56c47948c561d4085ecdb197311,1575893314398,1575893306
0x3d7575d5793ac7984394b319c5e49685f2cff56c47948c561d4085ecdb197311,1575893314399,1575893306
0x3d7575d5793ac7984394b319c5e49685f2cff56c47948c561d4085ecdb197311,1575893314399,1575893306
0x3d7575d5793ac7984394b319c5e49685f2cff56c47948c561d4085ecdb197311,1575893314400,1575893306
0x3d7575d5793ac7984394b319c5e49685f2cff56c47948c561d4085ecdb197311,1575893314400,1575893306
0x3d7575d5793ac7984394b319c5e49685f2cff56c47948c561d4085ecdb197311,1575893314401,1575893306
0x3d7575d5793ac7984394b319c5e49685f2cff56c47948c561d4085ecdb197311,1575893314401,1575893306
0x3d7575d5793ac7984394b319c5e49685f2cff56c47948c561d4085ecdb197311,1575893314401,1575893306
0x3d7575d5793ac7984394b319c5e49685f2cff56c47948c561d4085ecdb197311,1575893314402,1575893306
0x3d7575d5793ac7984394b319c5e49685f2cff56c47948c561d4085ecdb197311,1575893314403,1575893306
0x3d7575d5793ac7984394b319c5e49685f2cff56c47948c561d4085ecdb197311,1575893314403,1575893306
0x3d7575d5793ac7984394b319c5e49685f2cff56c47948c561d4085ecdb197311,1575893314403,1575893306
0x3d7575d5793ac7984394b319c5e49685f2cff56c47948c561d4085ecdb197311,1575893314404,1575893306
0x3d7575d5793ac7984394b319c5e49685f2cff56c47948c561d4085ecdb197311,1575893314404,1575893306
0x3d7575d5793ac7984394b319c5e49685f2cff56c47948c561d4085ecdb197311,1575893314404,1575893306
0x3d7575d5793ac7984394b319c5e49685f2cff56c47948c561d4085ecdb197311,1575893314405,1575893306
0x3d7575d5793ac7984394b319c5e49685f2cff56c47948c561d4085ecdb197311,1575893314406,1575893306
0x3d7575d5793ac7984394b319c5e49685f2cff56c47948c561d4085ecdb197311,1575893314406,1575893306
0x3d7575d5793ac7984394b319c5e49685f2cff56c47948c561d4085ecdb197311,1575893314407,1575893306
0x3d7575d5793ac7984394b319c5e49685f2cff56c47948c561d4085ecdb197311,1575893314407,1575893306
0x3d7575d5793ac7984394b319c5e49685f2cff56c47948c561d4085ecdb197311,1575893314407,1575893306
0x3d7575d5793ac7984394b319c5e49685f2cff56c47948c561d4085ecdb197311,1575893314408,1575893306
0x3d7575d5793ac7984394b319c5e49685f2cff56c47948c561d4085ecdb197311,1575893314408,1575893306
0x3d7575d5793ac7984394b319c5e49685f2cff56c47948c561d4085ecdb197311,1575893314409,1575893306
0x3d7575d5793ac7984394b319c5e49685f2cff56c47948c561d4085ecdb197311,1575893314409,1575893306
0x3d7575d5793ac7984394b319c5e49685f2cff56c47948c561d4085ecdb197311,1575893314410,1575893306
0x3d7575d5793ac7984394b319c5e49685f2cff56c47948c561d4085ecdb197311,1575893314410,1575893306
0x3d7575d5793ac7984394b319c5e49685f2cff56c47948c561d4085ecdb197311,1575893314410,1575893306
0x3d7575d5793ac7984394b319c5e49685f2cff56c47948c561d4085ecdb197311,1575893314411,1575893306
0x3d7575d5793ac7984394b319c5e49685f2cff56c47948c561d4085ecdb197311,1575893314411,1575893306
0x3d7575d5793ac7984394b319c5e49685f2cff56c47948c561d4085ecdb197311,1575893314411,1575893306
0x3d7575d5793ac7984394b319c5e49685f2cff56c47948c561d4085ecdb197311,1575893314412,1575893306
0x3d7575d5793ac7984394b319c5e49685f2cff56c47948c561d4085ecdb197311,1575893314412,1575893306
0x3d7575d5793ac7984394b319c5e49685f2cff56c47948c561d4085ecdb197311,1575893314412,1575893306
0x3d7575d5793ac7984394b319c5e49685f2cff56c47948c561d4085ecdb197311,1575893314413,1575893306
0x3d7575d5793ac7984394b319c5e49685f2cff56c47948c561d4085ecdb197311,1575893314413,1575893306
0x3d7575d5793ac7984394b319c5e49685f2cff56c47948c561d4085ecdb197311,1575893314413,1575893306
0x3d7575d5793ac7984394b319c5e49685f2cff56c47948c561d4085ecdb197311,1575893314414,1575893306
0x3d7575d5793ac7984394b319c5e49685f2cff56c47948c561d4085ecdb197311,1575893314415,1575893306
0x3d7575d5793ac7984394b319c5e49685f2cff56c47948c561d4085ecdb197311,1575893314416,1575893306
0x3d7575d5793ac7984394b319c5e49685f2cff56c47948c561d4085ecdb197311,1575893314416,1575893306
0x3d7575d5793ac7984394b319c5e49685f2cff56c47948c561d4085ecdb197311,1575893314417,1575893306
0x3d7575d5793ac7984394b319c5e49685f2cff56c47948c561d4085ecdb197311,1575893314417,1575893306
0x3d7575d5793ac7984394b319c5e49685f2cff56c47948c561d4085ecdb197311,1575893314417,1575893306
0x3d7575d5793ac7984394b319c5e49685f2cff56c47948c561d4085ecdb197311,1575893314418,1575893306
0x3d7575d5793ac7984394b319c5e49685f2cff56c47948c561d4085ecdb197311,1575893314418,1575893306
0x3d7575d5793ac7984394b319c5e49685f2cff56c47948c561d4085ecdb197311,1575893314418,1575893306
0x3d7575d5793ac7984394b319c5e49685f2cff56c47948c561d4085ecdb197311,1575893314419,1575893306
0x3d7575d5793ac7984394b319c5e49685f2cff56c47948c561d4085ecdb197311,1575893314419,1575893306
0x3d7575d5793ac7984394b319c5e49685f2cff56c47948c561d4085ecdb197311,1575893314419,1575893306
0x3d7575d5793ac7984394b319c5e49685f2cff56c47948c561d4085ecdb197311,1575893314420,1575893306
0x3d7575d5793ac7984394b319c5e49685f2cff56c47948c561d4085ecdb197311,1575893314420,1575893306
0x3d7575d5793ac7984394b319c5e49685f2cff56c47948c561d4085ecdb197311,1575893314420,1575893306
0x3d7575d5793ac7984394b319c5e49685f2cff56c47948c561d4085ecdb197311,1575893314422,1575893306
0x3d7575d5793ac7984394b319c5e49685f2cff56c47948c561d4085ecdb197311,1575893314422,1575893306
0x3d7575d5793ac7984394b319c5e49685f2cff56c47948c561d4085ecdb197311,1575893314423,1575893306
0x3d7575d5793ac7984394b319c5e49685f2cff56c47948c561d4085ecdb197311,1575893314423,1575893306
0x3d7575d5793ac7984394b319c5e49685f2cff56c47948c561d4085ecdb197311,1575893314423,1575893306
0x3d7575d5793ac7984394b319c5e49685f2cff56c47948c561d4085ecdb197311,1575893314424,1575893306
0x3d7575d5793ac7984394b319c5e49685f2cff56c47948c561d4085ecdb197311,1575893314424,1575893306
0x3d7575d5793ac7984394b319c5e49685f2cff56c47948c561d4085ecdb197311,1575893314425,1575893306
0x3d7575d5793ac7984394b319c5e49685f2cff56c47948c561d4085ecdb197311,1575893314425,1575893306
0x3d7575d5793ac7984394b319c5e49685f2cff56c47948c561d4085ecdb197311,1575893314426,1575893306
0x3d7575d5793ac7984394b319c5e49685f2cff56c47948c561d4085ecdb197311,1575893314426,1575893306
0x3d7575d5793ac7984394b319c5e49685f2cff56c47948c561d4085ecdb197311,1575893314427,1575893306
0x3d7575d5793ac7984394b319c5e49685f2cff56c47948c561d4085ecdb197311,1575893314427,1575893306
0x3d7575d5793ac7984394b319c5e49685f2cff56c47948c561d4085ecdb197311,1575893314427,1575893306
0x3d7575d5793ac7984394b319c5e49685f2cff56c47948c561d4085ecdb197311,1575893314428,1575893306
0x3d7575d5793ac7984394b319c5e49685f2cff56c47948c561d4085ecdb197311,1575893314429,1575893306
0x3d7575d5793ac7984394b319c5e49685f2cff56c47948c561d4085ecdb197311,1575893314429,1575893306
0x3d7575d5793ac7984394b319c5e49685f2cff56c47948c561d4085ecdb197311,1575893314429,1575893306
0x3d7575d5793ac7984394b319c5e49685f2cff56c47948c561d4085ecdb197311,1575893314430,1575893306
0x3d7575d5793ac7984394b319c5e49685f2cff56c47948c561d4085ecdb197311,1575893314430,1575893306
0x3d7575d5793ac7984394b319c5e49685f2cff56c47948c561d4085ecdb197311,1575893314431,1575893306
0x3d7575d5793ac7984394b319c5e49685f2cff56c47948c561d4085ecdb197311,1575893314431,1575893306
0x3d7575d5793ac7984394b319c5e49685f2cff56c47948c561d4085ecdb197311,1575893314431,1575893306
0x3d7575d5793ac7984394b319c5e49685f2cff56c47948c561d4085ecdb197311,1575893314432,1575893306
0x3d7575d5793ac7984394b319c5e49685f2cff56c47948c561d4085ecdb197311,1575893314432,1575893306
0x3d7575d5793ac7984394b319c5e49685f2cff56c47948c561d4085ecdb197311,1575893314432,1575893306
0x3d7575d5793ac7984394b319c5e49685f2cff56c47948c561d4085ecdb197311,1575893314433,1575893306
0x3d7575d5793ac7984394b319c5e49685f2cff56c47948c561d4085ecdb197311,1575893314433,1575893306
0x3d7575d5793ac7984394b319c5e49685f2cff56c47948c561d4085ecdb197311,1575893314433,1575893306
0x3d7575d5793ac7984394b319c5e49685f2cff56c47948c561d4085ecdb197311,1575893314434,1575893306
0x3d7575d5793ac7984394b319c5e49685f2cff56c47948c561d4085ecdb197311,1575893314435,1575893306
0x3d7575d5793ac7984394b319c5e49685f2cff56c47948c561d4085ecdb197311,1575893314435,1575893306
0x3d7575d5793ac7984394b319c5e49685f2cff56c47948c561d4085ecdb197311,1575893314435,1575893306
0x3d7575d5793ac7984394b319c5e49685f2cff56c47948c561d4085ecdb197311,1575893314435,1575893306
0x3d7575d5793ac7984394b319c5e49685f2cff56c47948c561d4085ecdb197311,1575893314436,1575893306
0x3d7575d5793ac7984394b319c5e49685f2cff56c47948c561d4085ecdb197311,1575893314436,1575893306
0x3d7575d5793ac7984394b319c5e49685f2cff56c47948c561d4085ecdb197311,1575893314437,1575893306
0x3d7575d5793ac7984394b319c5e49685f2cff56c47948c561d4085ecdb197311,1575893314437,1575893306
0x3d7575d5793ac7984394b319c5e49685f2cff56c47948c561d4085ecdb197311,1575893314437,1575893306
0x3d7575d5793ac7984394b319c5e49685f2cff56c47948c561d4085ecdb197311,1575893314437,1575893306
0x3d7575d5793ac7984394b319c5e49685f2cff56c47948c561d4085ecdb197311,1575893314438,1575893306
0x3d7575d5793ac7984394b319c5e49685f2cff56c47948c561d4085ecdb197311,1575893314439,1575893306
0x3d7575d5793ac7984394b319c5e49685f2cff56c47948c561d4085ecdb197311,1575893314439,1575893306
0x3d7575d5793ac7984394b319c5e49685f2cff56c47948c561d4085ecdb197311,1575893314439,1575893306
0x3d7575d5793ac7984394b319c5e49685f2cff56c47948c561d4085ecdb197311,1575893314440,1575893306
0x3d7575d5793ac7984394b319c5e49685f2cff56c47948c561d4085ecdb197311,1575893314441,1575893306
0x3d7575d5793ac7984394b319c5e49685f2cff56c47948c561d4085ecdb197311,1575893314441,1575893306
0x3d7575d5793ac7984394b319c5e49685f2cff56c47948c561d4085ecdb197311,1575893314441,1575893306
0x3d7575d5793ac7984394b319c5e49685f2cff56c47948c561d4085ecdb197311,1575893314441,1575893306
0x3d7575d5793ac7984394b319c5e49685f2cff56c47948c561d4085ecdb197311,1575893314442,1575893306
0x3d7575d5793ac7984394b319c5e49685f2cff56c47948c561d4085ecdb197311,1575893314443,1575893306
0x3d7575d5793ac7984394b319c5e49685f2cff56c47948c561d4085ecdb197311,1575893314443,1575893306
0x3d7575d5793ac7984394b319c5e49685f2cff56c47948c561d4085ecdb197311,1575893314443,1575893306
0x3d7575d5793ac7984394b319c5e49685f2cff56c47948c561d4085ecdb197311,1575893314444,1575893306
0x3d7575d5793ac7984394b319c5e49685f2cff56c47948c561d4085ecdb197311,1575893314444,1575893306
0x3d7575d5793ac7984394b319c5e49685f2cff56c47948c561d4085ecdb197311,1575893314444,1575893306
0x3d7575d5793ac7984394b319c5e49685f2cff56c47948c561d4085ecdb197311,1575893314445,1575893306
0x3d7575d5793ac7984394b319c5e49685f2cff56c47948c561d4085ecdb197311,1575893314445,1575893306
0x3d7575d5793ac7984394b319c5e49685f2cff56c47948c561d4085ecdb197311,1575893314445,1575893306
0x3d7575d5793ac7984394b319c5e49685f2cff56c47948c561d4085ecdb197311,1575893314446,1575893306
0x3d7575d5793ac7984394b319c5e49685f2cff56c47948c561d4085ecdb197311,1575893314447,1575893306
0x3d7575d5793ac7984394b319c5e49685f2cff56c47948c561d4085ecdb197311,1575893314447,1575893306
0x3d7575d5793ac7984394b319c5e49685f2cff56c47948c561d4085ecdb197311,1575893314447,1575893306
0x3d7575d5793ac7984394b319c5e49685f2cff56c47948c561d4085ecdb197311,1575893314448,1575893306
0x3d7575d5793ac7984394b319c5e49685f2cff56c47948c561d4085ecdb197311,1575893314448,1575893306
0x3d7575d5793ac7984394b319c5e49685f2cff56c47948c561d4085ecdb197311,1575893314450,1575893306
0x3d7575d5793ac7984394b319c5e49685f2cff56c47948c561d4085ecdb197311,1575893314450,1575893306
0x3d7575d5793ac7984394b319c5e49685f2cff56c47948c561d4085ecdb197311,1575893314451,1575893306
0x3d7575d5793ac7984394b319c5e49685f2cff56c47948c561d4085ecdb197311,1575893314451,1575893306
0x3d7575d5793ac7984394b319c5e49685f2cff56c47948c561d4085ecdb197311,1575893314451,1575893306
0x3d7575d5793ac7984394b319c5e49685f2cff56c47948c561d4085ecdb197311,1575893315029,1575893314
0x3d7575d5793ac7984394b319c5e49685f2cff56c47948c561d4085ecdb197311,1575893315029,1575893314
0x3d7575d5793ac7984394b319c5e49685f2cff56c47948c561d4085ecdb197311,1575893315029,1575893314
0x3d7575d5793ac7984394b319c5e49685f2cff56c47948c561d4085ecdb197311,1575893315030,1575893314
0x3d7575d5793ac7984394b319c5e49685f2cff56c47948c561d4085ecdb197311,1575893315031,1575893314
0x3d7575d5793ac7984394b319c5e49685f2cff56c47948c561d4085ecdb197311,1575893315031,1575893314
0x3d7575d5793ac7984394b319c5e49685f2cff56c47948c561d4085ecdb197311,1575893315031,1575893314
0x3d7575d5793ac7984394b319c5e49685f2cff56c47948c561d4085ecdb197311,1575893315032,1575893314
0x3d7575d5793ac7984394b319c5e49685f2cff56c47948c561d4085ecdb197311,1575893315032,1575893314
0x3d7575d5793ac7984394b319c5e49685f2cff56c47948c561d4085ecdb197311,1575893315033,1575893314
0x3d7575d5793ac7984394b319c5e49685f2cff56c47948c561d4085ecdb197311,1575893315033,1575893314
0x3d7575d5793ac7984394b319c5e49685f2cff56c47948c561d4085ecdb197311,1575893315034,1575893314
0x3d7575d5793ac7984394b319c5e49685f2cff56c47948c561d4085ecdb197311,1575893315034,1575893314
0x3d7575d5793ac7984394b319c5e49685f2cff56c47948c561d4085ecdb197311,1575893315035,1575893314
0x3d7575d5793ac7984394b319c5e49685f2cff56c47948c561d4085ecdb197311,1575893315035,1575893314
0x3d7575d5793ac7984394b319c5e49685f2cff56c47948c561d4085ecdb197311,1575893315036,1575893314
0x3d7575d5793ac7984394b319c5e49685f2cff56c47948c561d4085ecdb197311,1575893315036,1575893314
0x3d7575d5793ac7984394b319c5e49685f2cff56c47948c561d4085ecdb197311,1575893315037,1575893314
0x3d7575d5793ac7984394b319c5e49685f2cff56c47948c561d4085ecdb197311,1575893315037,1575893314
0x3d7575d5793ac7984394b319c5e49685f2cff56c47948c561d4085ecdb197311,1575893315038,1575893314
0x3d7575d5793ac7984394b319c5e49685f2cff56c47948c561d4085ecdb197311,1575893315038,1575893314
0x3d7575d5793ac7984394b319c5e49685f2cff56c47948c561d4085ecdb197311,1575893315038,1575893314
0x3d7575d5793ac7984394b319c5e49685f2cff56c47948c561d4085ecdb197311,1575893315038,1575893314
0x3d7575d5793ac7984394b319c5e49685f2cff56c47948c561d4085ecdb197311,1575893315039,1575893314
