0xd52d18becd68e4a05be8f5fee3002a4aeb36f68b716af99dbaa4955cd40f1e51,1577975914611,1577975909
0xd52d18becd68e4a05be8f5fee3002a4aeb36f68b716af99dbaa4955cd40f1e51,1577975914612,1577975909
0xd52d18becd68e4a05be8f5fee3002a4aeb36f68b716af99dbaa4955cd40f1e51,1577975914612,1577975909
0xd52d18becd68e4a05be8f5fee3002a4aeb36f68b716af99dbaa4955cd40f1e51,1577975914612,1577975909
0xd52d18becd68e4a05be8f5fee3002a4aeb36f68b716af99dbaa4955cd40f1e51,1577975914613,1577975909
0xd52d18becd68e4a05be8f5fee3002a4aeb36f68b716af99dbaa4955cd40f1e51,1577975914613,1577975909
0xd52d18becd68e4a05be8f5fee3002a4aeb36f68b716af99dbaa4955cd40f1e51,1577975914613,1577975909
0xd52d18becd68e4a05be8f5fee3002a4aeb36f68b716af99dbaa4955cd40f1e51,1577975914614,1577975909
0xd52d18becd68e4a05be8f5fee3002a4aeb36f68b716af99dbaa4955cd40f1e51,1577975914614,1577975909
0xd52d18becd68e4a05be8f5fee3002a4aeb36f68b716af99dbaa4955cd40f1e51,1577975914614,1577975909
0xd52d18becd68e4a05be8f5fee3002a4aeb36f68b716af99dbaa4955cd40f1e51,1577975914615,1577975909
0xd52d18becd68e4a05be8f5fee3002a4aeb36f68b716af99dbaa4955cd40f1e51,1577975914615,1577975909
0xd52d18becd68e4a05be8f5fee3002a4aeb36f68b716af99dbaa4955cd40f1e51,1577975914616,1577975909
0xd52d18becd68e4a05be8f5fee3002a4aeb36f68b716af99dbaa4955cd40f1e51,1577975914616,1577975909
0xd52d18becd68e4a05be8f5fee3002a4aeb36f68b716af99dbaa4955cd40f1e51,1577975914616,1577975909
0xd52d18becd68e4a05be8f5fee3002a4aeb36f68b716af99dbaa4955cd40f1e51,1577975914617,1577975909
0xd52d18becd68e4a05be8f5fee3002a4aeb36f68b716af99dbaa4955cd40f1e51,1577975914617,1577975909
0xd52d18becd68e4a05be8f5fee3002a4aeb36f68b716af99dbaa4955cd40f1e51,1577975914617,1577975909
0xd52d18becd68e4a05be8f5fee3002a4aeb36f68b716af99dbaa4955cd40f1e51,1577975914618,1577975909
0xd52d18becd68e4a05be8f5fee3002a4aeb36f68b716af99dbaa4955cd40f1e51,1577975914618,1577975909
0xd52d18becd68e4a05be8f5fee3002a4aeb36f68b716af99dbaa4955cd40f1e51,1577975914618,1577975909
0xd52d18becd68e4a05be8f5fee3002a4aeb36f68b716af99dbaa4955cd40f1e51,1577975914619,1577975909
0xd52d18becd68e4a05be8f5fee3002a4aeb36f68b716af99dbaa4955cd40f1e51,1577975914619,1577975909
0xd52d18becd68e4a05be8f5fee3002a4aeb36f68b716af99dbaa4955cd40f1e51,1577975914619,1577975909
0xd52d18becd68e4a05be8f5fee3002a4aeb36f68b716af99dbaa4955cd40f1e51,1577975914620,1577975909
0xd52d18becd68e4a05be8f5fee3002a4aeb36f68b716af99dbaa4955cd40f1e51,1577975914620,1577975909
0xd52d18becd68e4a05be8f5fee3002a4aeb36f68b716af99dbaa4955cd40f1e51,1577975914620,1577975909
0xd52d18becd68e4a05be8f5fee3002a4aeb36f68b716af99dbaa4955cd40f1e51,1577975914621,1577975909
0xd52d18becd68e4a05be8f5fee3002a4aeb36f68b716af99dbaa4955cd40f1e51,1577975914621,1577975909
0xd52d18becd68e4a05be8f5fee3002a4aeb36f68b716af99dbaa4955cd40f1e51,1577975914622,1577975909
0xd52d18becd68e4a05be8f5fee3002a4aeb36f68b716af99dbaa4955cd40f1e51,1577975914622,1577975909
0xd52d18becd68e4a05be8f5fee3002a4aeb36f68b716af99dbaa4955cd40f1e51,1577975914623,1577975909
0xd52d18becd68e4a05be8f5fee3002a4aeb36f68b716af99dbaa4955cd40f1e51,1577975914623,1577975909
0xd52d18becd68e4a05be8f5fee3002a4aeb36f68b716af99dbaa4955cd40f1e51,1577975914623,1577975909
0xd52d18becd68e4a05be8f5fee3002a4aeb36f68b716af99dbaa4955cd40f1e51,1577975914623,1577975909
0xd52d18becd68e4a05be8f5fee3002a4aeb36f68b716af99dbaa4955cd40f1e51,1577975914624,1577975909
0xd52d18becd68e4a05be8f5fee3002a4aeb36f68b716af99dbaa4955cd40f1e51,1577975914624,1577975909
0xd52d18becd68e4a05be8f5fee3002a4aeb36f68b716af99dbaa4955cd40f1e51,1577975914625,1577975909
0xd52d18becd68e4a05be8f5fee3002a4aeb36f68b716af99dbaa4955cd40f1e51,1577975914625,1577975909
0xd52d18becd68e4a05be8f5fee3002a4aeb36f68b716af99dbaa4955cd40f1e51,1577975914625,1577975909
0xd52d18becd68e4a05be8f5fee3002a4aeb36f68b716af99dbaa4955cd40f1e51,1577975914626,1577975909
0xd52d18becd68e4a05be8f5fee3002a4aeb36f68b716af99dbaa4955cd40f1e51,1577975914626,1577975909
0xd52d18becd68e4a05be8f5fee3002a4aeb36f68b716af99dbaa4955cd40f1e51,1577975914627,1577975909
0xd52d18becd68e4a05be8f5fee3002a4aeb36f68b716af99dbaa4955cd40f1e51,1577975914627,1577975909
0xd52d18becd68e4a05be8f5fee3002a4aeb36f68b716af99dbaa4955cd40f1e51,1577975914627,1577975909
0xd52d18becd68e4a05be8f5fee3002a4aeb36f68b716af99dbaa4955cd40f1e51,1577975914628,1577975909
0xd52d18becd68e4a05be8f5fee3002a4aeb36f68b716af99dbaa4955cd40f1e51,1577975914628,1577975909
0xd52d18becd68e4a05be8f5fee3002a4aeb36f68b716af99dbaa4955cd40f1e51,1577975914628,1577975909
0xd52d18becd68e4a05be8f5fee3002a4aeb36f68b716af99dbaa4955cd40f1e51,1577975914629,1577975909
0xd52d18becd68e4a05be8f5fee3002a4aeb36f68b716af99dbaa4955cd40f1e51,1577975914629,1577975909
0xd52d18becd68e4a05be8f5fee3002a4aeb36f68b716af99dbaa4955cd40f1e51,1577975914629,1577975909
0xd52d18becd68e4a05be8f5fee3002a4aeb36f68b716af99dbaa4955cd40f1e51,1577975914630,1577975909
0xd52d18becd68e4a05be8f5fee3002a4aeb36f68b716af99dbaa4955cd40f1e51,1577975914630,1577975909
0xd52d18becd68e4a05be8f5fee3002a4aeb36f68b716af99dbaa4955cd40f1e51,1577975914631,1577975909
0xd52d18becd68e4a05be8f5fee3002a4aeb36f68b716af99dbaa4955cd40f1e51,1577975914631,1577975909
0xd52d18becd68e4a05be8f5fee3002a4aeb36f68b716af99dbaa4955cd40f1e51,1577975914631,1577975909
0xd52d18becd68e4a05be8f5fee3002a4aeb36f68b716af99dbaa4955cd40f1e51,1577975914632,1577975909
0xd52d18becd68e4a05be8f5fee3002a4aeb36f68b716af99dbaa4955cd40f1e51,1577975914632,1577975909
0xd52d18becd68e4a05be8f5fee3002a4aeb36f68b716af99dbaa4955cd40f1e51,1577975914632,1577975909
0xd52d18becd68e4a05be8f5fee3002a4aeb36f68b716af99dbaa4955cd40f1e51,1577975914633,1577975909
0xd52d18becd68e4a05be8f5fee3002a4aeb36f68b716af99dbaa4955cd40f1e51,1577975914633,1577975909
0xd52d18becd68e4a05be8f5fee3002a4aeb36f68b716af99dbaa4955cd40f1e51,1577975914634,1577975909
0xd52d18becd68e4a05be8f5fee3002a4aeb36f68b716af99dbaa4955cd40f1e51,1577975914634,1577975909
0xd52d18becd68e4a05be8f5fee3002a4aeb36f68b716af99dbaa4955cd40f1e51,1577975914634,1577975909
0xd52d18becd68e4a05be8f5fee3002a4aeb36f68b716af99dbaa4955cd40f1e51,1577975914635,1577975909
0xd52d18becd68e4a05be8f5fee3002a4aeb36f68b716af99dbaa4955cd40f1e51,1577975914635,1577975909
0xd52d18becd68e4a05be8f5fee3002a4aeb36f68b716af99dbaa4955cd40f1e51,1577975914635,1577975909
0xd52d18becd68e4a05be8f5fee3002a4aeb36f68b716af99dbaa4955cd40f1e51,1577975914636,1577975909
0xd52d18becd68e4a05be8f5fee3002a4aeb36f68b716af99dbaa4955cd40f1e51,1577975914636,1577975909
0xd52d18becd68e4a05be8f5fee3002a4aeb36f68b716af99dbaa4955cd40f1e51,1577975914636,1577975909
0xd52d18becd68e4a05be8f5fee3002a4aeb36f68b716af99dbaa4955cd40f1e51,1577975914637,1577975909
0xd52d18becd68e4a05be8f5fee3002a4aeb36f68b716af99dbaa4955cd40f1e51,1577975914637,1577975909
0xd52d18becd68e4a05be8f5fee3002a4aeb36f68b716af99dbaa4955cd40f1e51,1577975914638,1577975909
0xd52d18becd68e4a05be8f5fee3002a4aeb36f68b716af99dbaa4955cd40f1e51,1577975914638,1577975909
0xd52d18becd68e4a05be8f5fee3002a4aeb36f68b716af99dbaa4955cd40f1e51,1577975914638,1577975909
0xd52d18becd68e4a05be8f5fee3002a4aeb36f68b716af99dbaa4955cd40f1e51,1577975914639,1577975909
0xd52d18becd68e4a05be8f5fee3002a4aeb36f68b716af99dbaa4955cd40f1e51,1577975914639,1577975909
0xd52d18becd68e4a05be8f5fee3002a4aeb36f68b716af99dbaa4955cd40f1e51,1577975914639,1577975909
0xd52d18becd68e4a05be8f5fee3002a4aeb36f68b716af99dbaa4955cd40f1e51,1577975914640,1577975909
0xd52d18becd68e4a05be8f5fee3002a4aeb36f68b716af99dbaa4955cd40f1e51,1577975914641,1577975909
0xd52d18becd68e4a05be8f5fee3002a4aeb36f68b716af99dbaa4955cd40f1e51,1577975914640,1577975909
0xd52d18becd68e4a05be8f5fee3002a4aeb36f68b716af99dbaa4955cd40f1e51,1577975914641,1577975909
0xd52d18becd68e4a05be8f5fee3002a4aeb36f68b716af99dbaa4955cd40f1e51,1577975914641,1577975909
0xd52d18becd68e4a05be8f5fee3002a4aeb36f68b716af99dbaa4955cd40f1e51,1577975914642,1577975909
0xd52d18becd68e4a05be8f5fee3002a4aeb36f68b716af99dbaa4955cd40f1e51,1577975914642,1577975909
0xd52d18becd68e4a05be8f5fee3002a4aeb36f68b716af99dbaa4955cd40f1e51,1577975914642,1577975909
0xd52d18becd68e4a05be8f5fee3002a4aeb36f68b716af99dbaa4955cd40f1e51,1577975914643,1577975909
0xd52d18becd68e4a05be8f5fee3002a4aeb36f68b716af99dbaa4955cd40f1e51,1577975914643,1577975909
0xd52d18becd68e4a05be8f5fee3002a4aeb36f68b716af99dbaa4955cd40f1e51,1577975914644,1577975909
0xd52d18becd68e4a05be8f5fee3002a4aeb36f68b716af99dbaa4955cd40f1e51,1577975914644,1577975909
0xd52d18becd68e4a05be8f5fee3002a4aeb36f68b716af99dbaa4955cd40f1e51,1577975914644,1577975909
0xd52d18becd68e4a05be8f5fee3002a4aeb36f68b716af99dbaa4955cd40f1e51,1577975914645,1577975909
0xd52d18becd68e4a05be8f5fee3002a4aeb36f68b716af99dbaa4955cd40f1e51,1577975914645,1577975909
0xd52d18becd68e4a05be8f5fee3002a4aeb36f68b716af99dbaa4955cd40f1e51,1577975914645,1577975909
0xd52d18becd68e4a05be8f5fee3002a4aeb36f68b716af99dbaa4955cd40f1e51,1577975914646,1577975909
0xd52d18becd68e4a05be8f5fee3002a4aeb36f68b716af99dbaa4955cd40f1e51,1577975914646,1577975909
0xd52d18becd68e4a05be8f5fee3002a4aeb36f68b716af99dbaa4955cd40f1e51,1577975914646,1577975909
0xd52d18becd68e4a05be8f5fee3002a4aeb36f68b716af99dbaa4955cd40f1e51,1577975914646,1577975909
0xd52d18becd68e4a05be8f5fee3002a4aeb36f68b716af99dbaa4955cd40f1e51,1577975914647,1577975909
0xd52d18becd68e4a05be8f5fee3002a4aeb36f68b716af99dbaa4955cd40f1e51,1577975914647,1577975909
0xd52d18becd68e4a05be8f5fee3002a4aeb36f68b716af99dbaa4955cd40f1e51,1577975914647,1577975909
0xd52d18becd68e4a05be8f5fee3002a4aeb36f68b716af99dbaa4955cd40f1e51,1577975914648,1577975909
0xd52d18becd68e4a05be8f5fee3002a4aeb36f68b716af99dbaa4955cd40f1e51,1577975914648,1577975909
0xd52d18becd68e4a05be8f5fee3002a4aeb36f68b716af99dbaa4955cd40f1e51,1577975914649,1577975909
0xd52d18becd68e4a05be8f5fee3002a4aeb36f68b716af99dbaa4955cd40f1e51,1577975914651,1577975909
0xd52d18becd68e4a05be8f5fee3002a4aeb36f68b716af99dbaa4955cd40f1e51,1577975914651,1577975909
0xd52d18becd68e4a05be8f5fee3002a4aeb36f68b716af99dbaa4955cd40f1e51,1577975914652,1577975909
0xd52d18becd68e4a05be8f5fee3002a4aeb36f68b716af99dbaa4955cd40f1e51,1577975914653,1577975909
0xd52d18becd68e4a05be8f5fee3002a4aeb36f68b716af99dbaa4955cd40f1e51,1577975914653,1577975909
0xd52d18becd68e4a05be8f5fee3002a4aeb36f68b716af99dbaa4955cd40f1e51,1577975914653,1577975909
0xd52d18becd68e4a05be8f5fee3002a4aeb36f68b716af99dbaa4955cd40f1e51,1577975914654,1577975909
0xd52d18becd68e4a05be8f5fee3002a4aeb36f68b716af99dbaa4955cd40f1e51,1577975914654,1577975909
0xd52d18becd68e4a05be8f5fee3002a4aeb36f68b716af99dbaa4955cd40f1e51,1577975914654,1577975909
0xd52d18becd68e4a05be8f5fee3002a4aeb36f68b716af99dbaa4955cd40f1e51,1577975914655,1577975909
0xd52d18becd68e4a05be8f5fee3002a4aeb36f68b716af99dbaa4955cd40f1e51,1577975914655,1577975909
0xd52d18becd68e4a05be8f5fee3002a4aeb36f68b716af99dbaa4955cd40f1e51,1577975914655,1577975909
0xd52d18becd68e4a05be8f5fee3002a4aeb36f68b716af99dbaa4955cd40f1e51,1577975914656,1577975909
0xd52d18becd68e4a05be8f5fee3002a4aeb36f68b716af99dbaa4955cd40f1e51,1577975914656,1577975909
0xd52d18becd68e4a05be8f5fee3002a4aeb36f68b716af99dbaa4955cd40f1e51,1577975914656,1577975909
0xd52d18becd68e4a05be8f5fee3002a4aeb36f68b716af99dbaa4955cd40f1e51,1577975914657,1577975909
0xd52d18becd68e4a05be8f5fee3002a4aeb36f68b716af99dbaa4955cd40f1e51,1577975914657,1577975909
0xd52d18becd68e4a05be8f5fee3002a4aeb36f68b716af99dbaa4955cd40f1e51,1577975914657,1577975909
0xd52d18becd68e4a05be8f5fee3002a4aeb36f68b716af99dbaa4955cd40f1e51,1577975914657,1577975909
0xd52d18becd68e4a05be8f5fee3002a4aeb36f68b716af99dbaa4955cd40f1e51,1577975914658,1577975909
0xd52d18becd68e4a05be8f5fee3002a4aeb36f68b716af99dbaa4955cd40f1e51,1577975914658,1577975909
0xd52d18becd68e4a05be8f5fee3002a4aeb36f68b716af99dbaa4955cd40f1e51,1577975914658,1577975909
0xd52d18becd68e4a05be8f5fee3002a4aeb36f68b716af99dbaa4955cd40f1e51,1577975914658,1577975909
0xd52d18becd68e4a05be8f5fee3002a4aeb36f68b716af99dbaa4955cd40f1e51,1577975914659,1577975909
0xd52d18becd68e4a05be8f5fee3002a4aeb36f68b716af99dbaa4955cd40f1e51,1577975914659,1577975909
0xd52d18becd68e4a05be8f5fee3002a4aeb36f68b716af99dbaa4955cd40f1e51,1577975914659,1577975909
0xd52d18becd68e4a05be8f5fee3002a4aeb36f68b716af99dbaa4955cd40f1e51,1577975914659,1577975909
0xd52d18becd68e4a05be8f5fee3002a4aeb36f68b716af99dbaa4955cd40f1e51,1577975914661,1577975909
0xd52d18becd68e4a05be8f5fee3002a4aeb36f68b716af99dbaa4955cd40f1e51,1577975914661,1577975909
0xd52d18becd68e4a05be8f5fee3002a4aeb36f68b716af99dbaa4955cd40f1e51,1577975914662,1577975909
0xd52d18becd68e4a05be8f5fee3002a4aeb36f68b716af99dbaa4955cd40f1e51,1577975914662,1577975909
0xd52d18becd68e4a05be8f5fee3002a4aeb36f68b716af99dbaa4955cd40f1e51,1577975914662,1577975909
0xd52d18becd68e4a05be8f5fee3002a4aeb36f68b716af99dbaa4955cd40f1e51,1577975914663,1577975909
0xd52d18becd68e4a05be8f5fee3002a4aeb36f68b716af99dbaa4955cd40f1e51,1577975914663,1577975909
0xd52d18becd68e4a05be8f5fee3002a4aeb36f68b716af99dbaa4955cd40f1e51,1577975914663,1577975909
0xd52d18becd68e4a05be8f5fee3002a4aeb36f68b716af99dbaa4955cd40f1e51,1577975914664,1577975909
0xd52d18becd68e4a05be8f5fee3002a4aeb36f68b716af99dbaa4955cd40f1e51,1577975914664,1577975909
0xd52d18becd68e4a05be8f5fee3002a4aeb36f68b716af99dbaa4955cd40f1e51,1577975914664,1577975909
0xd52d18becd68e4a05be8f5fee3002a4aeb36f68b716af99dbaa4955cd40f1e51,1577975914664,1577975909
0xd52d18becd68e4a05be8f5fee3002a4aeb36f68b716af99dbaa4955cd40f1e51,1577975914665,1577975909
0xd52d18becd68e4a05be8f5fee3002a4aeb36f68b716af99dbaa4955cd40f1e51,1577975914665,1577975909
0xd52d18becd68e4a05be8f5fee3002a4aeb36f68b716af99dbaa4955cd40f1e51,1577975914665,1577975909
0xd52d18becd68e4a05be8f5fee3002a4aeb36f68b716af99dbaa4955cd40f1e51,1577975914666,1577975909
0xd52d18becd68e4a05be8f5fee3002a4aeb36f68b716af99dbaa4955cd40f1e51,1577975914666,1577975909
0xd52d18becd68e4a05be8f5fee3002a4aeb36f68b716af99dbaa4955cd40f1e51,1577975914666,1577975909
0xd52d18becd68e4a05be8f5fee3002a4aeb36f68b716af99dbaa4955cd40f1e51,1577975914667,1577975909
0xd52d18becd68e4a05be8f5fee3002a4aeb36f68b716af99dbaa4955cd40f1e51,1577975914667,1577975909
0xd52d18becd68e4a05be8f5fee3002a4aeb36f68b716af99dbaa4955cd40f1e51,1577975914668,1577975909
0xd52d18becd68e4a05be8f5fee3002a4aeb36f68b716af99dbaa4955cd40f1e51,1577975914668,1577975909
0xd52d18becd68e4a05be8f5fee3002a4aeb36f68b716af99dbaa4955cd40f1e51,1577975914668,1577975909
0xd52d18becd68e4a05be8f5fee3002a4aeb36f68b716af99dbaa4955cd40f1e51,1577975914669,1577975909
0xd52d18becd68e4a05be8f5fee3002a4aeb36f68b716af99dbaa4955cd40f1e51,1577975914669,1577975909
0xd52d18becd68e4a05be8f5fee3002a4aeb36f68b716af99dbaa4955cd40f1e51,1577975914669,1577975909
0xd52d18becd68e4a05be8f5fee3002a4aeb36f68b716af99dbaa4955cd40f1e51,1577975914670,1577975909
0xd52d18becd68e4a05be8f5fee3002a4aeb36f68b716af99dbaa4955cd40f1e51,1577975914670,1577975909
0xd52d18becd68e4a05be8f5fee3002a4aeb36f68b716af99dbaa4955cd40f1e51,1577975914670,1577975909
0xd52d18becd68e4a05be8f5fee3002a4aeb36f68b716af99dbaa4955cd40f1e51,1577975914671,1577975909
0xd52d18becd68e4a05be8f5fee3002a4aeb36f68b716af99dbaa4955cd40f1e51,1577975914671,1577975909
0xd52d18becd68e4a05be8f5fee3002a4aeb36f68b716af99dbaa4955cd40f1e51,1577975914671,1577975909
0xd52d18becd68e4a05be8f5fee3002a4aeb36f68b716af99dbaa4955cd40f1e51,1577975914672,1577975909
0xd52d18becd68e4a05be8f5fee3002a4aeb36f68b716af99dbaa4955cd40f1e51,1577975914672,1577975909
0xd52d18becd68e4a05be8f5fee3002a4aeb36f68b716af99dbaa4955cd40f1e51,1577975914672,1577975909
0xd52d18becd68e4a05be8f5fee3002a4aeb36f68b716af99dbaa4955cd40f1e51,1577975914673,1577975909
0xd52d18becd68e4a05be8f5fee3002a4aeb36f68b716af99dbaa4955cd40f1e51,1577975914673,1577975909
0xd52d18becd68e4a05be8f5fee3002a4aeb36f68b716af99dbaa4955cd40f1e51,1577975914673,1577975909
0xd52d18becd68e4a05be8f5fee3002a4aeb36f68b716af99dbaa4955cd40f1e51,1577975914674,1577975909
0xd52d18becd68e4a05be8f5fee3002a4aeb36f68b716af99dbaa4955cd40f1e51,1577975914674,1577975909
0xd52d18becd68e4a05be8f5fee3002a4aeb36f68b716af99dbaa4955cd40f1e51,1577975914674,1577975909
0xd52d18becd68e4a05be8f5fee3002a4aeb36f68b716af99dbaa4955cd40f1e51,1577975914675,1577975909
0xd52d18becd68e4a05be8f5fee3002a4aeb36f68b716af99dbaa4955cd40f1e51,1577975914675,1577975909
0xd52d18becd68e4a05be8f5fee3002a4aeb36f68b716af99dbaa4955cd40f1e51,1577975914675,1577975909
0xd52d18becd68e4a05be8f5fee3002a4aeb36f68b716af99dbaa4955cd40f1e51,1577975914676,1577975909
0xd52d18becd68e4a05be8f5fee3002a4aeb36f68b716af99dbaa4955cd40f1e51,1577975914676,1577975909
0xd52d18becd68e4a05be8f5fee3002a4aeb36f68b716af99dbaa4955cd40f1e51,1577975914676,1577975909
0xd52d18becd68e4a05be8f5fee3002a4aeb36f68b716af99dbaa4955cd40f1e51,1577975914676,1577975909
0xd52d18becd68e4a05be8f5fee3002a4aeb36f68b716af99dbaa4955cd40f1e51,1577975914677,1577975909
0xd52d18becd68e4a05be8f5fee3002a4aeb36f68b716af99dbaa4955cd40f1e51,1577975914677,1577975909
0xd52d18becd68e4a05be8f5fee3002a4aeb36f68b716af99dbaa4955cd40f1e51,1577975914678,1577975909
0xd52d18becd68e4a05be8f5fee3002a4aeb36f68b716af99dbaa4955cd40f1e51,1577975914678,1577975909
0xd52d18becd68e4a05be8f5fee3002a4aeb36f68b716af99dbaa4955cd40f1e51,1577975914678,1577975909
0xd52d18becd68e4a05be8f5fee3002a4aeb36f68b716af99dbaa4955cd40f1e51,1577975914679,1577975909
0xd52d18becd68e4a05be8f5fee3002a4aeb36f68b716af99dbaa4955cd40f1e51,1577975914679,1577975909
0xd52d18becd68e4a05be8f5fee3002a4aeb36f68b716af99dbaa4955cd40f1e51,1577975914679,1577975909
0xd52d18becd68e4a05be8f5fee3002a4aeb36f68b716af99dbaa4955cd40f1e51,1577975914679,1577975909
0xd52d18becd68e4a05be8f5fee3002a4aeb36f68b716af99dbaa4955cd40f1e51,1577975914680,1577975909
0xd52d18becd68e4a05be8f5fee3002a4aeb36f68b716af99dbaa4955cd40f1e51,1577975914680,1577975909
0xd52d18becd68e4a05be8f5fee3002a4aeb36f68b716af99dbaa4955cd40f1e51,1577975914680,1577975909
0xd52d18becd68e4a05be8f5fee3002a4aeb36f68b716af99dbaa4955cd40f1e51,1577975914680,1577975909
0xd52d18becd68e4a05be8f5fee3002a4aeb36f68b716af99dbaa4955cd40f1e51,1577975914681,1577975909
0xd52d18becd68e4a05be8f5fee3002a4aeb36f68b716af99dbaa4955cd40f1e51,1577975914681,1577975909
0xd52d18becd68e4a05be8f5fee3002a4aeb36f68b716af99dbaa4955cd40f1e51,1577975914681,1577975909
0xd52d18becd68e4a05be8f5fee3002a4aeb36f68b716af99dbaa4955cd40f1e51,1577975914682,1577975909
0xd52d18becd68e4a05be8f5fee3002a4aeb36f68b716af99dbaa4955cd40f1e51,1577975914682,1577975909
0xd52d18becd68e4a05be8f5fee3002a4aeb36f68b716af99dbaa4955cd40f1e51,1577975914682,1577975909
0xd52d18becd68e4a05be8f5fee3002a4aeb36f68b716af99dbaa4955cd40f1e51,1577975914682,1577975909
0xd52d18becd68e4a05be8f5fee3002a4aeb36f68b716af99dbaa4955cd40f1e51,1577975914682,1577975909
