0x67ef09841a8358eeb141dc01fd1e3c15834770ed584ebcf1044cddd0f3c01105,1575961452493,1575961425
0x67ef09841a8358eeb141dc01fd1e3c15834770ed584ebcf1044cddd0f3c01105,1575961452494,1575961425
0x67ef09841a8358eeb141dc01fd1e3c15834770ed584ebcf1044cddd0f3c01105,1575961452494,1575961425
0x67ef09841a8358eeb141dc01fd1e3c15834770ed584ebcf1044cddd0f3c01105,1575961452495,1575961425
0x67ef09841a8358eeb141dc01fd1e3c15834770ed584ebcf1044cddd0f3c01105,1575961452495,1575961425
0x67ef09841a8358eeb141dc01fd1e3c15834770ed584ebcf1044cddd0f3c01105,1575961452495,1575961425
0x67ef09841a8358eeb141dc01fd1e3c15834770ed584ebcf1044cddd0f3c01105,1575961452496,1575961425
0x67ef09841a8358eeb141dc01fd1e3c15834770ed584ebcf1044cddd0f3c01105,1575961452496,1575961425
0x67ef09841a8358eeb141dc01fd1e3c15834770ed584ebcf1044cddd0f3c01105,1575961452497,1575961425
0x67ef09841a8358eeb141dc01fd1e3c15834770ed584ebcf1044cddd0f3c01105,1575961452497,1575961425
0x67ef09841a8358eeb141dc01fd1e3c15834770ed584ebcf1044cddd0f3c01105,1575961452497,1575961425
0x67ef09841a8358eeb141dc01fd1e3c15834770ed584ebcf1044cddd0f3c01105,1575961452498,1575961425
0x67ef09841a8358eeb141dc01fd1e3c15834770ed584ebcf1044cddd0f3c01105,1575961452498,1575961425
0x67ef09841a8358eeb141dc01fd1e3c15834770ed584ebcf1044cddd0f3c01105,1575961452498,1575961425
0x67ef09841a8358eeb141dc01fd1e3c15834770ed584ebcf1044cddd0f3c01105,1575961452498,1575961425
0x67ef09841a8358eeb141dc01fd1e3c15834770ed584ebcf1044cddd0f3c01105,1575961452499,1575961425
0x67ef09841a8358eeb141dc01fd1e3c15834770ed584ebcf1044cddd0f3c01105,1575961452499,1575961425
0x67ef09841a8358eeb141dc01fd1e3c15834770ed584ebcf1044cddd0f3c01105,1575961452499,1575961425
0x67ef09841a8358eeb141dc01fd1e3c15834770ed584ebcf1044cddd0f3c01105,1575961452499,1575961425
0x67ef09841a8358eeb141dc01fd1e3c15834770ed584ebcf1044cddd0f3c01105,1575961452500,1575961425
0x67ef09841a8358eeb141dc01fd1e3c15834770ed584ebcf1044cddd0f3c01105,1575961452500,1575961425
0x67ef09841a8358eeb141dc01fd1e3c15834770ed584ebcf1044cddd0f3c01105,1575961452500,1575961425
0x67ef09841a8358eeb141dc01fd1e3c15834770ed584ebcf1044cddd0f3c01105,1575961452501,1575961425
0x67ef09841a8358eeb141dc01fd1e3c15834770ed584ebcf1044cddd0f3c01105,1575961452501,1575961425
0x67ef09841a8358eeb141dc01fd1e3c15834770ed584ebcf1044cddd0f3c01105,1575961452501,1575961425
0x67ef09841a8358eeb141dc01fd1e3c15834770ed584ebcf1044cddd0f3c01105,1575961452502,1575961425
0x67ef09841a8358eeb141dc01fd1e3c15834770ed584ebcf1044cddd0f3c01105,1575961452502,1575961425
0x67ef09841a8358eeb141dc01fd1e3c15834770ed584ebcf1044cddd0f3c01105,1575961452503,1575961425
0x67ef09841a8358eeb141dc01fd1e3c15834770ed584ebcf1044cddd0f3c01105,1575961452503,1575961425
0x67ef09841a8358eeb141dc01fd1e3c15834770ed584ebcf1044cddd0f3c01105,1575961452503,1575961425
0x67ef09841a8358eeb141dc01fd1e3c15834770ed584ebcf1044cddd0f3c01105,1575961452503,1575961425
0x67ef09841a8358eeb141dc01fd1e3c15834770ed584ebcf1044cddd0f3c01105,1575961452504,1575961425
0x67ef09841a8358eeb141dc01fd1e3c15834770ed584ebcf1044cddd0f3c01105,1575961452504,1575961425
0x67ef09841a8358eeb141dc01fd1e3c15834770ed584ebcf1044cddd0f3c01105,1575961452504,1575961425
0x67ef09841a8358eeb141dc01fd1e3c15834770ed584ebcf1044cddd0f3c01105,1575961452505,1575961425
0x67ef09841a8358eeb141dc01fd1e3c15834770ed584ebcf1044cddd0f3c01105,1575961452505,1575961425
0x67ef09841a8358eeb141dc01fd1e3c15834770ed584ebcf1044cddd0f3c01105,1575961452506,1575961425
0x67ef09841a8358eeb141dc01fd1e3c15834770ed584ebcf1044cddd0f3c01105,1575961452506,1575961425
0x67ef09841a8358eeb141dc01fd1e3c15834770ed584ebcf1044cddd0f3c01105,1575961452507,1575961425
0x67ef09841a8358eeb141dc01fd1e3c15834770ed584ebcf1044cddd0f3c01105,1575961452507,1575961425
0x67ef09841a8358eeb141dc01fd1e3c15834770ed584ebcf1044cddd0f3c01105,1575961452508,1575961425
0x67ef09841a8358eeb141dc01fd1e3c15834770ed584ebcf1044cddd0f3c01105,1575961452508,1575961425
0x67ef09841a8358eeb141dc01fd1e3c15834770ed584ebcf1044cddd0f3c01105,1575961452509,1575961425
0x67ef09841a8358eeb141dc01fd1e3c15834770ed584ebcf1044cddd0f3c01105,1575961452509,1575961425
0x67ef09841a8358eeb141dc01fd1e3c15834770ed584ebcf1044cddd0f3c01105,1575961452510,1575961425
0x67ef09841a8358eeb141dc01fd1e3c15834770ed584ebcf1044cddd0f3c01105,1575961452510,1575961425
0x67ef09841a8358eeb141dc01fd1e3c15834770ed584ebcf1044cddd0f3c01105,1575961452510,1575961425
0x67ef09841a8358eeb141dc01fd1e3c15834770ed584ebcf1044cddd0f3c01105,1575961452511,1575961425
0x67ef09841a8358eeb141dc01fd1e3c15834770ed584ebcf1044cddd0f3c01105,1575961452511,1575961425
0x67ef09841a8358eeb141dc01fd1e3c15834770ed584ebcf1044cddd0f3c01105,1575961452511,1575961425
0x67ef09841a8358eeb141dc01fd1e3c15834770ed584ebcf1044cddd0f3c01105,1575961452511,1575961425
0x67ef09841a8358eeb141dc01fd1e3c15834770ed584ebcf1044cddd0f3c01105,1575961452512,1575961425
0x67ef09841a8358eeb141dc01fd1e3c15834770ed584ebcf1044cddd0f3c01105,1575961452512,1575961425
0x67ef09841a8358eeb141dc01fd1e3c15834770ed584ebcf1044cddd0f3c01105,1575961452512,1575961425
0x67ef09841a8358eeb141dc01fd1e3c15834770ed584ebcf1044cddd0f3c01105,1575961452512,1575961425
0x67ef09841a8358eeb141dc01fd1e3c15834770ed584ebcf1044cddd0f3c01105,1575961452513,1575961425
0x67ef09841a8358eeb141dc01fd1e3c15834770ed584ebcf1044cddd0f3c01105,1575961452513,1575961425
0x67ef09841a8358eeb141dc01fd1e3c15834770ed584ebcf1044cddd0f3c01105,1575961452514,1575961425
0x67ef09841a8358eeb141dc01fd1e3c15834770ed584ebcf1044cddd0f3c01105,1575961452514,1575961425
0x67ef09841a8358eeb141dc01fd1e3c15834770ed584ebcf1044cddd0f3c01105,1575961452515,1575961425
0x67ef09841a8358eeb141dc01fd1e3c15834770ed584ebcf1044cddd0f3c01105,1575961452515,1575961425
0x67ef09841a8358eeb141dc01fd1e3c15834770ed584ebcf1044cddd0f3c01105,1575961452516,1575961425
0x67ef09841a8358eeb141dc01fd1e3c15834770ed584ebcf1044cddd0f3c01105,1575961452516,1575961425
0x67ef09841a8358eeb141dc01fd1e3c15834770ed584ebcf1044cddd0f3c01105,1575961452516,1575961425
0x67ef09841a8358eeb141dc01fd1e3c15834770ed584ebcf1044cddd0f3c01105,1575961452516,1575961425
0x67ef09841a8358eeb141dc01fd1e3c15834770ed584ebcf1044cddd0f3c01105,1575961452517,1575961425
0x67ef09841a8358eeb141dc01fd1e3c15834770ed584ebcf1044cddd0f3c01105,1575961452517,1575961425
0x67ef09841a8358eeb141dc01fd1e3c15834770ed584ebcf1044cddd0f3c01105,1575961452517,1575961425
0x67ef09841a8358eeb141dc01fd1e3c15834770ed584ebcf1044cddd0f3c01105,1575961452518,1575961425
0x67ef09841a8358eeb141dc01fd1e3c15834770ed584ebcf1044cddd0f3c01105,1575961452518,1575961425
0x67ef09841a8358eeb141dc01fd1e3c15834770ed584ebcf1044cddd0f3c01105,1575961452518,1575961425
0x67ef09841a8358eeb141dc01fd1e3c15834770ed584ebcf1044cddd0f3c01105,1575961452519,1575961425
0x67ef09841a8358eeb141dc01fd1e3c15834770ed584ebcf1044cddd0f3c01105,1575961452519,1575961425
0x67ef09841a8358eeb141dc01fd1e3c15834770ed584ebcf1044cddd0f3c01105,1575961452519,1575961425
0x67ef09841a8358eeb141dc01fd1e3c15834770ed584ebcf1044cddd0f3c01105,1575961452520,1575961425
0x67ef09841a8358eeb141dc01fd1e3c15834770ed584ebcf1044cddd0f3c01105,1575961452520,1575961425
0x67ef09841a8358eeb141dc01fd1e3c15834770ed584ebcf1044cddd0f3c01105,1575961452520,1575961425
0x67ef09841a8358eeb141dc01fd1e3c15834770ed584ebcf1044cddd0f3c01105,1575961452521,1575961425
0x67ef09841a8358eeb141dc01fd1e3c15834770ed584ebcf1044cddd0f3c01105,1575961452521,1575961425
0x67ef09841a8358eeb141dc01fd1e3c15834770ed584ebcf1044cddd0f3c01105,1575961452522,1575961425
0x67ef09841a8358eeb141dc01fd1e3c15834770ed584ebcf1044cddd0f3c01105,1575961452523,1575961425
0x67ef09841a8358eeb141dc01fd1e3c15834770ed584ebcf1044cddd0f3c01105,1575961452523,1575961425
0x67ef09841a8358eeb141dc01fd1e3c15834770ed584ebcf1044cddd0f3c01105,1575961452523,1575961425
0x67ef09841a8358eeb141dc01fd1e3c15834770ed584ebcf1044cddd0f3c01105,1575961452524,1575961425
0x67ef09841a8358eeb141dc01fd1e3c15834770ed584ebcf1044cddd0f3c01105,1575961452524,1575961425
0x67ef09841a8358eeb141dc01fd1e3c15834770ed584ebcf1044cddd0f3c01105,1575961452524,1575961425
0x67ef09841a8358eeb141dc01fd1e3c15834770ed584ebcf1044cddd0f3c01105,1575961452525,1575961425
0x67ef09841a8358eeb141dc01fd1e3c15834770ed584ebcf1044cddd0f3c01105,1575961452525,1575961425
0x67ef09841a8358eeb141dc01fd1e3c15834770ed584ebcf1044cddd0f3c01105,1575961452525,1575961425
0x67ef09841a8358eeb141dc01fd1e3c15834770ed584ebcf1044cddd0f3c01105,1575961452526,1575961425
0x67ef09841a8358eeb141dc01fd1e3c15834770ed584ebcf1044cddd0f3c01105,1575961452526,1575961425
0x67ef09841a8358eeb141dc01fd1e3c15834770ed584ebcf1044cddd0f3c01105,1575961452526,1575961425
0x67ef09841a8358eeb141dc01fd1e3c15834770ed584ebcf1044cddd0f3c01105,1575961452526,1575961425
0x67ef09841a8358eeb141dc01fd1e3c15834770ed584ebcf1044cddd0f3c01105,1575961452527,1575961425
0x67ef09841a8358eeb141dc01fd1e3c15834770ed584ebcf1044cddd0f3c01105,1575961452527,1575961425
0x67ef09841a8358eeb141dc01fd1e3c15834770ed584ebcf1044cddd0f3c01105,1575961452527,1575961425
0x67ef09841a8358eeb141dc01fd1e3c15834770ed584ebcf1044cddd0f3c01105,1575961452528,1575961425
0x67ef09841a8358eeb141dc01fd1e3c15834770ed584ebcf1044cddd0f3c01105,1575961452528,1575961425
0x67ef09841a8358eeb141dc01fd1e3c15834770ed584ebcf1044cddd0f3c01105,1575961452528,1575961425
0x67ef09841a8358eeb141dc01fd1e3c15834770ed584ebcf1044cddd0f3c01105,1575961452528,1575961425
0x67ef09841a8358eeb141dc01fd1e3c15834770ed584ebcf1044cddd0f3c01105,1575961452529,1575961425
0x67ef09841a8358eeb141dc01fd1e3c15834770ed584ebcf1044cddd0f3c01105,1575961452529,1575961425
0x67ef09841a8358eeb141dc01fd1e3c15834770ed584ebcf1044cddd0f3c01105,1575961452529,1575961425
0x67ef09841a8358eeb141dc01fd1e3c15834770ed584ebcf1044cddd0f3c01105,1575961452530,1575961425
0x67ef09841a8358eeb141dc01fd1e3c15834770ed584ebcf1044cddd0f3c01105,1575961452530,1575961425
0x67ef09841a8358eeb141dc01fd1e3c15834770ed584ebcf1044cddd0f3c01105,1575961452530,1575961425
0x67ef09841a8358eeb141dc01fd1e3c15834770ed584ebcf1044cddd0f3c01105,1575961452531,1575961425
0x67ef09841a8358eeb141dc01fd1e3c15834770ed584ebcf1044cddd0f3c01105,1575961452531,1575961425
0x67ef09841a8358eeb141dc01fd1e3c15834770ed584ebcf1044cddd0f3c01105,1575961452531,1575961425
0x67ef09841a8358eeb141dc01fd1e3c15834770ed584ebcf1044cddd0f3c01105,1575961452532,1575961425
0x67ef09841a8358eeb141dc01fd1e3c15834770ed584ebcf1044cddd0f3c01105,1575961452532,1575961425
0x67ef09841a8358eeb141dc01fd1e3c15834770ed584ebcf1044cddd0f3c01105,1575961452532,1575961425
0x67ef09841a8358eeb141dc01fd1e3c15834770ed584ebcf1044cddd0f3c01105,1575961452533,1575961425
0x67ef09841a8358eeb141dc01fd1e3c15834770ed584ebcf1044cddd0f3c01105,1575961452533,1575961425
0x67ef09841a8358eeb141dc01fd1e3c15834770ed584ebcf1044cddd0f3c01105,1575961452533,1575961425
0x67ef09841a8358eeb141dc01fd1e3c15834770ed584ebcf1044cddd0f3c01105,1575961452534,1575961425
0x67ef09841a8358eeb141dc01fd1e3c15834770ed584ebcf1044cddd0f3c01105,1575961452534,1575961425
0x67ef09841a8358eeb141dc01fd1e3c15834770ed584ebcf1044cddd0f3c01105,1575961452534,1575961425
0x67ef09841a8358eeb141dc01fd1e3c15834770ed584ebcf1044cddd0f3c01105,1575961452535,1575961425
0x67ef09841a8358eeb141dc01fd1e3c15834770ed584ebcf1044cddd0f3c01105,1575961452535,1575961425
0x67ef09841a8358eeb141dc01fd1e3c15834770ed584ebcf1044cddd0f3c01105,1575961452535,1575961425
0x67ef09841a8358eeb141dc01fd1e3c15834770ed584ebcf1044cddd0f3c01105,1575961452535,1575961425
0x67ef09841a8358eeb141dc01fd1e3c15834770ed584ebcf1044cddd0f3c01105,1575961452536,1575961425
0x67ef09841a8358eeb141dc01fd1e3c15834770ed584ebcf1044cddd0f3c01105,1575961452536,1575961425
0x67ef09841a8358eeb141dc01fd1e3c15834770ed584ebcf1044cddd0f3c01105,1575961452537,1575961425
0x67ef09841a8358eeb141dc01fd1e3c15834770ed584ebcf1044cddd0f3c01105,1575961452537,1575961425
0x67ef09841a8358eeb141dc01fd1e3c15834770ed584ebcf1044cddd0f3c01105,1575961452537,1575961425
0x67ef09841a8358eeb141dc01fd1e3c15834770ed584ebcf1044cddd0f3c01105,1575961452538,1575961425
0x67ef09841a8358eeb141dc01fd1e3c15834770ed584ebcf1044cddd0f3c01105,1575961452538,1575961425
0x67ef09841a8358eeb141dc01fd1e3c15834770ed584ebcf1044cddd0f3c01105,1575961452539,1575961425
0x67ef09841a8358eeb141dc01fd1e3c15834770ed584ebcf1044cddd0f3c01105,1575961452539,1575961425
0x67ef09841a8358eeb141dc01fd1e3c15834770ed584ebcf1044cddd0f3c01105,1575961452540,1575961425
0x67ef09841a8358eeb141dc01fd1e3c15834770ed584ebcf1044cddd0f3c01105,1575961452541,1575961425
0x67ef09841a8358eeb141dc01fd1e3c15834770ed584ebcf1044cddd0f3c01105,1575961452541,1575961425
0x67ef09841a8358eeb141dc01fd1e3c15834770ed584ebcf1044cddd0f3c01105,1575961452542,1575961425
0x67ef09841a8358eeb141dc01fd1e3c15834770ed584ebcf1044cddd0f3c01105,1575961452542,1575961425
0x67ef09841a8358eeb141dc01fd1e3c15834770ed584ebcf1044cddd0f3c01105,1575961452542,1575961425
0x67ef09841a8358eeb141dc01fd1e3c15834770ed584ebcf1044cddd0f3c01105,1575961452543,1575961425
0x67ef09841a8358eeb141dc01fd1e3c15834770ed584ebcf1044cddd0f3c01105,1575961452543,1575961425
0x67ef09841a8358eeb141dc01fd1e3c15834770ed584ebcf1044cddd0f3c01105,1575961452544,1575961425
0x67ef09841a8358eeb141dc01fd1e3c15834770ed584ebcf1044cddd0f3c01105,1575961452544,1575961425
0x67ef09841a8358eeb141dc01fd1e3c15834770ed584ebcf1044cddd0f3c01105,1575961452544,1575961425
0x67ef09841a8358eeb141dc01fd1e3c15834770ed584ebcf1044cddd0f3c01105,1575961452545,1575961425
0x67ef09841a8358eeb141dc01fd1e3c15834770ed584ebcf1044cddd0f3c01105,1575961452545,1575961425
0x67ef09841a8358eeb141dc01fd1e3c15834770ed584ebcf1044cddd0f3c01105,1575961452546,1575961425
0x67ef09841a8358eeb141dc01fd1e3c15834770ed584ebcf1044cddd0f3c01105,1575961452546,1575961425
0x67ef09841a8358eeb141dc01fd1e3c15834770ed584ebcf1044cddd0f3c01105,1575961452547,1575961425
0x67ef09841a8358eeb141dc01fd1e3c15834770ed584ebcf1044cddd0f3c01105,1575961452547,1575961425
0x67ef09841a8358eeb141dc01fd1e3c15834770ed584ebcf1044cddd0f3c01105,1575961452548,1575961425
0x67ef09841a8358eeb141dc01fd1e3c15834770ed584ebcf1044cddd0f3c01105,1575961452548,1575961425
0x67ef09841a8358eeb141dc01fd1e3c15834770ed584ebcf1044cddd0f3c01105,1575961452548,1575961425
0x67ef09841a8358eeb141dc01fd1e3c15834770ed584ebcf1044cddd0f3c01105,1575961452549,1575961425
0x67ef09841a8358eeb141dc01fd1e3c15834770ed584ebcf1044cddd0f3c01105,1575961452549,1575961425
0x67ef09841a8358eeb141dc01fd1e3c15834770ed584ebcf1044cddd0f3c01105,1575961452550,1575961425
0x67ef09841a8358eeb141dc01fd1e3c15834770ed584ebcf1044cddd0f3c01105,1575961452550,1575961425
0x67ef09841a8358eeb141dc01fd1e3c15834770ed584ebcf1044cddd0f3c01105,1575961452551,1575961425
0x67ef09841a8358eeb141dc01fd1e3c15834770ed584ebcf1044cddd0f3c01105,1575961452551,1575961425
0x67ef09841a8358eeb141dc01fd1e3c15834770ed584ebcf1044cddd0f3c01105,1575961452551,1575961425
0x67ef09841a8358eeb141dc01fd1e3c15834770ed584ebcf1044cddd0f3c01105,1575961452552,1575961425
0x67ef09841a8358eeb141dc01fd1e3c15834770ed584ebcf1044cddd0f3c01105,1575961452552,1575961425
0x67ef09841a8358eeb141dc01fd1e3c15834770ed584ebcf1044cddd0f3c01105,1575961452553,1575961425
0x67ef09841a8358eeb141dc01fd1e3c15834770ed584ebcf1044cddd0f3c01105,1575961452553,1575961425
0x67ef09841a8358eeb141dc01fd1e3c15834770ed584ebcf1044cddd0f3c01105,1575961452554,1575961425
0x67ef09841a8358eeb141dc01fd1e3c15834770ed584ebcf1044cddd0f3c01105,1575961452554,1575961425
0x67ef09841a8358eeb141dc01fd1e3c15834770ed584ebcf1044cddd0f3c01105,1575961452554,1575961425
0x67ef09841a8358eeb141dc01fd1e3c15834770ed584ebcf1044cddd0f3c01105,1575961452555,1575961425
0x67ef09841a8358eeb141dc01fd1e3c15834770ed584ebcf1044cddd0f3c01105,1575961452555,1575961425
0x67ef09841a8358eeb141dc01fd1e3c15834770ed584ebcf1044cddd0f3c01105,1575961452555,1575961425
0x67ef09841a8358eeb141dc01fd1e3c15834770ed584ebcf1044cddd0f3c01105,1575961452555,1575961425
0x67ef09841a8358eeb141dc01fd1e3c15834770ed584ebcf1044cddd0f3c01105,1575961452556,1575961425
0x67ef09841a8358eeb141dc01fd1e3c15834770ed584ebcf1044cddd0f3c01105,1575961452556,1575961425
0x67ef09841a8358eeb141dc01fd1e3c15834770ed584ebcf1044cddd0f3c01105,1575961452561,1575961425
0x67ef09841a8358eeb141dc01fd1e3c15834770ed584ebcf1044cddd0f3c01105,1575961452561,1575961425
0x67ef09841a8358eeb141dc01fd1e3c15834770ed584ebcf1044cddd0f3c01105,1575961452561,1575961425
0x67ef09841a8358eeb141dc01fd1e3c15834770ed584ebcf1044cddd0f3c01105,1575961452562,1575961425
0x67ef09841a8358eeb141dc01fd1e3c15834770ed584ebcf1044cddd0f3c01105,1575961452562,1575961425
0x67ef09841a8358eeb141dc01fd1e3c15834770ed584ebcf1044cddd0f3c01105,1575961453858,1575961452
0x67ef09841a8358eeb141dc01fd1e3c15834770ed584ebcf1044cddd0f3c01105,1575961453858,1575961452
0x67ef09841a8358eeb141dc01fd1e3c15834770ed584ebcf1044cddd0f3c01105,1575961453859,1575961452
0x67ef09841a8358eeb141dc01fd1e3c15834770ed584ebcf1044cddd0f3c01105,1575961453859,1575961452
0x67ef09841a8358eeb141dc01fd1e3c15834770ed584ebcf1044cddd0f3c01105,1575961453859,1575961452
0x67ef09841a8358eeb141dc01fd1e3c15834770ed584ebcf1044cddd0f3c01105,1575961453860,1575961452
0x67ef09841a8358eeb141dc01fd1e3c15834770ed584ebcf1044cddd0f3c01105,1575961453860,1575961452
0x67ef09841a8358eeb141dc01fd1e3c15834770ed584ebcf1044cddd0f3c01105,1575961453861,1575961452
0x67ef09841a8358eeb141dc01fd1e3c15834770ed584ebcf1044cddd0f3c01105,1575961453861,1575961452
0x67ef09841a8358eeb141dc01fd1e3c15834770ed584ebcf1044cddd0f3c01105,1575961453862,1575961452
0x67ef09841a8358eeb141dc01fd1e3c15834770ed584ebcf1044cddd0f3c01105,1575961453862,1575961452
0x67ef09841a8358eeb141dc01fd1e3c15834770ed584ebcf1044cddd0f3c01105,1575961453863,1575961452
0x67ef09841a8358eeb141dc01fd1e3c15834770ed584ebcf1044cddd0f3c01105,1575961453863,1575961452
0x67ef09841a8358eeb141dc01fd1e3c15834770ed584ebcf1044cddd0f3c01105,1575961453864,1575961452
0x67ef09841a8358eeb141dc01fd1e3c15834770ed584ebcf1044cddd0f3c01105,1575961453864,1575961452
0x67ef09841a8358eeb141dc01fd1e3c15834770ed584ebcf1044cddd0f3c01105,1575961453865,1575961452
0x67ef09841a8358eeb141dc01fd1e3c15834770ed584ebcf1044cddd0f3c01105,1575961453866,1575961452
0x67ef09841a8358eeb141dc01fd1e3c15834770ed584ebcf1044cddd0f3c01105,1575961453867,1575961452
0x67ef09841a8358eeb141dc01fd1e3c15834770ed584ebcf1044cddd0f3c01105,1575961453867,1575961452
0x67ef09841a8358eeb141dc01fd1e3c15834770ed584ebcf1044cddd0f3c01105,1575961453867,1575961452
0x67ef09841a8358eeb141dc01fd1e3c15834770ed584ebcf1044cddd0f3c01105,1575961453868,1575961452
0x67ef09841a8358eeb141dc01fd1e3c15834770ed584ebcf1044cddd0f3c01105,1575961453869,1575961452
0x67ef09841a8358eeb141dc01fd1e3c15834770ed584ebcf1044cddd0f3c01105,1575961453869,1575961452
0x67ef09841a8358eeb141dc01fd1e3c15834770ed584ebcf1044cddd0f3c01105,1575961453870,1575961452
0x67ef09841a8358eeb141dc01fd1e3c15834770ed584ebcf1044cddd0f3c01105,1575961453870,1575961452
0x67ef09841a8358eeb141dc01fd1e3c15834770ed584ebcf1044cddd0f3c01105,1575961453870,1575961452
0x67ef09841a8358eeb141dc01fd1e3c15834770ed584ebcf1044cddd0f3c01105,1575961453871,1575961452
0x67ef09841a8358eeb141dc01fd1e3c15834770ed584ebcf1044cddd0f3c01105,1575961453871,1575961452
0x67ef09841a8358eeb141dc01fd1e3c15834770ed584ebcf1044cddd0f3c01105,1575961453872,1575961452
0x67ef09841a8358eeb141dc01fd1e3c15834770ed584ebcf1044cddd0f3c01105,1575961453872,1575961452
0x67ef09841a8358eeb141dc01fd1e3c15834770ed584ebcf1044cddd0f3c01105,1575961453873,1575961452
0x67ef09841a8358eeb141dc01fd1e3c15834770ed584ebcf1044cddd0f3c01105,1575961453873,1575961452
0x67ef09841a8358eeb141dc01fd1e3c15834770ed584ebcf1044cddd0f3c01105,1575961453874,1575961452
0x67ef09841a8358eeb141dc01fd1e3c15834770ed584ebcf1044cddd0f3c01105,1575961453874,1575961452
0x67ef09841a8358eeb141dc01fd1e3c15834770ed584ebcf1044cddd0f3c01105,1575961453875,1575961452
0x67ef09841a8358eeb141dc01fd1e3c15834770ed584ebcf1044cddd0f3c01105,1575961453875,1575961452
0x67ef09841a8358eeb141dc01fd1e3c15834770ed584ebcf1044cddd0f3c01105,1575961453875,1575961452
0x67ef09841a8358eeb141dc01fd1e3c15834770ed584ebcf1044cddd0f3c01105,1575961453876,1575961452
0x67ef09841a8358eeb141dc01fd1e3c15834770ed584ebcf1044cddd0f3c01105,1575961453877,1575961452
0x67ef09841a8358eeb141dc01fd1e3c15834770ed584ebcf1044cddd0f3c01105,1575961453876,1575961452
0x67ef09841a8358eeb141dc01fd1e3c15834770ed584ebcf1044cddd0f3c01105,1575961453877,1575961452
0x67ef09841a8358eeb141dc01fd1e3c15834770ed584ebcf1044cddd0f3c01105,1575961453880,1575961452
0x67ef09841a8358eeb141dc01fd1e3c15834770ed584ebcf1044cddd0f3c01105,1575961453880,1575961452
0x67ef09841a8358eeb141dc01fd1e3c15834770ed584ebcf1044cddd0f3c01105,1575961453881,1575961452
0x67ef09841a8358eeb141dc01fd1e3c15834770ed584ebcf1044cddd0f3c01105,1575961453885,1575961452
0x67ef09841a8358eeb141dc01fd1e3c15834770ed584ebcf1044cddd0f3c01105,1575961453885,1575961452
0x67ef09841a8358eeb141dc01fd1e3c15834770ed584ebcf1044cddd0f3c01105,1575961453886,1575961452
0x67ef09841a8358eeb141dc01fd1e3c15834770ed584ebcf1044cddd0f3c01105,1575961453887,1575961452
0x67ef09841a8358eeb141dc01fd1e3c15834770ed584ebcf1044cddd0f3c01105,1575961453887,1575961452
0x67ef09841a8358eeb141dc01fd1e3c15834770ed584ebcf1044cddd0f3c01105,1575961453887,1575961452
0x67ef09841a8358eeb141dc01fd1e3c15834770ed584ebcf1044cddd0f3c01105,1575961453888,1575961452
0x67ef09841a8358eeb141dc01fd1e3c15834770ed584ebcf1044cddd0f3c01105,1575961453888,1575961452
0x67ef09841a8358eeb141dc01fd1e3c15834770ed584ebcf1044cddd0f3c01105,1575961453888,1575961452
0x67ef09841a8358eeb141dc01fd1e3c15834770ed584ebcf1044cddd0f3c01105,1575961453889,1575961452
0x67ef09841a8358eeb141dc01fd1e3c15834770ed584ebcf1044cddd0f3c01105,1575961453889,1575961452
0x67ef09841a8358eeb141dc01fd1e3c15834770ed584ebcf1044cddd0f3c01105,1575961453889,1575961452
0x67ef09841a8358eeb141dc01fd1e3c15834770ed584ebcf1044cddd0f3c01105,1575961453890,1575961452
0x67ef09841a8358eeb141dc01fd1e3c15834770ed584ebcf1044cddd0f3c01105,1575961453890,1575961452
0x67ef09841a8358eeb141dc01fd1e3c15834770ed584ebcf1044cddd0f3c01105,1575961453890,1575961452
0x67ef09841a8358eeb141dc01fd1e3c15834770ed584ebcf1044cddd0f3c01105,1575961453891,1575961452
0x67ef09841a8358eeb141dc01fd1e3c15834770ed584ebcf1044cddd0f3c01105,1575961453891,1575961452
0x67ef09841a8358eeb141dc01fd1e3c15834770ed584ebcf1044cddd0f3c01105,1575961453891,1575961452
0x67ef09841a8358eeb141dc01fd1e3c15834770ed584ebcf1044cddd0f3c01105,1575961453892,1575961452
0x67ef09841a8358eeb141dc01fd1e3c15834770ed584ebcf1044cddd0f3c01105,1575961453892,1575961452
0x67ef09841a8358eeb141dc01fd1e3c15834770ed584ebcf1044cddd0f3c01105,1575961453892,1575961452
0x67ef09841a8358eeb141dc01fd1e3c15834770ed584ebcf1044cddd0f3c01105,1575961453893,1575961452
0x67ef09841a8358eeb141dc01fd1e3c15834770ed584ebcf1044cddd0f3c01105,1575961453893,1575961452
0x67ef09841a8358eeb141dc01fd1e3c15834770ed584ebcf1044cddd0f3c01105,1575961453893,1575961452
0x67ef09841a8358eeb141dc01fd1e3c15834770ed584ebcf1044cddd0f3c01105,1575961453893,1575961452
0x67ef09841a8358eeb141dc01fd1e3c15834770ed584ebcf1044cddd0f3c01105,1575961453894,1575961452
0x67ef09841a8358eeb141dc01fd1e3c15834770ed584ebcf1044cddd0f3c01105,1575961453894,1575961452
0x67ef09841a8358eeb141dc01fd1e3c15834770ed584ebcf1044cddd0f3c01105,1575961453894,1575961452
0x67ef09841a8358eeb141dc01fd1e3c15834770ed584ebcf1044cddd0f3c01105,1575961453894,1575961452
0x67ef09841a8358eeb141dc01fd1e3c15834770ed584ebcf1044cddd0f3c01105,1575961453895,1575961452
0x67ef09841a8358eeb141dc01fd1e3c15834770ed584ebcf1044cddd0f3c01105,1575961453895,1575961452
0x67ef09841a8358eeb141dc01fd1e3c15834770ed584ebcf1044cddd0f3c01105,1575961453895,1575961452
0x67ef09841a8358eeb141dc01fd1e3c15834770ed584ebcf1044cddd0f3c01105,1575961453896,1575961452
0x67ef09841a8358eeb141dc01fd1e3c15834770ed584ebcf1044cddd0f3c01105,1575961453896,1575961452
0x67ef09841a8358eeb141dc01fd1e3c15834770ed584ebcf1044cddd0f3c01105,1575961453897,1575961452
0x67ef09841a8358eeb141dc01fd1e3c15834770ed584ebcf1044cddd0f3c01105,1575961453897,1575961452
0x67ef09841a8358eeb141dc01fd1e3c15834770ed584ebcf1044cddd0f3c01105,1575961453898,1575961452
0x67ef09841a8358eeb141dc01fd1e3c15834770ed584ebcf1044cddd0f3c01105,1575961453898,1575961452
0x67ef09841a8358eeb141dc01fd1e3c15834770ed584ebcf1044cddd0f3c01105,1575961453898,1575961452
0x67ef09841a8358eeb141dc01fd1e3c15834770ed584ebcf1044cddd0f3c01105,1575961453899,1575961452
0x67ef09841a8358eeb141dc01fd1e3c15834770ed584ebcf1044cddd0f3c01105,1575961453899,1575961452
0x67ef09841a8358eeb141dc01fd1e3c15834770ed584ebcf1044cddd0f3c01105,1575961453899,1575961452
0x67ef09841a8358eeb141dc01fd1e3c15834770ed584ebcf1044cddd0f3c01105,1575961453900,1575961452
0x67ef09841a8358eeb141dc01fd1e3c15834770ed584ebcf1044cddd0f3c01105,1575961453900,1575961452
0x67ef09841a8358eeb141dc01fd1e3c15834770ed584ebcf1044cddd0f3c01105,1575961453900,1575961452
0x67ef09841a8358eeb141dc01fd1e3c15834770ed584ebcf1044cddd0f3c01105,1575961453901,1575961452
0x67ef09841a8358eeb141dc01fd1e3c15834770ed584ebcf1044cddd0f3c01105,1575961453901,1575961452
0x67ef09841a8358eeb141dc01fd1e3c15834770ed584ebcf1044cddd0f3c01105,1575961453901,1575961452
0x67ef09841a8358eeb141dc01fd1e3c15834770ed584ebcf1044cddd0f3c01105,1575961453903,1575961452
0x67ef09841a8358eeb141dc01fd1e3c15834770ed584ebcf1044cddd0f3c01105,1575961453904,1575961452
0x67ef09841a8358eeb141dc01fd1e3c15834770ed584ebcf1044cddd0f3c01105,1575961453904,1575961452
0x67ef09841a8358eeb141dc01fd1e3c15834770ed584ebcf1044cddd0f3c01105,1575961453904,1575961452
0x67ef09841a8358eeb141dc01fd1e3c15834770ed584ebcf1044cddd0f3c01105,1575961453905,1575961452
0x67ef09841a8358eeb141dc01fd1e3c15834770ed584ebcf1044cddd0f3c01105,1575961453905,1575961452
0x67ef09841a8358eeb141dc01fd1e3c15834770ed584ebcf1044cddd0f3c01105,1575961453905,1575961452
0x67ef09841a8358eeb141dc01fd1e3c15834770ed584ebcf1044cddd0f3c01105,1575961453906,1575961452
0x67ef09841a8358eeb141dc01fd1e3c15834770ed584ebcf1044cddd0f3c01105,1575961453906,1575961452
0x67ef09841a8358eeb141dc01fd1e3c15834770ed584ebcf1044cddd0f3c01105,1575961453906,1575961452
0x67ef09841a8358eeb141dc01fd1e3c15834770ed584ebcf1044cddd0f3c01105,1575961453906,1575961452
0x67ef09841a8358eeb141dc01fd1e3c15834770ed584ebcf1044cddd0f3c01105,1575961453907,1575961452
0x67ef09841a8358eeb141dc01fd1e3c15834770ed584ebcf1044cddd0f3c01105,1575961453907,1575961452
0x67ef09841a8358eeb141dc01fd1e3c15834770ed584ebcf1044cddd0f3c01105,1575961453907,1575961452
0x67ef09841a8358eeb141dc01fd1e3c15834770ed584ebcf1044cddd0f3c01105,1575961453908,1575961452
0x67ef09841a8358eeb141dc01fd1e3c15834770ed584ebcf1044cddd0f3c01105,1575961453908,1575961452
0x67ef09841a8358eeb141dc01fd1e3c15834770ed584ebcf1044cddd0f3c01105,1575961453909,1575961452
0x67ef09841a8358eeb141dc01fd1e3c15834770ed584ebcf1044cddd0f3c01105,1575961453909,1575961452
0x67ef09841a8358eeb141dc01fd1e3c15834770ed584ebcf1044cddd0f3c01105,1575961453909,1575961452
0x67ef09841a8358eeb141dc01fd1e3c15834770ed584ebcf1044cddd0f3c01105,1575961453910,1575961452
0x67ef09841a8358eeb141dc01fd1e3c15834770ed584ebcf1044cddd0f3c01105,1575961453910,1575961452
0x67ef09841a8358eeb141dc01fd1e3c15834770ed584ebcf1044cddd0f3c01105,1575961453910,1575961452
0x67ef09841a8358eeb141dc01fd1e3c15834770ed584ebcf1044cddd0f3c01105,1575961453910,1575961452
0x67ef09841a8358eeb141dc01fd1e3c15834770ed584ebcf1044cddd0f3c01105,1575961453911,1575961452
0x67ef09841a8358eeb141dc01fd1e3c15834770ed584ebcf1044cddd0f3c01105,1575961453911,1575961452
0x67ef09841a8358eeb141dc01fd1e3c15834770ed584ebcf1044cddd0f3c01105,1575961453911,1575961452
0x67ef09841a8358eeb141dc01fd1e3c15834770ed584ebcf1044cddd0f3c01105,1575961453912,1575961452
0x67ef09841a8358eeb141dc01fd1e3c15834770ed584ebcf1044cddd0f3c01105,1575961453912,1575961452
0x67ef09841a8358eeb141dc01fd1e3c15834770ed584ebcf1044cddd0f3c01105,1575961453912,1575961452
0x67ef09841a8358eeb141dc01fd1e3c15834770ed584ebcf1044cddd0f3c01105,1575961453912,1575961452
0x67ef09841a8358eeb141dc01fd1e3c15834770ed584ebcf1044cddd0f3c01105,1575961453913,1575961452
0x67ef09841a8358eeb141dc01fd1e3c15834770ed584ebcf1044cddd0f3c01105,1575961453913,1575961452
0x67ef09841a8358eeb141dc01fd1e3c15834770ed584ebcf1044cddd0f3c01105,1575961453914,1575961452
0x67ef09841a8358eeb141dc01fd1e3c15834770ed584ebcf1044cddd0f3c01105,1575961453914,1575961452
0x67ef09841a8358eeb141dc01fd1e3c15834770ed584ebcf1044cddd0f3c01105,1575961453915,1575961452
0x67ef09841a8358eeb141dc01fd1e3c15834770ed584ebcf1044cddd0f3c01105,1575961453915,1575961452
0x67ef09841a8358eeb141dc01fd1e3c15834770ed584ebcf1044cddd0f3c01105,1575961453915,1575961452
0x67ef09841a8358eeb141dc01fd1e3c15834770ed584ebcf1044cddd0f3c01105,1575961453916,1575961452
0x67ef09841a8358eeb141dc01fd1e3c15834770ed584ebcf1044cddd0f3c01105,1575961453916,1575961452
0x67ef09841a8358eeb141dc01fd1e3c15834770ed584ebcf1044cddd0f3c01105,1575961453916,1575961452
0x67ef09841a8358eeb141dc01fd1e3c15834770ed584ebcf1044cddd0f3c01105,1575961453917,1575961452
0x67ef09841a8358eeb141dc01fd1e3c15834770ed584ebcf1044cddd0f3c01105,1575961453917,1575961452
0x67ef09841a8358eeb141dc01fd1e3c15834770ed584ebcf1044cddd0f3c01105,1575961453917,1575961452
0x67ef09841a8358eeb141dc01fd1e3c15834770ed584ebcf1044cddd0f3c01105,1575961453917,1575961452
0x67ef09841a8358eeb141dc01fd1e3c15834770ed584ebcf1044cddd0f3c01105,1575961453918,1575961452
0x67ef09841a8358eeb141dc01fd1e3c15834770ed584ebcf1044cddd0f3c01105,1575961453919,1575961452
0x67ef09841a8358eeb141dc01fd1e3c15834770ed584ebcf1044cddd0f3c01105,1575961453919,1575961452
0x67ef09841a8358eeb141dc01fd1e3c15834770ed584ebcf1044cddd0f3c01105,1575961453919,1575961452
0x67ef09841a8358eeb141dc01fd1e3c15834770ed584ebcf1044cddd0f3c01105,1575961453919,1575961452
0x67ef09841a8358eeb141dc01fd1e3c15834770ed584ebcf1044cddd0f3c01105,1575961453920,1575961452
0x67ef09841a8358eeb141dc01fd1e3c15834770ed584ebcf1044cddd0f3c01105,1575961453920,1575961452
0x67ef09841a8358eeb141dc01fd1e3c15834770ed584ebcf1044cddd0f3c01105,1575961453920,1575961452
0x67ef09841a8358eeb141dc01fd1e3c15834770ed584ebcf1044cddd0f3c01105,1575961453920,1575961452
0x67ef09841a8358eeb141dc01fd1e3c15834770ed584ebcf1044cddd0f3c01105,1575961453921,1575961452
0x67ef09841a8358eeb141dc01fd1e3c15834770ed584ebcf1044cddd0f3c01105,1575961453921,1575961452
0x67ef09841a8358eeb141dc01fd1e3c15834770ed584ebcf1044cddd0f3c01105,1575961453921,1575961452
0x67ef09841a8358eeb141dc01fd1e3c15834770ed584ebcf1044cddd0f3c01105,1575961453922,1575961452
0x67ef09841a8358eeb141dc01fd1e3c15834770ed584ebcf1044cddd0f3c01105,1575961453922,1575961452
0x67ef09841a8358eeb141dc01fd1e3c15834770ed584ebcf1044cddd0f3c01105,1575961453922,1575961452
0x67ef09841a8358eeb141dc01fd1e3c15834770ed584ebcf1044cddd0f3c01105,1575961453922,1575961452
0x67ef09841a8358eeb141dc01fd1e3c15834770ed584ebcf1044cddd0f3c01105,1575961453923,1575961452
0x67ef09841a8358eeb141dc01fd1e3c15834770ed584ebcf1044cddd0f3c01105,1575961453923,1575961452
0x67ef09841a8358eeb141dc01fd1e3c15834770ed584ebcf1044cddd0f3c01105,1575961453924,1575961452
0x67ef09841a8358eeb141dc01fd1e3c15834770ed584ebcf1044cddd0f3c01105,1575961453924,1575961452
0x67ef09841a8358eeb141dc01fd1e3c15834770ed584ebcf1044cddd0f3c01105,1575961453924,1575961452
0x67ef09841a8358eeb141dc01fd1e3c15834770ed584ebcf1044cddd0f3c01105,1575961453924,1575961452
0x67ef09841a8358eeb141dc01fd1e3c15834770ed584ebcf1044cddd0f3c01105,1575961453925,1575961452
0x67ef09841a8358eeb141dc01fd1e3c15834770ed584ebcf1044cddd0f3c01105,1575961453926,1575961452
0x67ef09841a8358eeb141dc01fd1e3c15834770ed584ebcf1044cddd0f3c01105,1575961453926,1575961452
0x67ef09841a8358eeb141dc01fd1e3c15834770ed584ebcf1044cddd0f3c01105,1575961453926,1575961452
0x67ef09841a8358eeb141dc01fd1e3c15834770ed584ebcf1044cddd0f3c01105,1575961453926,1575961452
0x67ef09841a8358eeb141dc01fd1e3c15834770ed584ebcf1044cddd0f3c01105,1575961453927,1575961452
0x67ef09841a8358eeb141dc01fd1e3c15834770ed584ebcf1044cddd0f3c01105,1575961453927,1575961452
0x67ef09841a8358eeb141dc01fd1e3c15834770ed584ebcf1044cddd0f3c01105,1575961453927,1575961452
0x67ef09841a8358eeb141dc01fd1e3c15834770ed584ebcf1044cddd0f3c01105,1575961453928,1575961452
0x67ef09841a8358eeb141dc01fd1e3c15834770ed584ebcf1044cddd0f3c01105,1575961453928,1575961452
0x67ef09841a8358eeb141dc01fd1e3c15834770ed584ebcf1044cddd0f3c01105,1575961453928,1575961452
0x67ef09841a8358eeb141dc01fd1e3c15834770ed584ebcf1044cddd0f3c01105,1575961453929,1575961452
0x67ef09841a8358eeb141dc01fd1e3c15834770ed584ebcf1044cddd0f3c01105,1575961453930,1575961452
0x67ef09841a8358eeb141dc01fd1e3c15834770ed584ebcf1044cddd0f3c01105,1575961453930,1575961452
0x67ef09841a8358eeb141dc01fd1e3c15834770ed584ebcf1044cddd0f3c01105,1575961453930,1575961452
0x67ef09841a8358eeb141dc01fd1e3c15834770ed584ebcf1044cddd0f3c01105,1575961453935,1575961452
0x67ef09841a8358eeb141dc01fd1e3c15834770ed584ebcf1044cddd0f3c01105,1575961453936,1575961452
0x67ef09841a8358eeb141dc01fd1e3c15834770ed584ebcf1044cddd0f3c01105,1575961453936,1575961452
0x67ef09841a8358eeb141dc01fd1e3c15834770ed584ebcf1044cddd0f3c01105,1575961457321,1575961453
0x67ef09841a8358eeb141dc01fd1e3c15834770ed584ebcf1044cddd0f3c01105,1575961457321,1575961453
0x67ef09841a8358eeb141dc01fd1e3c15834770ed584ebcf1044cddd0f3c01105,1575961457322,1575961453
0x67ef09841a8358eeb141dc01fd1e3c15834770ed584ebcf1044cddd0f3c01105,1575961457323,1575961453
0x67ef09841a8358eeb141dc01fd1e3c15834770ed584ebcf1044cddd0f3c01105,1575961457323,1575961453
0x67ef09841a8358eeb141dc01fd1e3c15834770ed584ebcf1044cddd0f3c01105,1575961457323,1575961453
0x67ef09841a8358eeb141dc01fd1e3c15834770ed584ebcf1044cddd0f3c01105,1575961457324,1575961453
0x67ef09841a8358eeb141dc01fd1e3c15834770ed584ebcf1044cddd0f3c01105,1575961457325,1575961453
0x67ef09841a8358eeb141dc01fd1e3c15834770ed584ebcf1044cddd0f3c01105,1575961457325,1575961453
0x67ef09841a8358eeb141dc01fd1e3c15834770ed584ebcf1044cddd0f3c01105,1575961457325,1575961453
0x67ef09841a8358eeb141dc01fd1e3c15834770ed584ebcf1044cddd0f3c01105,1575961457326,1575961453
0x67ef09841a8358eeb141dc01fd1e3c15834770ed584ebcf1044cddd0f3c01105,1575961457326,1575961453
0x67ef09841a8358eeb141dc01fd1e3c15834770ed584ebcf1044cddd0f3c01105,1575961457327,1575961453
0x67ef09841a8358eeb141dc01fd1e3c15834770ed584ebcf1044cddd0f3c01105,1575961457327,1575961453
0x67ef09841a8358eeb141dc01fd1e3c15834770ed584ebcf1044cddd0f3c01105,1575961457327,1575961453
0x67ef09841a8358eeb141dc01fd1e3c15834770ed584ebcf1044cddd0f3c01105,1575961457328,1575961453
0x67ef09841a8358eeb141dc01fd1e3c15834770ed584ebcf1044cddd0f3c01105,1575961457328,1575961453
0x67ef09841a8358eeb141dc01fd1e3c15834770ed584ebcf1044cddd0f3c01105,1575961457328,1575961453
0x67ef09841a8358eeb141dc01fd1e3c15834770ed584ebcf1044cddd0f3c01105,1575961457328,1575961453
0x67ef09841a8358eeb141dc01fd1e3c15834770ed584ebcf1044cddd0f3c01105,1575961457329,1575961453
0x67ef09841a8358eeb141dc01fd1e3c15834770ed584ebcf1044cddd0f3c01105,1575961457329,1575961453
0x67ef09841a8358eeb141dc01fd1e3c15834770ed584ebcf1044cddd0f3c01105,1575961457330,1575961453
0x67ef09841a8358eeb141dc01fd1e3c15834770ed584ebcf1044cddd0f3c01105,1575961457330,1575961453
0x67ef09841a8358eeb141dc01fd1e3c15834770ed584ebcf1044cddd0f3c01105,1575961457331,1575961453
0x67ef09841a8358eeb141dc01fd1e3c15834770ed584ebcf1044cddd0f3c01105,1575961457331,1575961453
0x67ef09841a8358eeb141dc01fd1e3c15834770ed584ebcf1044cddd0f3c01105,1575961457331,1575961453
0x67ef09841a8358eeb141dc01fd1e3c15834770ed584ebcf1044cddd0f3c01105,1575961457331,1575961453
0x67ef09841a8358eeb141dc01fd1e3c15834770ed584ebcf1044cddd0f3c01105,1575961457332,1575961453
0x67ef09841a8358eeb141dc01fd1e3c15834770ed584ebcf1044cddd0f3c01105,1575961457332,1575961453
0x67ef09841a8358eeb141dc01fd1e3c15834770ed584ebcf1044cddd0f3c01105,1575961457333,1575961453
0x67ef09841a8358eeb141dc01fd1e3c15834770ed584ebcf1044cddd0f3c01105,1575961457333,1575961453
0x67ef09841a8358eeb141dc01fd1e3c15834770ed584ebcf1044cddd0f3c01105,1575961457334,1575961453
0x67ef09841a8358eeb141dc01fd1e3c15834770ed584ebcf1044cddd0f3c01105,1575961457334,1575961453
0x67ef09841a8358eeb141dc01fd1e3c15834770ed584ebcf1044cddd0f3c01105,1575961457335,1575961453
0x67ef09841a8358eeb141dc01fd1e3c15834770ed584ebcf1044cddd0f3c01105,1575961457335,1575961453
0x67ef09841a8358eeb141dc01fd1e3c15834770ed584ebcf1044cddd0f3c01105,1575961457336,1575961453
0x67ef09841a8358eeb141dc01fd1e3c15834770ed584ebcf1044cddd0f3c01105,1575961457336,1575961453
0x67ef09841a8358eeb141dc01fd1e3c15834770ed584ebcf1044cddd0f3c01105,1575961457337,1575961453
0x67ef09841a8358eeb141dc01fd1e3c15834770ed584ebcf1044cddd0f3c01105,1575961457337,1575961453
0x67ef09841a8358eeb141dc01fd1e3c15834770ed584ebcf1044cddd0f3c01105,1575961457338,1575961453
0x67ef09841a8358eeb141dc01fd1e3c15834770ed584ebcf1044cddd0f3c01105,1575961457338,1575961453
0x67ef09841a8358eeb141dc01fd1e3c15834770ed584ebcf1044cddd0f3c01105,1575961457338,1575961453
0x67ef09841a8358eeb141dc01fd1e3c15834770ed584ebcf1044cddd0f3c01105,1575961457339,1575961453
0x67ef09841a8358eeb141dc01fd1e3c15834770ed584ebcf1044cddd0f3c01105,1575961457339,1575961453
0x67ef09841a8358eeb141dc01fd1e3c15834770ed584ebcf1044cddd0f3c01105,1575961457339,1575961453
0x67ef09841a8358eeb141dc01fd1e3c15834770ed584ebcf1044cddd0f3c01105,1575961457340,1575961453
0x67ef09841a8358eeb141dc01fd1e3c15834770ed584ebcf1044cddd0f3c01105,1575961457340,1575961453
0x67ef09841a8358eeb141dc01fd1e3c15834770ed584ebcf1044cddd0f3c01105,1575961457340,1575961453
0x67ef09841a8358eeb141dc01fd1e3c15834770ed584ebcf1044cddd0f3c01105,1575961457341,1575961453
0x67ef09841a8358eeb141dc01fd1e3c15834770ed584ebcf1044cddd0f3c01105,1575961457341,1575961453
0x67ef09841a8358eeb141dc01fd1e3c15834770ed584ebcf1044cddd0f3c01105,1575961457341,1575961453
0x67ef09841a8358eeb141dc01fd1e3c15834770ed584ebcf1044cddd0f3c01105,1575961457342,1575961453
0x67ef09841a8358eeb141dc01fd1e3c15834770ed584ebcf1044cddd0f3c01105,1575961457342,1575961453
0x67ef09841a8358eeb141dc01fd1e3c15834770ed584ebcf1044cddd0f3c01105,1575961457342,1575961453
0x67ef09841a8358eeb141dc01fd1e3c15834770ed584ebcf1044cddd0f3c01105,1575961457342,1575961453
0x67ef09841a8358eeb141dc01fd1e3c15834770ed584ebcf1044cddd0f3c01105,1575961457343,1575961453
0x67ef09841a8358eeb141dc01fd1e3c15834770ed584ebcf1044cddd0f3c01105,1575961457343,1575961453
0x67ef09841a8358eeb141dc01fd1e3c15834770ed584ebcf1044cddd0f3c01105,1575961457344,1575961453
0x67ef09841a8358eeb141dc01fd1e3c15834770ed584ebcf1044cddd0f3c01105,1575961457344,1575961453
0x67ef09841a8358eeb141dc01fd1e3c15834770ed584ebcf1044cddd0f3c01105,1575961457344,1575961453
0x67ef09841a8358eeb141dc01fd1e3c15834770ed584ebcf1044cddd0f3c01105,1575961457345,1575961453
0x67ef09841a8358eeb141dc01fd1e3c15834770ed584ebcf1044cddd0f3c01105,1575961457345,1575961453
0x67ef09841a8358eeb141dc01fd1e3c15834770ed584ebcf1044cddd0f3c01105,1575961457345,1575961453
0x67ef09841a8358eeb141dc01fd1e3c15834770ed584ebcf1044cddd0f3c01105,1575961457346,1575961453
0x67ef09841a8358eeb141dc01fd1e3c15834770ed584ebcf1044cddd0f3c01105,1575961457346,1575961453
0x67ef09841a8358eeb141dc01fd1e3c15834770ed584ebcf1044cddd0f3c01105,1575961457346,1575961453
0x67ef09841a8358eeb141dc01fd1e3c15834770ed584ebcf1044cddd0f3c01105,1575961457347,1575961453
0x67ef09841a8358eeb141dc01fd1e3c15834770ed584ebcf1044cddd0f3c01105,1575961457347,1575961453
0x67ef09841a8358eeb141dc01fd1e3c15834770ed584ebcf1044cddd0f3c01105,1575961457348,1575961453
0x67ef09841a8358eeb141dc01fd1e3c15834770ed584ebcf1044cddd0f3c01105,1575961457348,1575961453
0x67ef09841a8358eeb141dc01fd1e3c15834770ed584ebcf1044cddd0f3c01105,1575961457348,1575961453
0x67ef09841a8358eeb141dc01fd1e3c15834770ed584ebcf1044cddd0f3c01105,1575961457349,1575961453
0x67ef09841a8358eeb141dc01fd1e3c15834770ed584ebcf1044cddd0f3c01105,1575961457349,1575961453
0x67ef09841a8358eeb141dc01fd1e3c15834770ed584ebcf1044cddd0f3c01105,1575961457349,1575961453
0x67ef09841a8358eeb141dc01fd1e3c15834770ed584ebcf1044cddd0f3c01105,1575961457350,1575961453
0x67ef09841a8358eeb141dc01fd1e3c15834770ed584ebcf1044cddd0f3c01105,1575961457350,1575961453
0x67ef09841a8358eeb141dc01fd1e3c15834770ed584ebcf1044cddd0f3c01105,1575961457351,1575961453
0x67ef09841a8358eeb141dc01fd1e3c15834770ed584ebcf1044cddd0f3c01105,1575961457351,1575961453
0x67ef09841a8358eeb141dc01fd1e3c15834770ed584ebcf1044cddd0f3c01105,1575961457351,1575961453
0x67ef09841a8358eeb141dc01fd1e3c15834770ed584ebcf1044cddd0f3c01105,1575961457352,1575961453
0x67ef09841a8358eeb141dc01fd1e3c15834770ed584ebcf1044cddd0f3c01105,1575961457352,1575961453
0x67ef09841a8358eeb141dc01fd1e3c15834770ed584ebcf1044cddd0f3c01105,1575961457352,1575961453
0x67ef09841a8358eeb141dc01fd1e3c15834770ed584ebcf1044cddd0f3c01105,1575961457353,1575961453
0x67ef09841a8358eeb141dc01fd1e3c15834770ed584ebcf1044cddd0f3c01105,1575961457353,1575961453
0x67ef09841a8358eeb141dc01fd1e3c15834770ed584ebcf1044cddd0f3c01105,1575961457353,1575961453
0x67ef09841a8358eeb141dc01fd1e3c15834770ed584ebcf1044cddd0f3c01105,1575961457354,1575961453
0x67ef09841a8358eeb141dc01fd1e3c15834770ed584ebcf1044cddd0f3c01105,1575961457354,1575961453
0x67ef09841a8358eeb141dc01fd1e3c15834770ed584ebcf1044cddd0f3c01105,1575961457355,1575961453
0x67ef09841a8358eeb141dc01fd1e3c15834770ed584ebcf1044cddd0f3c01105,1575961457355,1575961453
0x67ef09841a8358eeb141dc01fd1e3c15834770ed584ebcf1044cddd0f3c01105,1575961457355,1575961453
0x67ef09841a8358eeb141dc01fd1e3c15834770ed584ebcf1044cddd0f3c01105,1575961457355,1575961453
0x67ef09841a8358eeb141dc01fd1e3c15834770ed584ebcf1044cddd0f3c01105,1575961457356,1575961453
0x67ef09841a8358eeb141dc01fd1e3c15834770ed584ebcf1044cddd0f3c01105,1575961457356,1575961453
0x67ef09841a8358eeb141dc01fd1e3c15834770ed584ebcf1044cddd0f3c01105,1575961457357,1575961453
0x67ef09841a8358eeb141dc01fd1e3c15834770ed584ebcf1044cddd0f3c01105,1575961457357,1575961453
0x67ef09841a8358eeb141dc01fd1e3c15834770ed584ebcf1044cddd0f3c01105,1575961457357,1575961453
0x67ef09841a8358eeb141dc01fd1e3c15834770ed584ebcf1044cddd0f3c01105,1575961457358,1575961453
0x67ef09841a8358eeb141dc01fd1e3c15834770ed584ebcf1044cddd0f3c01105,1575961457358,1575961453
0x67ef09841a8358eeb141dc01fd1e3c15834770ed584ebcf1044cddd0f3c01105,1575961457359,1575961453
0x67ef09841a8358eeb141dc01fd1e3c15834770ed584ebcf1044cddd0f3c01105,1575961457359,1575961453
0x67ef09841a8358eeb141dc01fd1e3c15834770ed584ebcf1044cddd0f3c01105,1575961457359,1575961453
0x67ef09841a8358eeb141dc01fd1e3c15834770ed584ebcf1044cddd0f3c01105,1575961457360,1575961453
0x67ef09841a8358eeb141dc01fd1e3c15834770ed584ebcf1044cddd0f3c01105,1575961457360,1575961453
0x67ef09841a8358eeb141dc01fd1e3c15834770ed584ebcf1044cddd0f3c01105,1575961457360,1575961453
0x67ef09841a8358eeb141dc01fd1e3c15834770ed584ebcf1044cddd0f3c01105,1575961457361,1575961453
0x67ef09841a8358eeb141dc01fd1e3c15834770ed584ebcf1044cddd0f3c01105,1575961457361,1575961453
0x67ef09841a8358eeb141dc01fd1e3c15834770ed584ebcf1044cddd0f3c01105,1575961457361,1575961453
0x67ef09841a8358eeb141dc01fd1e3c15834770ed584ebcf1044cddd0f3c01105,1575961457362,1575961453
0x67ef09841a8358eeb141dc01fd1e3c15834770ed584ebcf1044cddd0f3c01105,1575961457362,1575961453
0x67ef09841a8358eeb141dc01fd1e3c15834770ed584ebcf1044cddd0f3c01105,1575961457362,1575961453
0x67ef09841a8358eeb141dc01fd1e3c15834770ed584ebcf1044cddd0f3c01105,1575961457363,1575961453
0x67ef09841a8358eeb141dc01fd1e3c15834770ed584ebcf1044cddd0f3c01105,1575961457363,1575961453
0x67ef09841a8358eeb141dc01fd1e3c15834770ed584ebcf1044cddd0f3c01105,1575961457363,1575961453
0x67ef09841a8358eeb141dc01fd1e3c15834770ed584ebcf1044cddd0f3c01105,1575961457364,1575961453
0x67ef09841a8358eeb141dc01fd1e3c15834770ed584ebcf1044cddd0f3c01105,1575961457364,1575961453
0x67ef09841a8358eeb141dc01fd1e3c15834770ed584ebcf1044cddd0f3c01105,1575961457364,1575961453
0x67ef09841a8358eeb141dc01fd1e3c15834770ed584ebcf1044cddd0f3c01105,1575961457365,1575961453
0x67ef09841a8358eeb141dc01fd1e3c15834770ed584ebcf1044cddd0f3c01105,1575961457365,1575961453
0x67ef09841a8358eeb141dc01fd1e3c15834770ed584ebcf1044cddd0f3c01105,1575961457365,1575961453
0x67ef09841a8358eeb141dc01fd1e3c15834770ed584ebcf1044cddd0f3c01105,1575961457366,1575961453
0x67ef09841a8358eeb141dc01fd1e3c15834770ed584ebcf1044cddd0f3c01105,1575961457367,1575961453
0x67ef09841a8358eeb141dc01fd1e3c15834770ed584ebcf1044cddd0f3c01105,1575961457367,1575961453
0x67ef09841a8358eeb141dc01fd1e3c15834770ed584ebcf1044cddd0f3c01105,1575961457367,1575961453
0x67ef09841a8358eeb141dc01fd1e3c15834770ed584ebcf1044cddd0f3c01105,1575961457368,1575961453
0x67ef09841a8358eeb141dc01fd1e3c15834770ed584ebcf1044cddd0f3c01105,1575961457368,1575961453
0x67ef09841a8358eeb141dc01fd1e3c15834770ed584ebcf1044cddd0f3c01105,1575961457368,1575961453
0x67ef09841a8358eeb141dc01fd1e3c15834770ed584ebcf1044cddd0f3c01105,1575961457368,1575961453
0x67ef09841a8358eeb141dc01fd1e3c15834770ed584ebcf1044cddd0f3c01105,1575961457369,1575961453
0x67ef09841a8358eeb141dc01fd1e3c15834770ed584ebcf1044cddd0f3c01105,1575961457370,1575961453
0x67ef09841a8358eeb141dc01fd1e3c15834770ed584ebcf1044cddd0f3c01105,1575961457370,1575961453
0x67ef09841a8358eeb141dc01fd1e3c15834770ed584ebcf1044cddd0f3c01105,1575961457371,1575961453
0x67ef09841a8358eeb141dc01fd1e3c15834770ed584ebcf1044cddd0f3c01105,1575961457371,1575961453
0x67ef09841a8358eeb141dc01fd1e3c15834770ed584ebcf1044cddd0f3c01105,1575961457371,1575961453
0x67ef09841a8358eeb141dc01fd1e3c15834770ed584ebcf1044cddd0f3c01105,1575961457372,1575961453
0x67ef09841a8358eeb141dc01fd1e3c15834770ed584ebcf1044cddd0f3c01105,1575961457372,1575961453
0x67ef09841a8358eeb141dc01fd1e3c15834770ed584ebcf1044cddd0f3c01105,1575961457372,1575961453
0x67ef09841a8358eeb141dc01fd1e3c15834770ed584ebcf1044cddd0f3c01105,1575961457373,1575961453
0x67ef09841a8358eeb141dc01fd1e3c15834770ed584ebcf1044cddd0f3c01105,1575961457373,1575961453
0x67ef09841a8358eeb141dc01fd1e3c15834770ed584ebcf1044cddd0f3c01105,1575961457373,1575961453
0x67ef09841a8358eeb141dc01fd1e3c15834770ed584ebcf1044cddd0f3c01105,1575961457374,1575961453
0x67ef09841a8358eeb141dc01fd1e3c15834770ed584ebcf1044cddd0f3c01105,1575961457374,1575961453
0x67ef09841a8358eeb141dc01fd1e3c15834770ed584ebcf1044cddd0f3c01105,1575961457374,1575961453
0x67ef09841a8358eeb141dc01fd1e3c15834770ed584ebcf1044cddd0f3c01105,1575961457375,1575961453
0x67ef09841a8358eeb141dc01fd1e3c15834770ed584ebcf1044cddd0f3c01105,1575961457375,1575961453
0x67ef09841a8358eeb141dc01fd1e3c15834770ed584ebcf1044cddd0f3c01105,1575961457376,1575961453
0x67ef09841a8358eeb141dc01fd1e3c15834770ed584ebcf1044cddd0f3c01105,1575961457376,1575961453
0x67ef09841a8358eeb141dc01fd1e3c15834770ed584ebcf1044cddd0f3c01105,1575961457376,1575961453
0x67ef09841a8358eeb141dc01fd1e3c15834770ed584ebcf1044cddd0f3c01105,1575961457377,1575961453
