0x9c9817109404c0a67f353fcb1cd2a85652a0c2e937e145c05e5935572c81bfab,1575961526225,1575961506
0x9c9817109404c0a67f353fcb1cd2a85652a0c2e937e145c05e5935572c81bfab,1575961526225,1575961506
0x9c9817109404c0a67f353fcb1cd2a85652a0c2e937e145c05e5935572c81bfab,1575961526226,1575961506
0x9c9817109404c0a67f353fcb1cd2a85652a0c2e937e145c05e5935572c81bfab,1575961526226,1575961506
0x9c9817109404c0a67f353fcb1cd2a85652a0c2e937e145c05e5935572c81bfab,1575961526226,1575961506
0x9c9817109404c0a67f353fcb1cd2a85652a0c2e937e145c05e5935572c81bfab,1575961526227,1575961506
0x9c9817109404c0a67f353fcb1cd2a85652a0c2e937e145c05e5935572c81bfab,1575961526228,1575961506
0x9c9817109404c0a67f353fcb1cd2a85652a0c2e937e145c05e5935572c81bfab,1575961526228,1575961506
0x9c9817109404c0a67f353fcb1cd2a85652a0c2e937e145c05e5935572c81bfab,1575961526228,1575961506
0x9c9817109404c0a67f353fcb1cd2a85652a0c2e937e145c05e5935572c81bfab,1575961526228,1575961506
0x9c9817109404c0a67f353fcb1cd2a85652a0c2e937e145c05e5935572c81bfab,1575961526229,1575961506
0x9c9817109404c0a67f353fcb1cd2a85652a0c2e937e145c05e5935572c81bfab,1575961526229,1575961506
0x9c9817109404c0a67f353fcb1cd2a85652a0c2e937e145c05e5935572c81bfab,1575961526229,1575961506
0x9c9817109404c0a67f353fcb1cd2a85652a0c2e937e145c05e5935572c81bfab,1575961526230,1575961506
0x9c9817109404c0a67f353fcb1cd2a85652a0c2e937e145c05e5935572c81bfab,1575961526230,1575961506
0x9c9817109404c0a67f353fcb1cd2a85652a0c2e937e145c05e5935572c81bfab,1575961526230,1575961506
0x9c9817109404c0a67f353fcb1cd2a85652a0c2e937e145c05e5935572c81bfab,1575961526230,1575961506
0x9c9817109404c0a67f353fcb1cd2a85652a0c2e937e145c05e5935572c81bfab,1575961526230,1575961506
0x9c9817109404c0a67f353fcb1cd2a85652a0c2e937e145c05e5935572c81bfab,1575961526231,1575961506
0x9c9817109404c0a67f353fcb1cd2a85652a0c2e937e145c05e5935572c81bfab,1575961526231,1575961506
0x9c9817109404c0a67f353fcb1cd2a85652a0c2e937e145c05e5935572c81bfab,1575961526232,1575961506
0x9c9817109404c0a67f353fcb1cd2a85652a0c2e937e145c05e5935572c81bfab,1575961526232,1575961506
0x9c9817109404c0a67f353fcb1cd2a85652a0c2e937e145c05e5935572c81bfab,1575961526232,1575961506
0x9c9817109404c0a67f353fcb1cd2a85652a0c2e937e145c05e5935572c81bfab,1575961526233,1575961506
0x9c9817109404c0a67f353fcb1cd2a85652a0c2e937e145c05e5935572c81bfab,1575961526233,1575961506
0x9c9817109404c0a67f353fcb1cd2a85652a0c2e937e145c05e5935572c81bfab,1575961526233,1575961506
0x9c9817109404c0a67f353fcb1cd2a85652a0c2e937e145c05e5935572c81bfab,1575961526233,1575961506
0x9c9817109404c0a67f353fcb1cd2a85652a0c2e937e145c05e5935572c81bfab,1575961526234,1575961506
0x9c9817109404c0a67f353fcb1cd2a85652a0c2e937e145c05e5935572c81bfab,1575961526234,1575961506
0x9c9817109404c0a67f353fcb1cd2a85652a0c2e937e145c05e5935572c81bfab,1575961526234,1575961506
0x9c9817109404c0a67f353fcb1cd2a85652a0c2e937e145c05e5935572c81bfab,1575961526234,1575961506
0x9c9817109404c0a67f353fcb1cd2a85652a0c2e937e145c05e5935572c81bfab,1575961526235,1575961506
0x9c9817109404c0a67f353fcb1cd2a85652a0c2e937e145c05e5935572c81bfab,1575961526235,1575961506
0x9c9817109404c0a67f353fcb1cd2a85652a0c2e937e145c05e5935572c81bfab,1575961526235,1575961506
0x9c9817109404c0a67f353fcb1cd2a85652a0c2e937e145c05e5935572c81bfab,1575961526236,1575961506
0x9c9817109404c0a67f353fcb1cd2a85652a0c2e937e145c05e5935572c81bfab,1575961526237,1575961506
0x9c9817109404c0a67f353fcb1cd2a85652a0c2e937e145c05e5935572c81bfab,1575961526237,1575961506
0x9c9817109404c0a67f353fcb1cd2a85652a0c2e937e145c05e5935572c81bfab,1575961526237,1575961506
0x9c9817109404c0a67f353fcb1cd2a85652a0c2e937e145c05e5935572c81bfab,1575961526238,1575961506
0x9c9817109404c0a67f353fcb1cd2a85652a0c2e937e145c05e5935572c81bfab,1575961526238,1575961506
0x9c9817109404c0a67f353fcb1cd2a85652a0c2e937e145c05e5935572c81bfab,1575961526238,1575961506
0x9c9817109404c0a67f353fcb1cd2a85652a0c2e937e145c05e5935572c81bfab,1575961526239,1575961506
0x9c9817109404c0a67f353fcb1cd2a85652a0c2e937e145c05e5935572c81bfab,1575961526239,1575961506
0x9c9817109404c0a67f353fcb1cd2a85652a0c2e937e145c05e5935572c81bfab,1575961526239,1575961506
0x9c9817109404c0a67f353fcb1cd2a85652a0c2e937e145c05e5935572c81bfab,1575961526239,1575961506
0x9c9817109404c0a67f353fcb1cd2a85652a0c2e937e145c05e5935572c81bfab,1575961526240,1575961506
0x9c9817109404c0a67f353fcb1cd2a85652a0c2e937e145c05e5935572c81bfab,1575961526240,1575961506
0x9c9817109404c0a67f353fcb1cd2a85652a0c2e937e145c05e5935572c81bfab,1575961526240,1575961506
0x9c9817109404c0a67f353fcb1cd2a85652a0c2e937e145c05e5935572c81bfab,1575961526240,1575961506
0x9c9817109404c0a67f353fcb1cd2a85652a0c2e937e145c05e5935572c81bfab,1575961526241,1575961506
0x9c9817109404c0a67f353fcb1cd2a85652a0c2e937e145c05e5935572c81bfab,1575961526241,1575961506
0x9c9817109404c0a67f353fcb1cd2a85652a0c2e937e145c05e5935572c81bfab,1575961526242,1575961506
0x9c9817109404c0a67f353fcb1cd2a85652a0c2e937e145c05e5935572c81bfab,1575961526242,1575961506
0x9c9817109404c0a67f353fcb1cd2a85652a0c2e937e145c05e5935572c81bfab,1575961526242,1575961506
0x9c9817109404c0a67f353fcb1cd2a85652a0c2e937e145c05e5935572c81bfab,1575961526242,1575961506
0x9c9817109404c0a67f353fcb1cd2a85652a0c2e937e145c05e5935572c81bfab,1575961526243,1575961506
0x9c9817109404c0a67f353fcb1cd2a85652a0c2e937e145c05e5935572c81bfab,1575961526243,1575961506
0x9c9817109404c0a67f353fcb1cd2a85652a0c2e937e145c05e5935572c81bfab,1575961526243,1575961506
0x9c9817109404c0a67f353fcb1cd2a85652a0c2e937e145c05e5935572c81bfab,1575961526243,1575961506
0x9c9817109404c0a67f353fcb1cd2a85652a0c2e937e145c05e5935572c81bfab,1575961526244,1575961506
0x9c9817109404c0a67f353fcb1cd2a85652a0c2e937e145c05e5935572c81bfab,1575961526244,1575961506
0x9c9817109404c0a67f353fcb1cd2a85652a0c2e937e145c05e5935572c81bfab,1575961526244,1575961506
0x9c9817109404c0a67f353fcb1cd2a85652a0c2e937e145c05e5935572c81bfab,1575961526244,1575961506
0x9c9817109404c0a67f353fcb1cd2a85652a0c2e937e145c05e5935572c81bfab,1575961526245,1575961506
0x9c9817109404c0a67f353fcb1cd2a85652a0c2e937e145c05e5935572c81bfab,1575961526245,1575961506
0x9c9817109404c0a67f353fcb1cd2a85652a0c2e937e145c05e5935572c81bfab,1575961526245,1575961506
0x9c9817109404c0a67f353fcb1cd2a85652a0c2e937e145c05e5935572c81bfab,1575961526246,1575961506
0x9c9817109404c0a67f353fcb1cd2a85652a0c2e937e145c05e5935572c81bfab,1575961526248,1575961506
0x9c9817109404c0a67f353fcb1cd2a85652a0c2e937e145c05e5935572c81bfab,1575961526248,1575961506
0x9c9817109404c0a67f353fcb1cd2a85652a0c2e937e145c05e5935572c81bfab,1575961526248,1575961506
0x9c9817109404c0a67f353fcb1cd2a85652a0c2e937e145c05e5935572c81bfab,1575961526248,1575961506
0x9c9817109404c0a67f353fcb1cd2a85652a0c2e937e145c05e5935572c81bfab,1575961526249,1575961506
0x9c9817109404c0a67f353fcb1cd2a85652a0c2e937e145c05e5935572c81bfab,1575961526249,1575961506
0x9c9817109404c0a67f353fcb1cd2a85652a0c2e937e145c05e5935572c81bfab,1575961526249,1575961506
0x9c9817109404c0a67f353fcb1cd2a85652a0c2e937e145c05e5935572c81bfab,1575961526249,1575961506
0x9c9817109404c0a67f353fcb1cd2a85652a0c2e937e145c05e5935572c81bfab,1575961526250,1575961506
0x9c9817109404c0a67f353fcb1cd2a85652a0c2e937e145c05e5935572c81bfab,1575961526250,1575961506
0x9c9817109404c0a67f353fcb1cd2a85652a0c2e937e145c05e5935572c81bfab,1575961526250,1575961506
0x9c9817109404c0a67f353fcb1cd2a85652a0c2e937e145c05e5935572c81bfab,1575961526251,1575961506
0x9c9817109404c0a67f353fcb1cd2a85652a0c2e937e145c05e5935572c81bfab,1575961526251,1575961506
0x9c9817109404c0a67f353fcb1cd2a85652a0c2e937e145c05e5935572c81bfab,1575961526251,1575961506
0x9c9817109404c0a67f353fcb1cd2a85652a0c2e937e145c05e5935572c81bfab,1575961526252,1575961506
0x9c9817109404c0a67f353fcb1cd2a85652a0c2e937e145c05e5935572c81bfab,1575961526252,1575961506
0x9c9817109404c0a67f353fcb1cd2a85652a0c2e937e145c05e5935572c81bfab,1575961526253,1575961506
0x9c9817109404c0a67f353fcb1cd2a85652a0c2e937e145c05e5935572c81bfab,1575961526253,1575961506
0x9c9817109404c0a67f353fcb1cd2a85652a0c2e937e145c05e5935572c81bfab,1575961526253,1575961506
0x9c9817109404c0a67f353fcb1cd2a85652a0c2e937e145c05e5935572c81bfab,1575961526253,1575961506
0x9c9817109404c0a67f353fcb1cd2a85652a0c2e937e145c05e5935572c81bfab,1575961526254,1575961506
0x9c9817109404c0a67f353fcb1cd2a85652a0c2e937e145c05e5935572c81bfab,1575961526254,1575961506
0x9c9817109404c0a67f353fcb1cd2a85652a0c2e937e145c05e5935572c81bfab,1575961526254,1575961506
0x9c9817109404c0a67f353fcb1cd2a85652a0c2e937e145c05e5935572c81bfab,1575961526255,1575961506
0x9c9817109404c0a67f353fcb1cd2a85652a0c2e937e145c05e5935572c81bfab,1575961526255,1575961506
0x9c9817109404c0a67f353fcb1cd2a85652a0c2e937e145c05e5935572c81bfab,1575961526255,1575961506
0x9c9817109404c0a67f353fcb1cd2a85652a0c2e937e145c05e5935572c81bfab,1575961526255,1575961506
0x9c9817109404c0a67f353fcb1cd2a85652a0c2e937e145c05e5935572c81bfab,1575961526256,1575961506
0x9c9817109404c0a67f353fcb1cd2a85652a0c2e937e145c05e5935572c81bfab,1575961526256,1575961506
0x9c9817109404c0a67f353fcb1cd2a85652a0c2e937e145c05e5935572c81bfab,1575961526257,1575961506
0x9c9817109404c0a67f353fcb1cd2a85652a0c2e937e145c05e5935572c81bfab,1575961526257,1575961506
0x9c9817109404c0a67f353fcb1cd2a85652a0c2e937e145c05e5935572c81bfab,1575961526257,1575961506
0x9c9817109404c0a67f353fcb1cd2a85652a0c2e937e145c05e5935572c81bfab,1575961526258,1575961506
0x9c9817109404c0a67f353fcb1cd2a85652a0c2e937e145c05e5935572c81bfab,1575961526258,1575961506
0x9c9817109404c0a67f353fcb1cd2a85652a0c2e937e145c05e5935572c81bfab,1575961526258,1575961506
0x9c9817109404c0a67f353fcb1cd2a85652a0c2e937e145c05e5935572c81bfab,1575961526258,1575961506
0x9c9817109404c0a67f353fcb1cd2a85652a0c2e937e145c05e5935572c81bfab,1575961526259,1575961506
0x9c9817109404c0a67f353fcb1cd2a85652a0c2e937e145c05e5935572c81bfab,1575961526259,1575961506
0x9c9817109404c0a67f353fcb1cd2a85652a0c2e937e145c05e5935572c81bfab,1575961526259,1575961506
0x9c9817109404c0a67f353fcb1cd2a85652a0c2e937e145c05e5935572c81bfab,1575961526259,1575961506
0x9c9817109404c0a67f353fcb1cd2a85652a0c2e937e145c05e5935572c81bfab,1575961526260,1575961506
0x9c9817109404c0a67f353fcb1cd2a85652a0c2e937e145c05e5935572c81bfab,1575961526260,1575961506
0x9c9817109404c0a67f353fcb1cd2a85652a0c2e937e145c05e5935572c81bfab,1575961526260,1575961506
0x9c9817109404c0a67f353fcb1cd2a85652a0c2e937e145c05e5935572c81bfab,1575961526260,1575961506
0x9c9817109404c0a67f353fcb1cd2a85652a0c2e937e145c05e5935572c81bfab,1575961526261,1575961506
0x9c9817109404c0a67f353fcb1cd2a85652a0c2e937e145c05e5935572c81bfab,1575961526262,1575961506
0x9c9817109404c0a67f353fcb1cd2a85652a0c2e937e145c05e5935572c81bfab,1575961526262,1575961506
0x9c9817109404c0a67f353fcb1cd2a85652a0c2e937e145c05e5935572c81bfab,1575961526262,1575961506
0x9c9817109404c0a67f353fcb1cd2a85652a0c2e937e145c05e5935572c81bfab,1575961526263,1575961506
0x9c9817109404c0a67f353fcb1cd2a85652a0c2e937e145c05e5935572c81bfab,1575961526263,1575961506
0x9c9817109404c0a67f353fcb1cd2a85652a0c2e937e145c05e5935572c81bfab,1575961526263,1575961506
0x9c9817109404c0a67f353fcb1cd2a85652a0c2e937e145c05e5935572c81bfab,1575961526263,1575961506
0x9c9817109404c0a67f353fcb1cd2a85652a0c2e937e145c05e5935572c81bfab,1575961526264,1575961506
0x9c9817109404c0a67f353fcb1cd2a85652a0c2e937e145c05e5935572c81bfab,1575961526264,1575961506
0x9c9817109404c0a67f353fcb1cd2a85652a0c2e937e145c05e5935572c81bfab,1575961526264,1575961506
0x9c9817109404c0a67f353fcb1cd2a85652a0c2e937e145c05e5935572c81bfab,1575961526264,1575961506
0x9c9817109404c0a67f353fcb1cd2a85652a0c2e937e145c05e5935572c81bfab,1575961526265,1575961506
0x9c9817109404c0a67f353fcb1cd2a85652a0c2e937e145c05e5935572c81bfab,1575961526265,1575961506
0x9c9817109404c0a67f353fcb1cd2a85652a0c2e937e145c05e5935572c81bfab,1575961526265,1575961506
0x9c9817109404c0a67f353fcb1cd2a85652a0c2e937e145c05e5935572c81bfab,1575961526266,1575961506
0x9c9817109404c0a67f353fcb1cd2a85652a0c2e937e145c05e5935572c81bfab,1575961526266,1575961506
0x9c9817109404c0a67f353fcb1cd2a85652a0c2e937e145c05e5935572c81bfab,1575961526266,1575961506
0x9c9817109404c0a67f353fcb1cd2a85652a0c2e937e145c05e5935572c81bfab,1575961526267,1575961506
0x9c9817109404c0a67f353fcb1cd2a85652a0c2e937e145c05e5935572c81bfab,1575961526267,1575961506
0x9c9817109404c0a67f353fcb1cd2a85652a0c2e937e145c05e5935572c81bfab,1575961526267,1575961506
0x9c9817109404c0a67f353fcb1cd2a85652a0c2e937e145c05e5935572c81bfab,1575961526268,1575961506
0x9c9817109404c0a67f353fcb1cd2a85652a0c2e937e145c05e5935572c81bfab,1575961526268,1575961506
0x9c9817109404c0a67f353fcb1cd2a85652a0c2e937e145c05e5935572c81bfab,1575961526268,1575961506
0x9c9817109404c0a67f353fcb1cd2a85652a0c2e937e145c05e5935572c81bfab,1575961526269,1575961506
0x9c9817109404c0a67f353fcb1cd2a85652a0c2e937e145c05e5935572c81bfab,1575961526269,1575961506
0x9c9817109404c0a67f353fcb1cd2a85652a0c2e937e145c05e5935572c81bfab,1575961526269,1575961506
0x9c9817109404c0a67f353fcb1cd2a85652a0c2e937e145c05e5935572c81bfab,1575961526269,1575961506
0x9c9817109404c0a67f353fcb1cd2a85652a0c2e937e145c05e5935572c81bfab,1575961526270,1575961506
0x9c9817109404c0a67f353fcb1cd2a85652a0c2e937e145c05e5935572c81bfab,1575961526270,1575961506
0x9c9817109404c0a67f353fcb1cd2a85652a0c2e937e145c05e5935572c81bfab,1575961526270,1575961506
0x9c9817109404c0a67f353fcb1cd2a85652a0c2e937e145c05e5935572c81bfab,1575961526271,1575961506
0x9c9817109404c0a67f353fcb1cd2a85652a0c2e937e145c05e5935572c81bfab,1575961526271,1575961506
0x9c9817109404c0a67f353fcb1cd2a85652a0c2e937e145c05e5935572c81bfab,1575961526271,1575961506
0x9c9817109404c0a67f353fcb1cd2a85652a0c2e937e145c05e5935572c81bfab,1575961526272,1575961506
0x9c9817109404c0a67f353fcb1cd2a85652a0c2e937e145c05e5935572c81bfab,1575961526272,1575961506
0x9c9817109404c0a67f353fcb1cd2a85652a0c2e937e145c05e5935572c81bfab,1575961526272,1575961506
0x9c9817109404c0a67f353fcb1cd2a85652a0c2e937e145c05e5935572c81bfab,1575961526272,1575961506
0x9c9817109404c0a67f353fcb1cd2a85652a0c2e937e145c05e5935572c81bfab,1575961526273,1575961506
0x9c9817109404c0a67f353fcb1cd2a85652a0c2e937e145c05e5935572c81bfab,1575961526273,1575961506
0x9c9817109404c0a67f353fcb1cd2a85652a0c2e937e145c05e5935572c81bfab,1575961526273,1575961506
0x9c9817109404c0a67f353fcb1cd2a85652a0c2e937e145c05e5935572c81bfab,1575961526274,1575961506
0x9c9817109404c0a67f353fcb1cd2a85652a0c2e937e145c05e5935572c81bfab,1575961526274,1575961506
0x9c9817109404c0a67f353fcb1cd2a85652a0c2e937e145c05e5935572c81bfab,1575961526274,1575961506
0x9c9817109404c0a67f353fcb1cd2a85652a0c2e937e145c05e5935572c81bfab,1575961526275,1575961506
0x9c9817109404c0a67f353fcb1cd2a85652a0c2e937e145c05e5935572c81bfab,1575961526275,1575961506
0x9c9817109404c0a67f353fcb1cd2a85652a0c2e937e145c05e5935572c81bfab,1575961526275,1575961506
0x9c9817109404c0a67f353fcb1cd2a85652a0c2e937e145c05e5935572c81bfab,1575961526276,1575961506
0x9c9817109404c0a67f353fcb1cd2a85652a0c2e937e145c05e5935572c81bfab,1575961526276,1575961506
0x9c9817109404c0a67f353fcb1cd2a85652a0c2e937e145c05e5935572c81bfab,1575961526276,1575961506
0x9c9817109404c0a67f353fcb1cd2a85652a0c2e937e145c05e5935572c81bfab,1575961526276,1575961506
0x9c9817109404c0a67f353fcb1cd2a85652a0c2e937e145c05e5935572c81bfab,1575961526277,1575961506
0x9c9817109404c0a67f353fcb1cd2a85652a0c2e937e145c05e5935572c81bfab,1575961526277,1575961506
0x9c9817109404c0a67f353fcb1cd2a85652a0c2e937e145c05e5935572c81bfab,1575961526277,1575961506
0x9c9817109404c0a67f353fcb1cd2a85652a0c2e937e145c05e5935572c81bfab,1575961526278,1575961506
0x9c9817109404c0a67f353fcb1cd2a85652a0c2e937e145c05e5935572c81bfab,1575961526278,1575961506
0x9c9817109404c0a67f353fcb1cd2a85652a0c2e937e145c05e5935572c81bfab,1575961526278,1575961506
0x9c9817109404c0a67f353fcb1cd2a85652a0c2e937e145c05e5935572c81bfab,1575961526279,1575961506
0x9c9817109404c0a67f353fcb1cd2a85652a0c2e937e145c05e5935572c81bfab,1575961526279,1575961506
0x9c9817109404c0a67f353fcb1cd2a85652a0c2e937e145c05e5935572c81bfab,1575961526279,1575961506
0x9c9817109404c0a67f353fcb1cd2a85652a0c2e937e145c05e5935572c81bfab,1575961526280,1575961506
0x9c9817109404c0a67f353fcb1cd2a85652a0c2e937e145c05e5935572c81bfab,1575961526280,1575961506
0x9c9817109404c0a67f353fcb1cd2a85652a0c2e937e145c05e5935572c81bfab,1575961526281,1575961506
0x9c9817109404c0a67f353fcb1cd2a85652a0c2e937e145c05e5935572c81bfab,1575961526281,1575961506
0x9c9817109404c0a67f353fcb1cd2a85652a0c2e937e145c05e5935572c81bfab,1575961526281,1575961506
0x9c9817109404c0a67f353fcb1cd2a85652a0c2e937e145c05e5935572c81bfab,1575961527771,1575961526
0x9c9817109404c0a67f353fcb1cd2a85652a0c2e937e145c05e5935572c81bfab,1575961527771,1575961526
0x9c9817109404c0a67f353fcb1cd2a85652a0c2e937e145c05e5935572c81bfab,1575961527772,1575961526
0x9c9817109404c0a67f353fcb1cd2a85652a0c2e937e145c05e5935572c81bfab,1575961527772,1575961526
0x9c9817109404c0a67f353fcb1cd2a85652a0c2e937e145c05e5935572c81bfab,1575961527772,1575961526
0x9c9817109404c0a67f353fcb1cd2a85652a0c2e937e145c05e5935572c81bfab,1575961527775,1575961526
0x9c9817109404c0a67f353fcb1cd2a85652a0c2e937e145c05e5935572c81bfab,1575961527775,1575961526
0x9c9817109404c0a67f353fcb1cd2a85652a0c2e937e145c05e5935572c81bfab,1575961527775,1575961526
0x9c9817109404c0a67f353fcb1cd2a85652a0c2e937e145c05e5935572c81bfab,1575961527776,1575961526
0x9c9817109404c0a67f353fcb1cd2a85652a0c2e937e145c05e5935572c81bfab,1575961527776,1575961526
0x9c9817109404c0a67f353fcb1cd2a85652a0c2e937e145c05e5935572c81bfab,1575961527777,1575961526
0x9c9817109404c0a67f353fcb1cd2a85652a0c2e937e145c05e5935572c81bfab,1575961527777,1575961526
0x9c9817109404c0a67f353fcb1cd2a85652a0c2e937e145c05e5935572c81bfab,1575961527778,1575961526
0x9c9817109404c0a67f353fcb1cd2a85652a0c2e937e145c05e5935572c81bfab,1575961527778,1575961526
0x9c9817109404c0a67f353fcb1cd2a85652a0c2e937e145c05e5935572c81bfab,1575961527779,1575961526
0x9c9817109404c0a67f353fcb1cd2a85652a0c2e937e145c05e5935572c81bfab,1575961527779,1575961526
0x9c9817109404c0a67f353fcb1cd2a85652a0c2e937e145c05e5935572c81bfab,1575961527779,1575961526
0x9c9817109404c0a67f353fcb1cd2a85652a0c2e937e145c05e5935572c81bfab,1575961527780,1575961526
0x9c9817109404c0a67f353fcb1cd2a85652a0c2e937e145c05e5935572c81bfab,1575961527780,1575961526
0x9c9817109404c0a67f353fcb1cd2a85652a0c2e937e145c05e5935572c81bfab,1575961527780,1575961526
0x9c9817109404c0a67f353fcb1cd2a85652a0c2e937e145c05e5935572c81bfab,1575961527781,1575961526
0x9c9817109404c0a67f353fcb1cd2a85652a0c2e937e145c05e5935572c81bfab,1575961527781,1575961526
0x9c9817109404c0a67f353fcb1cd2a85652a0c2e937e145c05e5935572c81bfab,1575961527781,1575961526
0x9c9817109404c0a67f353fcb1cd2a85652a0c2e937e145c05e5935572c81bfab,1575961527782,1575961526
0x9c9817109404c0a67f353fcb1cd2a85652a0c2e937e145c05e5935572c81bfab,1575961527782,1575961526
0x9c9817109404c0a67f353fcb1cd2a85652a0c2e937e145c05e5935572c81bfab,1575961527782,1575961526
0x9c9817109404c0a67f353fcb1cd2a85652a0c2e937e145c05e5935572c81bfab,1575961527783,1575961526
0x9c9817109404c0a67f353fcb1cd2a85652a0c2e937e145c05e5935572c81bfab,1575961527783,1575961526
0x9c9817109404c0a67f353fcb1cd2a85652a0c2e937e145c05e5935572c81bfab,1575961527784,1575961526
0x9c9817109404c0a67f353fcb1cd2a85652a0c2e937e145c05e5935572c81bfab,1575961527784,1575961526
0x9c9817109404c0a67f353fcb1cd2a85652a0c2e937e145c05e5935572c81bfab,1575961527784,1575961526
0x9c9817109404c0a67f353fcb1cd2a85652a0c2e937e145c05e5935572c81bfab,1575961527785,1575961526
0x9c9817109404c0a67f353fcb1cd2a85652a0c2e937e145c05e5935572c81bfab,1575961527785,1575961526
0x9c9817109404c0a67f353fcb1cd2a85652a0c2e937e145c05e5935572c81bfab,1575961527785,1575961526
0x9c9817109404c0a67f353fcb1cd2a85652a0c2e937e145c05e5935572c81bfab,1575961527786,1575961526
0x9c9817109404c0a67f353fcb1cd2a85652a0c2e937e145c05e5935572c81bfab,1575961527786,1575961526
0x9c9817109404c0a67f353fcb1cd2a85652a0c2e937e145c05e5935572c81bfab,1575961527786,1575961526
0x9c9817109404c0a67f353fcb1cd2a85652a0c2e937e145c05e5935572c81bfab,1575961527787,1575961526
0x9c9817109404c0a67f353fcb1cd2a85652a0c2e937e145c05e5935572c81bfab,1575961527787,1575961526
0x9c9817109404c0a67f353fcb1cd2a85652a0c2e937e145c05e5935572c81bfab,1575961527787,1575961526
0x9c9817109404c0a67f353fcb1cd2a85652a0c2e937e145c05e5935572c81bfab,1575961527788,1575961526
0x9c9817109404c0a67f353fcb1cd2a85652a0c2e937e145c05e5935572c81bfab,1575961527788,1575961526
0x9c9817109404c0a67f353fcb1cd2a85652a0c2e937e145c05e5935572c81bfab,1575961527789,1575961526
0x9c9817109404c0a67f353fcb1cd2a85652a0c2e937e145c05e5935572c81bfab,1575961527790,1575961526
0x9c9817109404c0a67f353fcb1cd2a85652a0c2e937e145c05e5935572c81bfab,1575961527790,1575961526
0x9c9817109404c0a67f353fcb1cd2a85652a0c2e937e145c05e5935572c81bfab,1575961527791,1575961526
0x9c9817109404c0a67f353fcb1cd2a85652a0c2e937e145c05e5935572c81bfab,1575961527791,1575961526
0x9c9817109404c0a67f353fcb1cd2a85652a0c2e937e145c05e5935572c81bfab,1575961527791,1575961526
0x9c9817109404c0a67f353fcb1cd2a85652a0c2e937e145c05e5935572c81bfab,1575961527792,1575961526
0x9c9817109404c0a67f353fcb1cd2a85652a0c2e937e145c05e5935572c81bfab,1575961527792,1575961526
0x9c9817109404c0a67f353fcb1cd2a85652a0c2e937e145c05e5935572c81bfab,1575961527793,1575961526
0x9c9817109404c0a67f353fcb1cd2a85652a0c2e937e145c05e5935572c81bfab,1575961527793,1575961526
0x9c9817109404c0a67f353fcb1cd2a85652a0c2e937e145c05e5935572c81bfab,1575961527793,1575961526
0x9c9817109404c0a67f353fcb1cd2a85652a0c2e937e145c05e5935572c81bfab,1575961527794,1575961526
0x9c9817109404c0a67f353fcb1cd2a85652a0c2e937e145c05e5935572c81bfab,1575961527794,1575961526
0x9c9817109404c0a67f353fcb1cd2a85652a0c2e937e145c05e5935572c81bfab,1575961527794,1575961526
0x9c9817109404c0a67f353fcb1cd2a85652a0c2e937e145c05e5935572c81bfab,1575961527795,1575961526
0x9c9817109404c0a67f353fcb1cd2a85652a0c2e937e145c05e5935572c81bfab,1575961527795,1575961526
0x9c9817109404c0a67f353fcb1cd2a85652a0c2e937e145c05e5935572c81bfab,1575961527796,1575961526
0x9c9817109404c0a67f353fcb1cd2a85652a0c2e937e145c05e5935572c81bfab,1575961527796,1575961526
0x9c9817109404c0a67f353fcb1cd2a85652a0c2e937e145c05e5935572c81bfab,1575961527796,1575961526
0x9c9817109404c0a67f353fcb1cd2a85652a0c2e937e145c05e5935572c81bfab,1575961527797,1575961526
0x9c9817109404c0a67f353fcb1cd2a85652a0c2e937e145c05e5935572c81bfab,1575961527797,1575961526
0x9c9817109404c0a67f353fcb1cd2a85652a0c2e937e145c05e5935572c81bfab,1575961527797,1575961526
0x9c9817109404c0a67f353fcb1cd2a85652a0c2e937e145c05e5935572c81bfab,1575961527797,1575961526
0x9c9817109404c0a67f353fcb1cd2a85652a0c2e937e145c05e5935572c81bfab,1575961527798,1575961526
0x9c9817109404c0a67f353fcb1cd2a85652a0c2e937e145c05e5935572c81bfab,1575961527798,1575961526
0x9c9817109404c0a67f353fcb1cd2a85652a0c2e937e145c05e5935572c81bfab,1575961527799,1575961526
0x9c9817109404c0a67f353fcb1cd2a85652a0c2e937e145c05e5935572c81bfab,1575961527799,1575961526
0x9c9817109404c0a67f353fcb1cd2a85652a0c2e937e145c05e5935572c81bfab,1575961527799,1575961526
0x9c9817109404c0a67f353fcb1cd2a85652a0c2e937e145c05e5935572c81bfab,1575961527800,1575961526
0x9c9817109404c0a67f353fcb1cd2a85652a0c2e937e145c05e5935572c81bfab,1575961527800,1575961526
0x9c9817109404c0a67f353fcb1cd2a85652a0c2e937e145c05e5935572c81bfab,1575961527800,1575961526
0x9c9817109404c0a67f353fcb1cd2a85652a0c2e937e145c05e5935572c81bfab,1575961527801,1575961526
0x9c9817109404c0a67f353fcb1cd2a85652a0c2e937e145c05e5935572c81bfab,1575961527801,1575961526
0x9c9817109404c0a67f353fcb1cd2a85652a0c2e937e145c05e5935572c81bfab,1575961527801,1575961526
0x9c9817109404c0a67f353fcb1cd2a85652a0c2e937e145c05e5935572c81bfab,1575961527802,1575961526
0x9c9817109404c0a67f353fcb1cd2a85652a0c2e937e145c05e5935572c81bfab,1575961527802,1575961526
0x9c9817109404c0a67f353fcb1cd2a85652a0c2e937e145c05e5935572c81bfab,1575961527802,1575961526
0x9c9817109404c0a67f353fcb1cd2a85652a0c2e937e145c05e5935572c81bfab,1575961527803,1575961526
0x9c9817109404c0a67f353fcb1cd2a85652a0c2e937e145c05e5935572c81bfab,1575961527803,1575961526
0x9c9817109404c0a67f353fcb1cd2a85652a0c2e937e145c05e5935572c81bfab,1575961527803,1575961526
0x9c9817109404c0a67f353fcb1cd2a85652a0c2e937e145c05e5935572c81bfab,1575961527804,1575961526
0x9c9817109404c0a67f353fcb1cd2a85652a0c2e937e145c05e5935572c81bfab,1575961527804,1575961526
0x9c9817109404c0a67f353fcb1cd2a85652a0c2e937e145c05e5935572c81bfab,1575961527804,1575961526
0x9c9817109404c0a67f353fcb1cd2a85652a0c2e937e145c05e5935572c81bfab,1575961527805,1575961526
0x9c9817109404c0a67f353fcb1cd2a85652a0c2e937e145c05e5935572c81bfab,1575961527805,1575961526
0x9c9817109404c0a67f353fcb1cd2a85652a0c2e937e145c05e5935572c81bfab,1575961527806,1575961526
0x9c9817109404c0a67f353fcb1cd2a85652a0c2e937e145c05e5935572c81bfab,1575961527806,1575961526
0x9c9817109404c0a67f353fcb1cd2a85652a0c2e937e145c05e5935572c81bfab,1575961527806,1575961526
0x9c9817109404c0a67f353fcb1cd2a85652a0c2e937e145c05e5935572c81bfab,1575961527807,1575961526
0x9c9817109404c0a67f353fcb1cd2a85652a0c2e937e145c05e5935572c81bfab,1575961527807,1575961526
0x9c9817109404c0a67f353fcb1cd2a85652a0c2e937e145c05e5935572c81bfab,1575961527807,1575961526
0x9c9817109404c0a67f353fcb1cd2a85652a0c2e937e145c05e5935572c81bfab,1575961527808,1575961526
0x9c9817109404c0a67f353fcb1cd2a85652a0c2e937e145c05e5935572c81bfab,1575961527808,1575961526
0x9c9817109404c0a67f353fcb1cd2a85652a0c2e937e145c05e5935572c81bfab,1575961527808,1575961526
0x9c9817109404c0a67f353fcb1cd2a85652a0c2e937e145c05e5935572c81bfab,1575961527808,1575961526
0x9c9817109404c0a67f353fcb1cd2a85652a0c2e937e145c05e5935572c81bfab,1575961527809,1575961526
0x9c9817109404c0a67f353fcb1cd2a85652a0c2e937e145c05e5935572c81bfab,1575961527809,1575961526
0x9c9817109404c0a67f353fcb1cd2a85652a0c2e937e145c05e5935572c81bfab,1575961527810,1575961526
0x9c9817109404c0a67f353fcb1cd2a85652a0c2e937e145c05e5935572c81bfab,1575961527810,1575961526
0x9c9817109404c0a67f353fcb1cd2a85652a0c2e937e145c05e5935572c81bfab,1575961527810,1575961526
0x9c9817109404c0a67f353fcb1cd2a85652a0c2e937e145c05e5935572c81bfab,1575961527811,1575961526
0x9c9817109404c0a67f353fcb1cd2a85652a0c2e937e145c05e5935572c81bfab,1575961527811,1575961526
0x9c9817109404c0a67f353fcb1cd2a85652a0c2e937e145c05e5935572c81bfab,1575961527811,1575961526
0x9c9817109404c0a67f353fcb1cd2a85652a0c2e937e145c05e5935572c81bfab,1575961527812,1575961526
0x9c9817109404c0a67f353fcb1cd2a85652a0c2e937e145c05e5935572c81bfab,1575961527812,1575961526
0x9c9817109404c0a67f353fcb1cd2a85652a0c2e937e145c05e5935572c81bfab,1575961527812,1575961526
0x9c9817109404c0a67f353fcb1cd2a85652a0c2e937e145c05e5935572c81bfab,1575961527813,1575961526
0x9c9817109404c0a67f353fcb1cd2a85652a0c2e937e145c05e5935572c81bfab,1575961527813,1575961526
0x9c9817109404c0a67f353fcb1cd2a85652a0c2e937e145c05e5935572c81bfab,1575961527813,1575961526
0x9c9817109404c0a67f353fcb1cd2a85652a0c2e937e145c05e5935572c81bfab,1575961527814,1575961526
0x9c9817109404c0a67f353fcb1cd2a85652a0c2e937e145c05e5935572c81bfab,1575961527814,1575961526
0x9c9817109404c0a67f353fcb1cd2a85652a0c2e937e145c05e5935572c81bfab,1575961527814,1575961526
0x9c9817109404c0a67f353fcb1cd2a85652a0c2e937e145c05e5935572c81bfab,1575961527815,1575961526
0x9c9817109404c0a67f353fcb1cd2a85652a0c2e937e145c05e5935572c81bfab,1575961527815,1575961526
0x9c9817109404c0a67f353fcb1cd2a85652a0c2e937e145c05e5935572c81bfab,1575961527815,1575961526
0x9c9817109404c0a67f353fcb1cd2a85652a0c2e937e145c05e5935572c81bfab,1575961527816,1575961526
0x9c9817109404c0a67f353fcb1cd2a85652a0c2e937e145c05e5935572c81bfab,1575961527816,1575961526
0x9c9817109404c0a67f353fcb1cd2a85652a0c2e937e145c05e5935572c81bfab,1575961527816,1575961526
0x9c9817109404c0a67f353fcb1cd2a85652a0c2e937e145c05e5935572c81bfab,1575961527817,1575961526
0x9c9817109404c0a67f353fcb1cd2a85652a0c2e937e145c05e5935572c81bfab,1575961527817,1575961526
0x9c9817109404c0a67f353fcb1cd2a85652a0c2e937e145c05e5935572c81bfab,1575961527817,1575961526
0x9c9817109404c0a67f353fcb1cd2a85652a0c2e937e145c05e5935572c81bfab,1575961527818,1575961526
0x9c9817109404c0a67f353fcb1cd2a85652a0c2e937e145c05e5935572c81bfab,1575961527818,1575961526
0x9c9817109404c0a67f353fcb1cd2a85652a0c2e937e145c05e5935572c81bfab,1575961527818,1575961526
0x9c9817109404c0a67f353fcb1cd2a85652a0c2e937e145c05e5935572c81bfab,1575961527819,1575961526
0x9c9817109404c0a67f353fcb1cd2a85652a0c2e937e145c05e5935572c81bfab,1575961527819,1575961526
0x9c9817109404c0a67f353fcb1cd2a85652a0c2e937e145c05e5935572c81bfab,1575961527819,1575961526
0x9c9817109404c0a67f353fcb1cd2a85652a0c2e937e145c05e5935572c81bfab,1575961527820,1575961526
0x9c9817109404c0a67f353fcb1cd2a85652a0c2e937e145c05e5935572c81bfab,1575961527820,1575961526
0x9c9817109404c0a67f353fcb1cd2a85652a0c2e937e145c05e5935572c81bfab,1575961527820,1575961526
0x9c9817109404c0a67f353fcb1cd2a85652a0c2e937e145c05e5935572c81bfab,1575961527821,1575961526
0x9c9817109404c0a67f353fcb1cd2a85652a0c2e937e145c05e5935572c81bfab,1575961527834,1575961526
0x9c9817109404c0a67f353fcb1cd2a85652a0c2e937e145c05e5935572c81bfab,1575961527834,1575961526
0x9c9817109404c0a67f353fcb1cd2a85652a0c2e937e145c05e5935572c81bfab,1575961527834,1575961526
0x9c9817109404c0a67f353fcb1cd2a85652a0c2e937e145c05e5935572c81bfab,1575961527835,1575961526
0x9c9817109404c0a67f353fcb1cd2a85652a0c2e937e145c05e5935572c81bfab,1575961527835,1575961526
0x9c9817109404c0a67f353fcb1cd2a85652a0c2e937e145c05e5935572c81bfab,1575961527835,1575961526
0x9c9817109404c0a67f353fcb1cd2a85652a0c2e937e145c05e5935572c81bfab,1575961527836,1575961526
0x9c9817109404c0a67f353fcb1cd2a85652a0c2e937e145c05e5935572c81bfab,1575961527836,1575961526
0x9c9817109404c0a67f353fcb1cd2a85652a0c2e937e145c05e5935572c81bfab,1575961527836,1575961526
0x9c9817109404c0a67f353fcb1cd2a85652a0c2e937e145c05e5935572c81bfab,1575961527837,1575961526
0x9c9817109404c0a67f353fcb1cd2a85652a0c2e937e145c05e5935572c81bfab,1575961527837,1575961526
0x9c9817109404c0a67f353fcb1cd2a85652a0c2e937e145c05e5935572c81bfab,1575961527837,1575961526
0x9c9817109404c0a67f353fcb1cd2a85652a0c2e937e145c05e5935572c81bfab,1575961527838,1575961526
0x9c9817109404c0a67f353fcb1cd2a85652a0c2e937e145c05e5935572c81bfab,1575961527839,1575961526
0x9c9817109404c0a67f353fcb1cd2a85652a0c2e937e145c05e5935572c81bfab,1575961527839,1575961526
0x9c9817109404c0a67f353fcb1cd2a85652a0c2e937e145c05e5935572c81bfab,1575961527839,1575961526
0x9c9817109404c0a67f353fcb1cd2a85652a0c2e937e145c05e5935572c81bfab,1575961527840,1575961526
0x9c9817109404c0a67f353fcb1cd2a85652a0c2e937e145c05e5935572c81bfab,1575961527840,1575961526
0x9c9817109404c0a67f353fcb1cd2a85652a0c2e937e145c05e5935572c81bfab,1575961527840,1575961526
0x9c9817109404c0a67f353fcb1cd2a85652a0c2e937e145c05e5935572c81bfab,1575961527841,1575961526
0x9c9817109404c0a67f353fcb1cd2a85652a0c2e937e145c05e5935572c81bfab,1575961527841,1575961526
0x9c9817109404c0a67f353fcb1cd2a85652a0c2e937e145c05e5935572c81bfab,1575961527842,1575961526
0x9c9817109404c0a67f353fcb1cd2a85652a0c2e937e145c05e5935572c81bfab,1575961527842,1575961526
0x9c9817109404c0a67f353fcb1cd2a85652a0c2e937e145c05e5935572c81bfab,1575961527842,1575961526
0x9c9817109404c0a67f353fcb1cd2a85652a0c2e937e145c05e5935572c81bfab,1575961527843,1575961526
0x9c9817109404c0a67f353fcb1cd2a85652a0c2e937e145c05e5935572c81bfab,1575961527843,1575961526
0x9c9817109404c0a67f353fcb1cd2a85652a0c2e937e145c05e5935572c81bfab,1575961527843,1575961526
0x9c9817109404c0a67f353fcb1cd2a85652a0c2e937e145c05e5935572c81bfab,1575961527843,1575961526
0x9c9817109404c0a67f353fcb1cd2a85652a0c2e937e145c05e5935572c81bfab,1575961527844,1575961526
0x9c9817109404c0a67f353fcb1cd2a85652a0c2e937e145c05e5935572c81bfab,1575961527844,1575961526
0x9c9817109404c0a67f353fcb1cd2a85652a0c2e937e145c05e5935572c81bfab,1575961527845,1575961526
0x9c9817109404c0a67f353fcb1cd2a85652a0c2e937e145c05e5935572c81bfab,1575961527845,1575961526
0x9c9817109404c0a67f353fcb1cd2a85652a0c2e937e145c05e5935572c81bfab,1575961527845,1575961526
0x9c9817109404c0a67f353fcb1cd2a85652a0c2e937e145c05e5935572c81bfab,1575961527846,1575961526
0x9c9817109404c0a67f353fcb1cd2a85652a0c2e937e145c05e5935572c81bfab,1575961527846,1575961526
0x9c9817109404c0a67f353fcb1cd2a85652a0c2e937e145c05e5935572c81bfab,1575961527846,1575961526
0x9c9817109404c0a67f353fcb1cd2a85652a0c2e937e145c05e5935572c81bfab,1575961527847,1575961526
0x9c9817109404c0a67f353fcb1cd2a85652a0c2e937e145c05e5935572c81bfab,1575961527847,1575961526
0x9c9817109404c0a67f353fcb1cd2a85652a0c2e937e145c05e5935572c81bfab,1575961527847,1575961526
0x9c9817109404c0a67f353fcb1cd2a85652a0c2e937e145c05e5935572c81bfab,1575961527848,1575961526
0x9c9817109404c0a67f353fcb1cd2a85652a0c2e937e145c05e5935572c81bfab,1575961527848,1575961526
0x9c9817109404c0a67f353fcb1cd2a85652a0c2e937e145c05e5935572c81bfab,1575961527848,1575961526
0x9c9817109404c0a67f353fcb1cd2a85652a0c2e937e145c05e5935572c81bfab,1575961527849,1575961526
0x9c9817109404c0a67f353fcb1cd2a85652a0c2e937e145c05e5935572c81bfab,1575961531294,1575961527
0x9c9817109404c0a67f353fcb1cd2a85652a0c2e937e145c05e5935572c81bfab,1575961531294,1575961527
0x9c9817109404c0a67f353fcb1cd2a85652a0c2e937e145c05e5935572c81bfab,1575961531295,1575961527
0x9c9817109404c0a67f353fcb1cd2a85652a0c2e937e145c05e5935572c81bfab,1575961531295,1575961527
0x9c9817109404c0a67f353fcb1cd2a85652a0c2e937e145c05e5935572c81bfab,1575961531296,1575961527
0x9c9817109404c0a67f353fcb1cd2a85652a0c2e937e145c05e5935572c81bfab,1575961531296,1575961527
0x9c9817109404c0a67f353fcb1cd2a85652a0c2e937e145c05e5935572c81bfab,1575961531296,1575961527
0x9c9817109404c0a67f353fcb1cd2a85652a0c2e937e145c05e5935572c81bfab,1575961531297,1575961527
0x9c9817109404c0a67f353fcb1cd2a85652a0c2e937e145c05e5935572c81bfab,1575961531297,1575961527
0x9c9817109404c0a67f353fcb1cd2a85652a0c2e937e145c05e5935572c81bfab,1575961531297,1575961527
0x9c9817109404c0a67f353fcb1cd2a85652a0c2e937e145c05e5935572c81bfab,1575961531297,1575961527
0x9c9817109404c0a67f353fcb1cd2a85652a0c2e937e145c05e5935572c81bfab,1575961531298,1575961527
0x9c9817109404c0a67f353fcb1cd2a85652a0c2e937e145c05e5935572c81bfab,1575961531298,1575961527
0x9c9817109404c0a67f353fcb1cd2a85652a0c2e937e145c05e5935572c81bfab,1575961531298,1575961527
0x9c9817109404c0a67f353fcb1cd2a85652a0c2e937e145c05e5935572c81bfab,1575961531298,1575961527
0x9c9817109404c0a67f353fcb1cd2a85652a0c2e937e145c05e5935572c81bfab,1575961531299,1575961527
0x9c9817109404c0a67f353fcb1cd2a85652a0c2e937e145c05e5935572c81bfab,1575961531299,1575961527
0x9c9817109404c0a67f353fcb1cd2a85652a0c2e937e145c05e5935572c81bfab,1575961531299,1575961527
0x9c9817109404c0a67f353fcb1cd2a85652a0c2e937e145c05e5935572c81bfab,1575961531299,1575961527
0x9c9817109404c0a67f353fcb1cd2a85652a0c2e937e145c05e5935572c81bfab,1575961531300,1575961527
0x9c9817109404c0a67f353fcb1cd2a85652a0c2e937e145c05e5935572c81bfab,1575961531300,1575961527
0x9c9817109404c0a67f353fcb1cd2a85652a0c2e937e145c05e5935572c81bfab,1575961531300,1575961527
0x9c9817109404c0a67f353fcb1cd2a85652a0c2e937e145c05e5935572c81bfab,1575961531300,1575961527
0x9c9817109404c0a67f353fcb1cd2a85652a0c2e937e145c05e5935572c81bfab,1575961531301,1575961527
0x9c9817109404c0a67f353fcb1cd2a85652a0c2e937e145c05e5935572c81bfab,1575961531301,1575961527
0x9c9817109404c0a67f353fcb1cd2a85652a0c2e937e145c05e5935572c81bfab,1575961531301,1575961527
0x9c9817109404c0a67f353fcb1cd2a85652a0c2e937e145c05e5935572c81bfab,1575961531301,1575961527
0x9c9817109404c0a67f353fcb1cd2a85652a0c2e937e145c05e5935572c81bfab,1575961531302,1575961527
0x9c9817109404c0a67f353fcb1cd2a85652a0c2e937e145c05e5935572c81bfab,1575961531302,1575961527
0x9c9817109404c0a67f353fcb1cd2a85652a0c2e937e145c05e5935572c81bfab,1575961531302,1575961527
0x9c9817109404c0a67f353fcb1cd2a85652a0c2e937e145c05e5935572c81bfab,1575961531302,1575961527
0x9c9817109404c0a67f353fcb1cd2a85652a0c2e937e145c05e5935572c81bfab,1575961531303,1575961527
0x9c9817109404c0a67f353fcb1cd2a85652a0c2e937e145c05e5935572c81bfab,1575961531303,1575961527
0x9c9817109404c0a67f353fcb1cd2a85652a0c2e937e145c05e5935572c81bfab,1575961531303,1575961527
0x9c9817109404c0a67f353fcb1cd2a85652a0c2e937e145c05e5935572c81bfab,1575961531304,1575961527
0x9c9817109404c0a67f353fcb1cd2a85652a0c2e937e145c05e5935572c81bfab,1575961531305,1575961527
0x9c9817109404c0a67f353fcb1cd2a85652a0c2e937e145c05e5935572c81bfab,1575961531305,1575961527
0x9c9817109404c0a67f353fcb1cd2a85652a0c2e937e145c05e5935572c81bfab,1575961531306,1575961527
0x9c9817109404c0a67f353fcb1cd2a85652a0c2e937e145c05e5935572c81bfab,1575961531306,1575961527
0x9c9817109404c0a67f353fcb1cd2a85652a0c2e937e145c05e5935572c81bfab,1575961531307,1575961527
0x9c9817109404c0a67f353fcb1cd2a85652a0c2e937e145c05e5935572c81bfab,1575961531307,1575961527
0x9c9817109404c0a67f353fcb1cd2a85652a0c2e937e145c05e5935572c81bfab,1575961531307,1575961527
0x9c9817109404c0a67f353fcb1cd2a85652a0c2e937e145c05e5935572c81bfab,1575961531307,1575961527
0x9c9817109404c0a67f353fcb1cd2a85652a0c2e937e145c05e5935572c81bfab,1575961531308,1575961527
0x9c9817109404c0a67f353fcb1cd2a85652a0c2e937e145c05e5935572c81bfab,1575961531308,1575961527
0x9c9817109404c0a67f353fcb1cd2a85652a0c2e937e145c05e5935572c81bfab,1575961531308,1575961527
0x9c9817109404c0a67f353fcb1cd2a85652a0c2e937e145c05e5935572c81bfab,1575961531309,1575961527
0x9c9817109404c0a67f353fcb1cd2a85652a0c2e937e145c05e5935572c81bfab,1575961531309,1575961527
0x9c9817109404c0a67f353fcb1cd2a85652a0c2e937e145c05e5935572c81bfab,1575961531309,1575961527
0x9c9817109404c0a67f353fcb1cd2a85652a0c2e937e145c05e5935572c81bfab,1575961531310,1575961527
0x9c9817109404c0a67f353fcb1cd2a85652a0c2e937e145c05e5935572c81bfab,1575961531310,1575961527
0x9c9817109404c0a67f353fcb1cd2a85652a0c2e937e145c05e5935572c81bfab,1575961531310,1575961527
0x9c9817109404c0a67f353fcb1cd2a85652a0c2e937e145c05e5935572c81bfab,1575961531311,1575961527
0x9c9817109404c0a67f353fcb1cd2a85652a0c2e937e145c05e5935572c81bfab,1575961531311,1575961527
0x9c9817109404c0a67f353fcb1cd2a85652a0c2e937e145c05e5935572c81bfab,1575961531311,1575961527
0x9c9817109404c0a67f353fcb1cd2a85652a0c2e937e145c05e5935572c81bfab,1575961531312,1575961527
0x9c9817109404c0a67f353fcb1cd2a85652a0c2e937e145c05e5935572c81bfab,1575961531312,1575961527
0x9c9817109404c0a67f353fcb1cd2a85652a0c2e937e145c05e5935572c81bfab,1575961531312,1575961527
0x9c9817109404c0a67f353fcb1cd2a85652a0c2e937e145c05e5935572c81bfab,1575961531313,1575961527
0x9c9817109404c0a67f353fcb1cd2a85652a0c2e937e145c05e5935572c81bfab,1575961531313,1575961527
0x9c9817109404c0a67f353fcb1cd2a85652a0c2e937e145c05e5935572c81bfab,1575961531313,1575961527
0x9c9817109404c0a67f353fcb1cd2a85652a0c2e937e145c05e5935572c81bfab,1575961531313,1575961527
0x9c9817109404c0a67f353fcb1cd2a85652a0c2e937e145c05e5935572c81bfab,1575961531314,1575961527
0x9c9817109404c0a67f353fcb1cd2a85652a0c2e937e145c05e5935572c81bfab,1575961531314,1575961527
0x9c9817109404c0a67f353fcb1cd2a85652a0c2e937e145c05e5935572c81bfab,1575961531314,1575961527
0x9c9817109404c0a67f353fcb1cd2a85652a0c2e937e145c05e5935572c81bfab,1575961531315,1575961527
0x9c9817109404c0a67f353fcb1cd2a85652a0c2e937e145c05e5935572c81bfab,1575961531315,1575961527
0x9c9817109404c0a67f353fcb1cd2a85652a0c2e937e145c05e5935572c81bfab,1575961531316,1575961527
0x9c9817109404c0a67f353fcb1cd2a85652a0c2e937e145c05e5935572c81bfab,1575961531316,1575961527
0x9c9817109404c0a67f353fcb1cd2a85652a0c2e937e145c05e5935572c81bfab,1575961531316,1575961527
0x9c9817109404c0a67f353fcb1cd2a85652a0c2e937e145c05e5935572c81bfab,1575961531317,1575961527
0x9c9817109404c0a67f353fcb1cd2a85652a0c2e937e145c05e5935572c81bfab,1575961531317,1575961527
0x9c9817109404c0a67f353fcb1cd2a85652a0c2e937e145c05e5935572c81bfab,1575961531317,1575961527
0x9c9817109404c0a67f353fcb1cd2a85652a0c2e937e145c05e5935572c81bfab,1575961531318,1575961527
0x9c9817109404c0a67f353fcb1cd2a85652a0c2e937e145c05e5935572c81bfab,1575961531318,1575961527
0x9c9817109404c0a67f353fcb1cd2a85652a0c2e937e145c05e5935572c81bfab,1575961531318,1575961527
0x9c9817109404c0a67f353fcb1cd2a85652a0c2e937e145c05e5935572c81bfab,1575961531319,1575961527
0x9c9817109404c0a67f353fcb1cd2a85652a0c2e937e145c05e5935572c81bfab,1575961531319,1575961527
0x9c9817109404c0a67f353fcb1cd2a85652a0c2e937e145c05e5935572c81bfab,1575961531319,1575961527
0x9c9817109404c0a67f353fcb1cd2a85652a0c2e937e145c05e5935572c81bfab,1575961531320,1575961527
0x9c9817109404c0a67f353fcb1cd2a85652a0c2e937e145c05e5935572c81bfab,1575961531320,1575961527
0x9c9817109404c0a67f353fcb1cd2a85652a0c2e937e145c05e5935572c81bfab,1575961531320,1575961527
0x9c9817109404c0a67f353fcb1cd2a85652a0c2e937e145c05e5935572c81bfab,1575961531320,1575961527
0x9c9817109404c0a67f353fcb1cd2a85652a0c2e937e145c05e5935572c81bfab,1575961531321,1575961527
0x9c9817109404c0a67f353fcb1cd2a85652a0c2e937e145c05e5935572c81bfab,1575961531321,1575961527
0x9c9817109404c0a67f353fcb1cd2a85652a0c2e937e145c05e5935572c81bfab,1575961531321,1575961527
0x9c9817109404c0a67f353fcb1cd2a85652a0c2e937e145c05e5935572c81bfab,1575961531322,1575961527
0x9c9817109404c0a67f353fcb1cd2a85652a0c2e937e145c05e5935572c81bfab,1575961531322,1575961527
0x9c9817109404c0a67f353fcb1cd2a85652a0c2e937e145c05e5935572c81bfab,1575961531322,1575961527
0x9c9817109404c0a67f353fcb1cd2a85652a0c2e937e145c05e5935572c81bfab,1575961531322,1575961527
0x9c9817109404c0a67f353fcb1cd2a85652a0c2e937e145c05e5935572c81bfab,1575961531323,1575961527
0x9c9817109404c0a67f353fcb1cd2a85652a0c2e937e145c05e5935572c81bfab,1575961531323,1575961527
0x9c9817109404c0a67f353fcb1cd2a85652a0c2e937e145c05e5935572c81bfab,1575961531323,1575961527
0x9c9817109404c0a67f353fcb1cd2a85652a0c2e937e145c05e5935572c81bfab,1575961531324,1575961527
0x9c9817109404c0a67f353fcb1cd2a85652a0c2e937e145c05e5935572c81bfab,1575961531324,1575961527
0x9c9817109404c0a67f353fcb1cd2a85652a0c2e937e145c05e5935572c81bfab,1575961531325,1575961527
0x9c9817109404c0a67f353fcb1cd2a85652a0c2e937e145c05e5935572c81bfab,1575961531325,1575961527
0x9c9817109404c0a67f353fcb1cd2a85652a0c2e937e145c05e5935572c81bfab,1575961531325,1575961527
0x9c9817109404c0a67f353fcb1cd2a85652a0c2e937e145c05e5935572c81bfab,1575961531326,1575961527
0x9c9817109404c0a67f353fcb1cd2a85652a0c2e937e145c05e5935572c81bfab,1575961531326,1575961527
0x9c9817109404c0a67f353fcb1cd2a85652a0c2e937e145c05e5935572c81bfab,1575961531326,1575961527
0x9c9817109404c0a67f353fcb1cd2a85652a0c2e937e145c05e5935572c81bfab,1575961531326,1575961527
0x9c9817109404c0a67f353fcb1cd2a85652a0c2e937e145c05e5935572c81bfab,1575961531327,1575961527
0x9c9817109404c0a67f353fcb1cd2a85652a0c2e937e145c05e5935572c81bfab,1575961531327,1575961527
0x9c9817109404c0a67f353fcb1cd2a85652a0c2e937e145c05e5935572c81bfab,1575961531327,1575961527
0x9c9817109404c0a67f353fcb1cd2a85652a0c2e937e145c05e5935572c81bfab,1575961531327,1575961527
0x9c9817109404c0a67f353fcb1cd2a85652a0c2e937e145c05e5935572c81bfab,1575961531328,1575961527
0x9c9817109404c0a67f353fcb1cd2a85652a0c2e937e145c05e5935572c81bfab,1575961531328,1575961527
0x9c9817109404c0a67f353fcb1cd2a85652a0c2e937e145c05e5935572c81bfab,1575961531328,1575961527
0x9c9817109404c0a67f353fcb1cd2a85652a0c2e937e145c05e5935572c81bfab,1575961531329,1575961527
0x9c9817109404c0a67f353fcb1cd2a85652a0c2e937e145c05e5935572c81bfab,1575961531329,1575961527
0x9c9817109404c0a67f353fcb1cd2a85652a0c2e937e145c05e5935572c81bfab,1575961531330,1575961527
0x9c9817109404c0a67f353fcb1cd2a85652a0c2e937e145c05e5935572c81bfab,1575961531330,1575961527
0x9c9817109404c0a67f353fcb1cd2a85652a0c2e937e145c05e5935572c81bfab,1575961531330,1575961527
0x9c9817109404c0a67f353fcb1cd2a85652a0c2e937e145c05e5935572c81bfab,1575961531331,1575961527
0x9c9817109404c0a67f353fcb1cd2a85652a0c2e937e145c05e5935572c81bfab,1575961531331,1575961527
0x9c9817109404c0a67f353fcb1cd2a85652a0c2e937e145c05e5935572c81bfab,1575961531331,1575961527
0x9c9817109404c0a67f353fcb1cd2a85652a0c2e937e145c05e5935572c81bfab,1575961531331,1575961527
0x9c9817109404c0a67f353fcb1cd2a85652a0c2e937e145c05e5935572c81bfab,1575961531332,1575961527
0x9c9817109404c0a67f353fcb1cd2a85652a0c2e937e145c05e5935572c81bfab,1575961531332,1575961527
0x9c9817109404c0a67f353fcb1cd2a85652a0c2e937e145c05e5935572c81bfab,1575961531332,1575961527
0x9c9817109404c0a67f353fcb1cd2a85652a0c2e937e145c05e5935572c81bfab,1575961531332,1575961527
0x9c9817109404c0a67f353fcb1cd2a85652a0c2e937e145c05e5935572c81bfab,1575961531333,1575961527
0x9c9817109404c0a67f353fcb1cd2a85652a0c2e937e145c05e5935572c81bfab,1575961531333,1575961527
0x9c9817109404c0a67f353fcb1cd2a85652a0c2e937e145c05e5935572c81bfab,1575961531333,1575961527
0x9c9817109404c0a67f353fcb1cd2a85652a0c2e937e145c05e5935572c81bfab,1575961531334,1575961527
0x9c9817109404c0a67f353fcb1cd2a85652a0c2e937e145c05e5935572c81bfab,1575961531334,1575961527
0x9c9817109404c0a67f353fcb1cd2a85652a0c2e937e145c05e5935572c81bfab,1575961531334,1575961527
0x9c9817109404c0a67f353fcb1cd2a85652a0c2e937e145c05e5935572c81bfab,1575961531334,1575961527
0x9c9817109404c0a67f353fcb1cd2a85652a0c2e937e145c05e5935572c81bfab,1575961531334,1575961527
0x9c9817109404c0a67f353fcb1cd2a85652a0c2e937e145c05e5935572c81bfab,1575961531335,1575961527
0x9c9817109404c0a67f353fcb1cd2a85652a0c2e937e145c05e5935572c81bfab,1575961531335,1575961527
0x9c9817109404c0a67f353fcb1cd2a85652a0c2e937e145c05e5935572c81bfab,1575961531335,1575961527
0x9c9817109404c0a67f353fcb1cd2a85652a0c2e937e145c05e5935572c81bfab,1575961531336,1575961527
0x9c9817109404c0a67f353fcb1cd2a85652a0c2e937e145c05e5935572c81bfab,1575961531336,1575961527
0x9c9817109404c0a67f353fcb1cd2a85652a0c2e937e145c05e5935572c81bfab,1575961531336,1575961527
0x9c9817109404c0a67f353fcb1cd2a85652a0c2e937e145c05e5935572c81bfab,1575961531336,1575961527
0x9c9817109404c0a67f353fcb1cd2a85652a0c2e937e145c05e5935572c81bfab,1575961531336,1575961527
0x9c9817109404c0a67f353fcb1cd2a85652a0c2e937e145c05e5935572c81bfab,1575961531337,1575961527
0x9c9817109404c0a67f353fcb1cd2a85652a0c2e937e145c05e5935572c81bfab,1575961531337,1575961527
0x9c9817109404c0a67f353fcb1cd2a85652a0c2e937e145c05e5935572c81bfab,1575961531337,1575961527
0x9c9817109404c0a67f353fcb1cd2a85652a0c2e937e145c05e5935572c81bfab,1575961531338,1575961527
0x9c9817109404c0a67f353fcb1cd2a85652a0c2e937e145c05e5935572c81bfab,1575961531338,1575961527
0x9c9817109404c0a67f353fcb1cd2a85652a0c2e937e145c05e5935572c81bfab,1575961531338,1575961527
0x9c9817109404c0a67f353fcb1cd2a85652a0c2e937e145c05e5935572c81bfab,1575961531338,1575961527
0x9c9817109404c0a67f353fcb1cd2a85652a0c2e937e145c05e5935572c81bfab,1575961531339,1575961527
0x9c9817109404c0a67f353fcb1cd2a85652a0c2e937e145c05e5935572c81bfab,1575961531339,1575961527
0x9c9817109404c0a67f353fcb1cd2a85652a0c2e937e145c05e5935572c81bfab,1575961531339,1575961527
