0x8467f8445b08dfc5ec097ad1766be2780aa584775914cdfc02038f07bdc7c449,1575893049280,1575893045
0x8467f8445b08dfc5ec097ad1766be2780aa584775914cdfc02038f07bdc7c449,1575893049281,1575893045
0x8467f8445b08dfc5ec097ad1766be2780aa584775914cdfc02038f07bdc7c449,1575893049282,1575893045
0x8467f8445b08dfc5ec097ad1766be2780aa584775914cdfc02038f07bdc7c449,1575893049283,1575893045
0x8467f8445b08dfc5ec097ad1766be2780aa584775914cdfc02038f07bdc7c449,1575893049283,1575893045
0x8467f8445b08dfc5ec097ad1766be2780aa584775914cdfc02038f07bdc7c449,1575893049284,1575893045
0x8467f8445b08dfc5ec097ad1766be2780aa584775914cdfc02038f07bdc7c449,1575893049284,1575893045
0x8467f8445b08dfc5ec097ad1766be2780aa584775914cdfc02038f07bdc7c449,1575893049285,1575893045
0x8467f8445b08dfc5ec097ad1766be2780aa584775914cdfc02038f07bdc7c449,1575893049285,1575893045
0x8467f8445b08dfc5ec097ad1766be2780aa584775914cdfc02038f07bdc7c449,1575893049286,1575893045
0x8467f8445b08dfc5ec097ad1766be2780aa584775914cdfc02038f07bdc7c449,1575893049286,1575893045
0x8467f8445b08dfc5ec097ad1766be2780aa584775914cdfc02038f07bdc7c449,1575893049287,1575893045
0x8467f8445b08dfc5ec097ad1766be2780aa584775914cdfc02038f07bdc7c449,1575893049287,1575893045
0x8467f8445b08dfc5ec097ad1766be2780aa584775914cdfc02038f07bdc7c449,1575893049288,1575893045
0x8467f8445b08dfc5ec097ad1766be2780aa584775914cdfc02038f07bdc7c449,1575893049288,1575893045
0x8467f8445b08dfc5ec097ad1766be2780aa584775914cdfc02038f07bdc7c449,1575893049289,1575893045
0x8467f8445b08dfc5ec097ad1766be2780aa584775914cdfc02038f07bdc7c449,1575893049289,1575893045
0x8467f8445b08dfc5ec097ad1766be2780aa584775914cdfc02038f07bdc7c449,1575893049290,1575893045
0x8467f8445b08dfc5ec097ad1766be2780aa584775914cdfc02038f07bdc7c449,1575893049291,1575893045
0x8467f8445b08dfc5ec097ad1766be2780aa584775914cdfc02038f07bdc7c449,1575893049291,1575893045
0x8467f8445b08dfc5ec097ad1766be2780aa584775914cdfc02038f07bdc7c449,1575893049292,1575893045
0x8467f8445b08dfc5ec097ad1766be2780aa584775914cdfc02038f07bdc7c449,1575893049292,1575893045
0x8467f8445b08dfc5ec097ad1766be2780aa584775914cdfc02038f07bdc7c449,1575893049293,1575893045
0x8467f8445b08dfc5ec097ad1766be2780aa584775914cdfc02038f07bdc7c449,1575893049294,1575893045
0x8467f8445b08dfc5ec097ad1766be2780aa584775914cdfc02038f07bdc7c449,1575893049294,1575893045
0x8467f8445b08dfc5ec097ad1766be2780aa584775914cdfc02038f07bdc7c449,1575893049295,1575893045
0x8467f8445b08dfc5ec097ad1766be2780aa584775914cdfc02038f07bdc7c449,1575893049296,1575893045
0x8467f8445b08dfc5ec097ad1766be2780aa584775914cdfc02038f07bdc7c449,1575893049296,1575893045
0x8467f8445b08dfc5ec097ad1766be2780aa584775914cdfc02038f07bdc7c449,1575893049297,1575893045
0x8467f8445b08dfc5ec097ad1766be2780aa584775914cdfc02038f07bdc7c449,1575893049298,1575893045
0x8467f8445b08dfc5ec097ad1766be2780aa584775914cdfc02038f07bdc7c449,1575893049298,1575893045
0x8467f8445b08dfc5ec097ad1766be2780aa584775914cdfc02038f07bdc7c449,1575893049299,1575893045
0x8467f8445b08dfc5ec097ad1766be2780aa584775914cdfc02038f07bdc7c449,1575893049300,1575893045
0x8467f8445b08dfc5ec097ad1766be2780aa584775914cdfc02038f07bdc7c449,1575893049300,1575893045
0x8467f8445b08dfc5ec097ad1766be2780aa584775914cdfc02038f07bdc7c449,1575893049301,1575893045
0x8467f8445b08dfc5ec097ad1766be2780aa584775914cdfc02038f07bdc7c449,1575893049301,1575893045
0x8467f8445b08dfc5ec097ad1766be2780aa584775914cdfc02038f07bdc7c449,1575893049302,1575893045
0x8467f8445b08dfc5ec097ad1766be2780aa584775914cdfc02038f07bdc7c449,1575893049302,1575893045
0x8467f8445b08dfc5ec097ad1766be2780aa584775914cdfc02038f07bdc7c449,1575893049302,1575893045
0x8467f8445b08dfc5ec097ad1766be2780aa584775914cdfc02038f07bdc7c449,1575893049303,1575893045
0x8467f8445b08dfc5ec097ad1766be2780aa584775914cdfc02038f07bdc7c449,1575893049303,1575893045
0x8467f8445b08dfc5ec097ad1766be2780aa584775914cdfc02038f07bdc7c449,1575893049304,1575893045
0x8467f8445b08dfc5ec097ad1766be2780aa584775914cdfc02038f07bdc7c449,1575893049304,1575893045
0x8467f8445b08dfc5ec097ad1766be2780aa584775914cdfc02038f07bdc7c449,1575893049305,1575893045
0x8467f8445b08dfc5ec097ad1766be2780aa584775914cdfc02038f07bdc7c449,1575893049305,1575893045
0x8467f8445b08dfc5ec097ad1766be2780aa584775914cdfc02038f07bdc7c449,1575893049306,1575893045
0x8467f8445b08dfc5ec097ad1766be2780aa584775914cdfc02038f07bdc7c449,1575893049307,1575893045
0x8467f8445b08dfc5ec097ad1766be2780aa584775914cdfc02038f07bdc7c449,1575893049307,1575893045
0x8467f8445b08dfc5ec097ad1766be2780aa584775914cdfc02038f07bdc7c449,1575893049308,1575893045
0x8467f8445b08dfc5ec097ad1766be2780aa584775914cdfc02038f07bdc7c449,1575893049308,1575893045
