0x630821731927c53862bd0957788717507be9a2648794dc583571b165d27e96ac,1575960627218,1575960624
0x630821731927c53862bd0957788717507be9a2648794dc583571b165d27e96ac,1575960627219,1575960624
0x630821731927c53862bd0957788717507be9a2648794dc583571b165d27e96ac,1575960627221,1575960624
0x630821731927c53862bd0957788717507be9a2648794dc583571b165d27e96ac,1575960627222,1575960624
0x630821731927c53862bd0957788717507be9a2648794dc583571b165d27e96ac,1575960627223,1575960624
0x630821731927c53862bd0957788717507be9a2648794dc583571b165d27e96ac,1575960627224,1575960624
0x630821731927c53862bd0957788717507be9a2648794dc583571b165d27e96ac,1575960627225,1575960624
0x630821731927c53862bd0957788717507be9a2648794dc583571b165d27e96ac,1575960627227,1575960624
0x630821731927c53862bd0957788717507be9a2648794dc583571b165d27e96ac,1575960627228,1575960624
0x630821731927c53862bd0957788717507be9a2648794dc583571b165d27e96ac,1575960627229,1575960624
0x630821731927c53862bd0957788717507be9a2648794dc583571b165d27e96ac,1575960627230,1575960624
0x630821731927c53862bd0957788717507be9a2648794dc583571b165d27e96ac,1575960627230,1575960624
0x630821731927c53862bd0957788717507be9a2648794dc583571b165d27e96ac,1575960627231,1575960624
0x630821731927c53862bd0957788717507be9a2648794dc583571b165d27e96ac,1575960627234,1575960624
0x630821731927c53862bd0957788717507be9a2648794dc583571b165d27e96ac,1575960627235,1575960624
0x630821731927c53862bd0957788717507be9a2648794dc583571b165d27e96ac,1575960627236,1575960624
0x630821731927c53862bd0957788717507be9a2648794dc583571b165d27e96ac,1575960627238,1575960624
0x630821731927c53862bd0957788717507be9a2648794dc583571b165d27e96ac,1575960627239,1575960624
0x630821731927c53862bd0957788717507be9a2648794dc583571b165d27e96ac,1575960627240,1575960624
0x630821731927c53862bd0957788717507be9a2648794dc583571b165d27e96ac,1575960627241,1575960624
0x630821731927c53862bd0957788717507be9a2648794dc583571b165d27e96ac,1575960627242,1575960624
0x630821731927c53862bd0957788717507be9a2648794dc583571b165d27e96ac,1575960627244,1575960624
0x630821731927c53862bd0957788717507be9a2648794dc583571b165d27e96ac,1575960627245,1575960624
0x630821731927c53862bd0957788717507be9a2648794dc583571b165d27e96ac,1575960627246,1575960624
0x630821731927c53862bd0957788717507be9a2648794dc583571b165d27e96ac,1575960627247,1575960624
0x630821731927c53862bd0957788717507be9a2648794dc583571b165d27e96ac,1575960627248,1575960624
0x630821731927c53862bd0957788717507be9a2648794dc583571b165d27e96ac,1575960627249,1575960624
0x630821731927c53862bd0957788717507be9a2648794dc583571b165d27e96ac,1575960627250,1575960624
0x630821731927c53862bd0957788717507be9a2648794dc583571b165d27e96ac,1575960627251,1575960624
0x630821731927c53862bd0957788717507be9a2648794dc583571b165d27e96ac,1575960627251,1575960624
0x630821731927c53862bd0957788717507be9a2648794dc583571b165d27e96ac,1575960627252,1575960624
0x630821731927c53862bd0957788717507be9a2648794dc583571b165d27e96ac,1575960627253,1575960624
0x630821731927c53862bd0957788717507be9a2648794dc583571b165d27e96ac,1575960627254,1575960624
0x630821731927c53862bd0957788717507be9a2648794dc583571b165d27e96ac,1575960627255,1575960624
0x630821731927c53862bd0957788717507be9a2648794dc583571b165d27e96ac,1575960627257,1575960624
0x630821731927c53862bd0957788717507be9a2648794dc583571b165d27e96ac,1575960627258,1575960624
0x630821731927c53862bd0957788717507be9a2648794dc583571b165d27e96ac,1575960627259,1575960624
0x630821731927c53862bd0957788717507be9a2648794dc583571b165d27e96ac,1575960627260,1575960624
0x630821731927c53862bd0957788717507be9a2648794dc583571b165d27e96ac,1575960627261,1575960624
0x630821731927c53862bd0957788717507be9a2648794dc583571b165d27e96ac,1575960627262,1575960624
0x630821731927c53862bd0957788717507be9a2648794dc583571b165d27e96ac,1575960627263,1575960624
0x630821731927c53862bd0957788717507be9a2648794dc583571b165d27e96ac,1575960627263,1575960624
0x630821731927c53862bd0957788717507be9a2648794dc583571b165d27e96ac,1575960627264,1575960624
0x630821731927c53862bd0957788717507be9a2648794dc583571b165d27e96ac,1575960627265,1575960624
0x630821731927c53862bd0957788717507be9a2648794dc583571b165d27e96ac,1575960627266,1575960624
0x630821731927c53862bd0957788717507be9a2648794dc583571b165d27e96ac,1575960627266,1575960624
0x630821731927c53862bd0957788717507be9a2648794dc583571b165d27e96ac,1575960627267,1575960624
0x630821731927c53862bd0957788717507be9a2648794dc583571b165d27e96ac,1575960627268,1575960624
0x630821731927c53862bd0957788717507be9a2648794dc583571b165d27e96ac,1575960627268,1575960624
0x630821731927c53862bd0957788717507be9a2648794dc583571b165d27e96ac,1575960627269,1575960624
