0xe97f0ca33b723a42b96483ea2288b0e3a6df11b9cb82b2a9243366e45989d807,1577975647134,1577975646
0xe97f0ca33b723a42b96483ea2288b0e3a6df11b9cb82b2a9243366e45989d807,1577975647134,1577975646
0xe97f0ca33b723a42b96483ea2288b0e3a6df11b9cb82b2a9243366e45989d807,1577975647135,1577975646
0xe97f0ca33b723a42b96483ea2288b0e3a6df11b9cb82b2a9243366e45989d807,1577975647135,1577975646
0xe97f0ca33b723a42b96483ea2288b0e3a6df11b9cb82b2a9243366e45989d807,1577975647136,1577975646
0xe97f0ca33b723a42b96483ea2288b0e3a6df11b9cb82b2a9243366e45989d807,1577975647136,1577975646
0xe97f0ca33b723a42b96483ea2288b0e3a6df11b9cb82b2a9243366e45989d807,1577975647136,1577975646
0xe97f0ca33b723a42b96483ea2288b0e3a6df11b9cb82b2a9243366e45989d807,1577975647137,1577975646
0xe97f0ca33b723a42b96483ea2288b0e3a6df11b9cb82b2a9243366e45989d807,1577975647137,1577975646
0xe97f0ca33b723a42b96483ea2288b0e3a6df11b9cb82b2a9243366e45989d807,1577975647138,1577975646
0xe97f0ca33b723a42b96483ea2288b0e3a6df11b9cb82b2a9243366e45989d807,1577975647138,1577975646
0xe97f0ca33b723a42b96483ea2288b0e3a6df11b9cb82b2a9243366e45989d807,1577975647138,1577975646
0xe97f0ca33b723a42b96483ea2288b0e3a6df11b9cb82b2a9243366e45989d807,1577975647138,1577975646
0xe97f0ca33b723a42b96483ea2288b0e3a6df11b9cb82b2a9243366e45989d807,1577975647139,1577975646
0xe97f0ca33b723a42b96483ea2288b0e3a6df11b9cb82b2a9243366e45989d807,1577975647139,1577975646
0xe97f0ca33b723a42b96483ea2288b0e3a6df11b9cb82b2a9243366e45989d807,1577975647139,1577975646
0xe97f0ca33b723a42b96483ea2288b0e3a6df11b9cb82b2a9243366e45989d807,1577975647139,1577975646
0xe97f0ca33b723a42b96483ea2288b0e3a6df11b9cb82b2a9243366e45989d807,1577975647140,1577975646
0xe97f0ca33b723a42b96483ea2288b0e3a6df11b9cb82b2a9243366e45989d807,1577975647140,1577975646
0xe97f0ca33b723a42b96483ea2288b0e3a6df11b9cb82b2a9243366e45989d807,1577975647140,1577975646
0xe97f0ca33b723a42b96483ea2288b0e3a6df11b9cb82b2a9243366e45989d807,1577975647141,1577975646
0xe97f0ca33b723a42b96483ea2288b0e3a6df11b9cb82b2a9243366e45989d807,1577975647141,1577975646
0xe97f0ca33b723a42b96483ea2288b0e3a6df11b9cb82b2a9243366e45989d807,1577975647141,1577975646
0xe97f0ca33b723a42b96483ea2288b0e3a6df11b9cb82b2a9243366e45989d807,1577975647142,1577975646
0xe97f0ca33b723a42b96483ea2288b0e3a6df11b9cb82b2a9243366e45989d807,1577975647142,1577975646
0xe97f0ca33b723a42b96483ea2288b0e3a6df11b9cb82b2a9243366e45989d807,1577975647142,1577975646
0xe97f0ca33b723a42b96483ea2288b0e3a6df11b9cb82b2a9243366e45989d807,1577975647142,1577975646
0xe97f0ca33b723a42b96483ea2288b0e3a6df11b9cb82b2a9243366e45989d807,1577975647143,1577975646
0xe97f0ca33b723a42b96483ea2288b0e3a6df11b9cb82b2a9243366e45989d807,1577975647143,1577975646
0xe97f0ca33b723a42b96483ea2288b0e3a6df11b9cb82b2a9243366e45989d807,1577975647143,1577975646
0xe97f0ca33b723a42b96483ea2288b0e3a6df11b9cb82b2a9243366e45989d807,1577975647144,1577975646
0xe97f0ca33b723a42b96483ea2288b0e3a6df11b9cb82b2a9243366e45989d807,1577975647144,1577975646
0xe97f0ca33b723a42b96483ea2288b0e3a6df11b9cb82b2a9243366e45989d807,1577975647144,1577975646
0xe97f0ca33b723a42b96483ea2288b0e3a6df11b9cb82b2a9243366e45989d807,1577975647144,1577975646
0xe97f0ca33b723a42b96483ea2288b0e3a6df11b9cb82b2a9243366e45989d807,1577975647145,1577975646
0xe97f0ca33b723a42b96483ea2288b0e3a6df11b9cb82b2a9243366e45989d807,1577975647145,1577975646
0xe97f0ca33b723a42b96483ea2288b0e3a6df11b9cb82b2a9243366e45989d807,1577975647145,1577975646
0xe97f0ca33b723a42b96483ea2288b0e3a6df11b9cb82b2a9243366e45989d807,1577975647145,1577975646
0xe97f0ca33b723a42b96483ea2288b0e3a6df11b9cb82b2a9243366e45989d807,1577975647146,1577975646
0xe97f0ca33b723a42b96483ea2288b0e3a6df11b9cb82b2a9243366e45989d807,1577975647146,1577975646
0xe97f0ca33b723a42b96483ea2288b0e3a6df11b9cb82b2a9243366e45989d807,1577975647147,1577975646
0xe97f0ca33b723a42b96483ea2288b0e3a6df11b9cb82b2a9243366e45989d807,1577975647147,1577975646
0xe97f0ca33b723a42b96483ea2288b0e3a6df11b9cb82b2a9243366e45989d807,1577975647147,1577975646
0xe97f0ca33b723a42b96483ea2288b0e3a6df11b9cb82b2a9243366e45989d807,1577975647147,1577975646
0xe97f0ca33b723a42b96483ea2288b0e3a6df11b9cb82b2a9243366e45989d807,1577975647148,1577975646
0xe97f0ca33b723a42b96483ea2288b0e3a6df11b9cb82b2a9243366e45989d807,1577975647148,1577975646
0xe97f0ca33b723a42b96483ea2288b0e3a6df11b9cb82b2a9243366e45989d807,1577975647148,1577975646
0xe97f0ca33b723a42b96483ea2288b0e3a6df11b9cb82b2a9243366e45989d807,1577975647149,1577975646
0xe97f0ca33b723a42b96483ea2288b0e3a6df11b9cb82b2a9243366e45989d807,1577975647149,1577975646
0xe97f0ca33b723a42b96483ea2288b0e3a6df11b9cb82b2a9243366e45989d807,1577975647149,1577975646
0xe97f0ca33b723a42b96483ea2288b0e3a6df11b9cb82b2a9243366e45989d807,1577975647149,1577975646
0xe97f0ca33b723a42b96483ea2288b0e3a6df11b9cb82b2a9243366e45989d807,1577975647150,1577975646
0xe97f0ca33b723a42b96483ea2288b0e3a6df11b9cb82b2a9243366e45989d807,1577975647150,1577975646
0xe97f0ca33b723a42b96483ea2288b0e3a6df11b9cb82b2a9243366e45989d807,1577975647150,1577975646
0xe97f0ca33b723a42b96483ea2288b0e3a6df11b9cb82b2a9243366e45989d807,1577975647151,1577975646
0xe97f0ca33b723a42b96483ea2288b0e3a6df11b9cb82b2a9243366e45989d807,1577975647151,1577975646
0xe97f0ca33b723a42b96483ea2288b0e3a6df11b9cb82b2a9243366e45989d807,1577975647151,1577975646
0xe97f0ca33b723a42b96483ea2288b0e3a6df11b9cb82b2a9243366e45989d807,1577975647152,1577975646
0xe97f0ca33b723a42b96483ea2288b0e3a6df11b9cb82b2a9243366e45989d807,1577975647152,1577975646
0xe97f0ca33b723a42b96483ea2288b0e3a6df11b9cb82b2a9243366e45989d807,1577975647152,1577975646
0xe97f0ca33b723a42b96483ea2288b0e3a6df11b9cb82b2a9243366e45989d807,1577975647152,1577975646
0xe97f0ca33b723a42b96483ea2288b0e3a6df11b9cb82b2a9243366e45989d807,1577975647153,1577975646
0xe97f0ca33b723a42b96483ea2288b0e3a6df11b9cb82b2a9243366e45989d807,1577975647153,1577975646
0xe97f0ca33b723a42b96483ea2288b0e3a6df11b9cb82b2a9243366e45989d807,1577975647153,1577975646
0xe97f0ca33b723a42b96483ea2288b0e3a6df11b9cb82b2a9243366e45989d807,1577975647154,1577975646
0xe97f0ca33b723a42b96483ea2288b0e3a6df11b9cb82b2a9243366e45989d807,1577975647154,1577975646
0xe97f0ca33b723a42b96483ea2288b0e3a6df11b9cb82b2a9243366e45989d807,1577975647154,1577975646
0xe97f0ca33b723a42b96483ea2288b0e3a6df11b9cb82b2a9243366e45989d807,1577975647155,1577975646
0xe97f0ca33b723a42b96483ea2288b0e3a6df11b9cb82b2a9243366e45989d807,1577975647155,1577975646
0xe97f0ca33b723a42b96483ea2288b0e3a6df11b9cb82b2a9243366e45989d807,1577975647155,1577975646
0xe97f0ca33b723a42b96483ea2288b0e3a6df11b9cb82b2a9243366e45989d807,1577975647156,1577975646
0xe97f0ca33b723a42b96483ea2288b0e3a6df11b9cb82b2a9243366e45989d807,1577975647156,1577975646
0xe97f0ca33b723a42b96483ea2288b0e3a6df11b9cb82b2a9243366e45989d807,1577975647156,1577975646
0xe97f0ca33b723a42b96483ea2288b0e3a6df11b9cb82b2a9243366e45989d807,1577975647157,1577975646
0xe97f0ca33b723a42b96483ea2288b0e3a6df11b9cb82b2a9243366e45989d807,1577975647873,1577975647
0xe97f0ca33b723a42b96483ea2288b0e3a6df11b9cb82b2a9243366e45989d807,1577975647874,1577975647
0xe97f0ca33b723a42b96483ea2288b0e3a6df11b9cb82b2a9243366e45989d807,1577975647874,1577975647
0xe97f0ca33b723a42b96483ea2288b0e3a6df11b9cb82b2a9243366e45989d807,1577975647875,1577975647
0xe97f0ca33b723a42b96483ea2288b0e3a6df11b9cb82b2a9243366e45989d807,1577975647875,1577975647
0xe97f0ca33b723a42b96483ea2288b0e3a6df11b9cb82b2a9243366e45989d807,1577975647876,1577975647
0xe97f0ca33b723a42b96483ea2288b0e3a6df11b9cb82b2a9243366e45989d807,1577975647876,1577975647
0xe97f0ca33b723a42b96483ea2288b0e3a6df11b9cb82b2a9243366e45989d807,1577975647877,1577975647
0xe97f0ca33b723a42b96483ea2288b0e3a6df11b9cb82b2a9243366e45989d807,1577975647877,1577975647
0xe97f0ca33b723a42b96483ea2288b0e3a6df11b9cb82b2a9243366e45989d807,1577975647877,1577975647
0xe97f0ca33b723a42b96483ea2288b0e3a6df11b9cb82b2a9243366e45989d807,1577975647878,1577975647
0xe97f0ca33b723a42b96483ea2288b0e3a6df11b9cb82b2a9243366e45989d807,1577975656225,1577975648
0xe97f0ca33b723a42b96483ea2288b0e3a6df11b9cb82b2a9243366e45989d807,1577975656226,1577975648
0xe97f0ca33b723a42b96483ea2288b0e3a6df11b9cb82b2a9243366e45989d807,1577975656226,1577975648
0xe97f0ca33b723a42b96483ea2288b0e3a6df11b9cb82b2a9243366e45989d807,1577975656227,1577975648
0xe97f0ca33b723a42b96483ea2288b0e3a6df11b9cb82b2a9243366e45989d807,1577975656227,1577975648
0xe97f0ca33b723a42b96483ea2288b0e3a6df11b9cb82b2a9243366e45989d807,1577975656227,1577975648
0xe97f0ca33b723a42b96483ea2288b0e3a6df11b9cb82b2a9243366e45989d807,1577975656228,1577975648
0xe97f0ca33b723a42b96483ea2288b0e3a6df11b9cb82b2a9243366e45989d807,1577975656228,1577975648
0xe97f0ca33b723a42b96483ea2288b0e3a6df11b9cb82b2a9243366e45989d807,1577975656229,1577975648
0xe97f0ca33b723a42b96483ea2288b0e3a6df11b9cb82b2a9243366e45989d807,1577975656229,1577975648
0xe97f0ca33b723a42b96483ea2288b0e3a6df11b9cb82b2a9243366e45989d807,1577975656229,1577975648
0xe97f0ca33b723a42b96483ea2288b0e3a6df11b9cb82b2a9243366e45989d807,1577975656230,1577975648
0xe97f0ca33b723a42b96483ea2288b0e3a6df11b9cb82b2a9243366e45989d807,1577975656230,1577975648
0xe97f0ca33b723a42b96483ea2288b0e3a6df11b9cb82b2a9243366e45989d807,1577975656231,1577975648
0xe97f0ca33b723a42b96483ea2288b0e3a6df11b9cb82b2a9243366e45989d807,1577975656231,1577975648
0xe97f0ca33b723a42b96483ea2288b0e3a6df11b9cb82b2a9243366e45989d807,1577975656232,1577975648
0xe97f0ca33b723a42b96483ea2288b0e3a6df11b9cb82b2a9243366e45989d807,1577975656232,1577975648
0xe97f0ca33b723a42b96483ea2288b0e3a6df11b9cb82b2a9243366e45989d807,1577975656233,1577975648
0xe97f0ca33b723a42b96483ea2288b0e3a6df11b9cb82b2a9243366e45989d807,1577975656233,1577975648
0xe97f0ca33b723a42b96483ea2288b0e3a6df11b9cb82b2a9243366e45989d807,1577975656233,1577975648
0xe97f0ca33b723a42b96483ea2288b0e3a6df11b9cb82b2a9243366e45989d807,1577975656234,1577975648
0xe97f0ca33b723a42b96483ea2288b0e3a6df11b9cb82b2a9243366e45989d807,1577975656234,1577975648
0xe97f0ca33b723a42b96483ea2288b0e3a6df11b9cb82b2a9243366e45989d807,1577975656234,1577975648
0xe97f0ca33b723a42b96483ea2288b0e3a6df11b9cb82b2a9243366e45989d807,1577975656235,1577975648
0xe97f0ca33b723a42b96483ea2288b0e3a6df11b9cb82b2a9243366e45989d807,1577975656235,1577975648
0xe97f0ca33b723a42b96483ea2288b0e3a6df11b9cb82b2a9243366e45989d807,1577975656236,1577975648
0xe97f0ca33b723a42b96483ea2288b0e3a6df11b9cb82b2a9243366e45989d807,1577975656236,1577975648
0xe97f0ca33b723a42b96483ea2288b0e3a6df11b9cb82b2a9243366e45989d807,1577975656237,1577975648
0xe97f0ca33b723a42b96483ea2288b0e3a6df11b9cb82b2a9243366e45989d807,1577975656237,1577975648
0xe97f0ca33b723a42b96483ea2288b0e3a6df11b9cb82b2a9243366e45989d807,1577975656238,1577975648
0xe97f0ca33b723a42b96483ea2288b0e3a6df11b9cb82b2a9243366e45989d807,1577975656238,1577975648
0xe97f0ca33b723a42b96483ea2288b0e3a6df11b9cb82b2a9243366e45989d807,1577975656239,1577975648
0xe97f0ca33b723a42b96483ea2288b0e3a6df11b9cb82b2a9243366e45989d807,1577975656239,1577975648
0xe97f0ca33b723a42b96483ea2288b0e3a6df11b9cb82b2a9243366e45989d807,1577975656240,1577975648
0xe97f0ca33b723a42b96483ea2288b0e3a6df11b9cb82b2a9243366e45989d807,1577975656240,1577975648
0xe97f0ca33b723a42b96483ea2288b0e3a6df11b9cb82b2a9243366e45989d807,1577975656241,1577975648
0xe97f0ca33b723a42b96483ea2288b0e3a6df11b9cb82b2a9243366e45989d807,1577975656241,1577975648
0xe97f0ca33b723a42b96483ea2288b0e3a6df11b9cb82b2a9243366e45989d807,1577975656241,1577975648
0xe97f0ca33b723a42b96483ea2288b0e3a6df11b9cb82b2a9243366e45989d807,1577975656241,1577975648
0xe97f0ca33b723a42b96483ea2288b0e3a6df11b9cb82b2a9243366e45989d807,1577975656242,1577975648
0xe97f0ca33b723a42b96483ea2288b0e3a6df11b9cb82b2a9243366e45989d807,1577975656242,1577975648
0xe97f0ca33b723a42b96483ea2288b0e3a6df11b9cb82b2a9243366e45989d807,1577975656242,1577975648
0xe97f0ca33b723a42b96483ea2288b0e3a6df11b9cb82b2a9243366e45989d807,1577975656243,1577975648
0xe97f0ca33b723a42b96483ea2288b0e3a6df11b9cb82b2a9243366e45989d807,1577975656243,1577975648
0xe97f0ca33b723a42b96483ea2288b0e3a6df11b9cb82b2a9243366e45989d807,1577975656243,1577975648
0xe97f0ca33b723a42b96483ea2288b0e3a6df11b9cb82b2a9243366e45989d807,1577975656244,1577975648
0xe97f0ca33b723a42b96483ea2288b0e3a6df11b9cb82b2a9243366e45989d807,1577975656245,1577975648
0xe97f0ca33b723a42b96483ea2288b0e3a6df11b9cb82b2a9243366e45989d807,1577975656245,1577975648
0xe97f0ca33b723a42b96483ea2288b0e3a6df11b9cb82b2a9243366e45989d807,1577975656245,1577975648
0xe97f0ca33b723a42b96483ea2288b0e3a6df11b9cb82b2a9243366e45989d807,1577975656245,1577975648
0xe97f0ca33b723a42b96483ea2288b0e3a6df11b9cb82b2a9243366e45989d807,1577975656246,1577975648
0xe97f0ca33b723a42b96483ea2288b0e3a6df11b9cb82b2a9243366e45989d807,1577975656246,1577975648
0xe97f0ca33b723a42b96483ea2288b0e3a6df11b9cb82b2a9243366e45989d807,1577975656246,1577975648
0xe97f0ca33b723a42b96483ea2288b0e3a6df11b9cb82b2a9243366e45989d807,1577975656246,1577975648
0xe97f0ca33b723a42b96483ea2288b0e3a6df11b9cb82b2a9243366e45989d807,1577975656246,1577975648
0xe97f0ca33b723a42b96483ea2288b0e3a6df11b9cb82b2a9243366e45989d807,1577975656247,1577975648
0xe97f0ca33b723a42b96483ea2288b0e3a6df11b9cb82b2a9243366e45989d807,1577975656247,1577975648
0xe97f0ca33b723a42b96483ea2288b0e3a6df11b9cb82b2a9243366e45989d807,1577975656248,1577975648
0xe97f0ca33b723a42b96483ea2288b0e3a6df11b9cb82b2a9243366e45989d807,1577975656248,1577975648
0xe97f0ca33b723a42b96483ea2288b0e3a6df11b9cb82b2a9243366e45989d807,1577975656249,1577975648
0xe97f0ca33b723a42b96483ea2288b0e3a6df11b9cb82b2a9243366e45989d807,1577975656249,1577975648
0xe97f0ca33b723a42b96483ea2288b0e3a6df11b9cb82b2a9243366e45989d807,1577975656250,1577975648
0xe97f0ca33b723a42b96483ea2288b0e3a6df11b9cb82b2a9243366e45989d807,1577975656250,1577975648
0xe97f0ca33b723a42b96483ea2288b0e3a6df11b9cb82b2a9243366e45989d807,1577975656250,1577975648
0xe97f0ca33b723a42b96483ea2288b0e3a6df11b9cb82b2a9243366e45989d807,1577975656250,1577975648
0xe97f0ca33b723a42b96483ea2288b0e3a6df11b9cb82b2a9243366e45989d807,1577975656251,1577975648
0xe97f0ca33b723a42b96483ea2288b0e3a6df11b9cb82b2a9243366e45989d807,1577975656251,1577975648
0xe97f0ca33b723a42b96483ea2288b0e3a6df11b9cb82b2a9243366e45989d807,1577975656251,1577975648
0xe97f0ca33b723a42b96483ea2288b0e3a6df11b9cb82b2a9243366e45989d807,1577975656252,1577975648
0xe97f0ca33b723a42b96483ea2288b0e3a6df11b9cb82b2a9243366e45989d807,1577975656252,1577975648
0xe97f0ca33b723a42b96483ea2288b0e3a6df11b9cb82b2a9243366e45989d807,1577975656252,1577975648
0xe97f0ca33b723a42b96483ea2288b0e3a6df11b9cb82b2a9243366e45989d807,1577975656252,1577975648
0xe97f0ca33b723a42b96483ea2288b0e3a6df11b9cb82b2a9243366e45989d807,1577975656253,1577975648
0xe97f0ca33b723a42b96483ea2288b0e3a6df11b9cb82b2a9243366e45989d807,1577975656253,1577975648
0xe97f0ca33b723a42b96483ea2288b0e3a6df11b9cb82b2a9243366e45989d807,1577975656253,1577975648
0xe97f0ca33b723a42b96483ea2288b0e3a6df11b9cb82b2a9243366e45989d807,1577975656254,1577975648
0xe97f0ca33b723a42b96483ea2288b0e3a6df11b9cb82b2a9243366e45989d807,1577975656254,1577975648
0xe97f0ca33b723a42b96483ea2288b0e3a6df11b9cb82b2a9243366e45989d807,1577975656254,1577975648
0xe97f0ca33b723a42b96483ea2288b0e3a6df11b9cb82b2a9243366e45989d807,1577975656255,1577975648
0xe97f0ca33b723a42b96483ea2288b0e3a6df11b9cb82b2a9243366e45989d807,1577975656255,1577975648
0xe97f0ca33b723a42b96483ea2288b0e3a6df11b9cb82b2a9243366e45989d807,1577975656255,1577975648
0xe97f0ca33b723a42b96483ea2288b0e3a6df11b9cb82b2a9243366e45989d807,1577975656256,1577975648
0xe97f0ca33b723a42b96483ea2288b0e3a6df11b9cb82b2a9243366e45989d807,1577975656256,1577975648
0xe97f0ca33b723a42b96483ea2288b0e3a6df11b9cb82b2a9243366e45989d807,1577975656256,1577975648
0xe97f0ca33b723a42b96483ea2288b0e3a6df11b9cb82b2a9243366e45989d807,1577975656256,1577975648
0xe97f0ca33b723a42b96483ea2288b0e3a6df11b9cb82b2a9243366e45989d807,1577975656257,1577975648
0xe97f0ca33b723a42b96483ea2288b0e3a6df11b9cb82b2a9243366e45989d807,1577975656257,1577975648
0xe97f0ca33b723a42b96483ea2288b0e3a6df11b9cb82b2a9243366e45989d807,1577975656257,1577975648
0xe97f0ca33b723a42b96483ea2288b0e3a6df11b9cb82b2a9243366e45989d807,1577975656257,1577975648
0xe97f0ca33b723a42b96483ea2288b0e3a6df11b9cb82b2a9243366e45989d807,1577975656257,1577975648
0xe97f0ca33b723a42b96483ea2288b0e3a6df11b9cb82b2a9243366e45989d807,1577975656258,1577975648
0xe97f0ca33b723a42b96483ea2288b0e3a6df11b9cb82b2a9243366e45989d807,1577975656258,1577975648
0xe97f0ca33b723a42b96483ea2288b0e3a6df11b9cb82b2a9243366e45989d807,1577975656259,1577975648
0xe97f0ca33b723a42b96483ea2288b0e3a6df11b9cb82b2a9243366e45989d807,1577975656259,1577975648
0xe97f0ca33b723a42b96483ea2288b0e3a6df11b9cb82b2a9243366e45989d807,1577975656259,1577975648
0xe97f0ca33b723a42b96483ea2288b0e3a6df11b9cb82b2a9243366e45989d807,1577975656259,1577975648
0xe97f0ca33b723a42b96483ea2288b0e3a6df11b9cb82b2a9243366e45989d807,1577975656260,1577975648
0xe97f0ca33b723a42b96483ea2288b0e3a6df11b9cb82b2a9243366e45989d807,1577975656260,1577975648
0xe97f0ca33b723a42b96483ea2288b0e3a6df11b9cb82b2a9243366e45989d807,1577975656260,1577975648
0xe97f0ca33b723a42b96483ea2288b0e3a6df11b9cb82b2a9243366e45989d807,1577975656260,1577975648
0xe97f0ca33b723a42b96483ea2288b0e3a6df11b9cb82b2a9243366e45989d807,1577975656261,1577975648
0xe97f0ca33b723a42b96483ea2288b0e3a6df11b9cb82b2a9243366e45989d807,1577975656261,1577975648
0xe97f0ca33b723a42b96483ea2288b0e3a6df11b9cb82b2a9243366e45989d807,1577975656261,1577975648
0xe97f0ca33b723a42b96483ea2288b0e3a6df11b9cb82b2a9243366e45989d807,1577975656262,1577975648
0xe97f0ca33b723a42b96483ea2288b0e3a6df11b9cb82b2a9243366e45989d807,1577975656262,1577975648
0xe97f0ca33b723a42b96483ea2288b0e3a6df11b9cb82b2a9243366e45989d807,1577975656262,1577975648
0xe97f0ca33b723a42b96483ea2288b0e3a6df11b9cb82b2a9243366e45989d807,1577975656263,1577975648
0xe97f0ca33b723a42b96483ea2288b0e3a6df11b9cb82b2a9243366e45989d807,1577975656263,1577975648
0xe97f0ca33b723a42b96483ea2288b0e3a6df11b9cb82b2a9243366e45989d807,1577975656263,1577975648
0xe97f0ca33b723a42b96483ea2288b0e3a6df11b9cb82b2a9243366e45989d807,1577975656263,1577975648
0xe97f0ca33b723a42b96483ea2288b0e3a6df11b9cb82b2a9243366e45989d807,1577975656263,1577975648
0xe97f0ca33b723a42b96483ea2288b0e3a6df11b9cb82b2a9243366e45989d807,1577975656264,1577975648
0xe97f0ca33b723a42b96483ea2288b0e3a6df11b9cb82b2a9243366e45989d807,1577975656264,1577975648
0xe97f0ca33b723a42b96483ea2288b0e3a6df11b9cb82b2a9243366e45989d807,1577975656265,1577975648
0xe97f0ca33b723a42b96483ea2288b0e3a6df11b9cb82b2a9243366e45989d807,1577975656265,1577975648
0xe97f0ca33b723a42b96483ea2288b0e3a6df11b9cb82b2a9243366e45989d807,1577975656265,1577975648
0xe97f0ca33b723a42b96483ea2288b0e3a6df11b9cb82b2a9243366e45989d807,1577975656265,1577975648
0xe97f0ca33b723a42b96483ea2288b0e3a6df11b9cb82b2a9243366e45989d807,1577975656266,1577975648
0xe97f0ca33b723a42b96483ea2288b0e3a6df11b9cb82b2a9243366e45989d807,1577975656266,1577975648
0xe97f0ca33b723a42b96483ea2288b0e3a6df11b9cb82b2a9243366e45989d807,1577975656266,1577975648
0xe97f0ca33b723a42b96483ea2288b0e3a6df11b9cb82b2a9243366e45989d807,1577975656267,1577975648
0xe97f0ca33b723a42b96483ea2288b0e3a6df11b9cb82b2a9243366e45989d807,1577975656267,1577975648
0xe97f0ca33b723a42b96483ea2288b0e3a6df11b9cb82b2a9243366e45989d807,1577975656267,1577975648
0xe97f0ca33b723a42b96483ea2288b0e3a6df11b9cb82b2a9243366e45989d807,1577975656268,1577975648
0xe97f0ca33b723a42b96483ea2288b0e3a6df11b9cb82b2a9243366e45989d807,1577975656268,1577975648
0xe97f0ca33b723a42b96483ea2288b0e3a6df11b9cb82b2a9243366e45989d807,1577975656268,1577975648
0xe97f0ca33b723a42b96483ea2288b0e3a6df11b9cb82b2a9243366e45989d807,1577975656268,1577975648
0xe97f0ca33b723a42b96483ea2288b0e3a6df11b9cb82b2a9243366e45989d807,1577975656269,1577975648
0xe97f0ca33b723a42b96483ea2288b0e3a6df11b9cb82b2a9243366e45989d807,1577975656269,1577975648
0xe97f0ca33b723a42b96483ea2288b0e3a6df11b9cb82b2a9243366e45989d807,1577975656269,1577975648
0xe97f0ca33b723a42b96483ea2288b0e3a6df11b9cb82b2a9243366e45989d807,1577975656269,1577975648
0xe97f0ca33b723a42b96483ea2288b0e3a6df11b9cb82b2a9243366e45989d807,1577975656270,1577975648
0xe97f0ca33b723a42b96483ea2288b0e3a6df11b9cb82b2a9243366e45989d807,1577975656270,1577975648
0xe97f0ca33b723a42b96483ea2288b0e3a6df11b9cb82b2a9243366e45989d807,1577975656270,1577975648
0xe97f0ca33b723a42b96483ea2288b0e3a6df11b9cb82b2a9243366e45989d807,1577975656271,1577975648
0xe97f0ca33b723a42b96483ea2288b0e3a6df11b9cb82b2a9243366e45989d807,1577975656271,1577975648
0xe97f0ca33b723a42b96483ea2288b0e3a6df11b9cb82b2a9243366e45989d807,1577975656272,1577975648
0xe97f0ca33b723a42b96483ea2288b0e3a6df11b9cb82b2a9243366e45989d807,1577975656272,1577975648
0xe97f0ca33b723a42b96483ea2288b0e3a6df11b9cb82b2a9243366e45989d807,1577975656272,1577975648
0xe97f0ca33b723a42b96483ea2288b0e3a6df11b9cb82b2a9243366e45989d807,1577975656272,1577975648
0xe97f0ca33b723a42b96483ea2288b0e3a6df11b9cb82b2a9243366e45989d807,1577975656273,1577975648
0xe97f0ca33b723a42b96483ea2288b0e3a6df11b9cb82b2a9243366e45989d807,1577975656273,1577975648
0xe97f0ca33b723a42b96483ea2288b0e3a6df11b9cb82b2a9243366e45989d807,1577975656273,1577975648
0xe97f0ca33b723a42b96483ea2288b0e3a6df11b9cb82b2a9243366e45989d807,1577975656273,1577975648
0xe97f0ca33b723a42b96483ea2288b0e3a6df11b9cb82b2a9243366e45989d807,1577975656273,1577975648
0xe97f0ca33b723a42b96483ea2288b0e3a6df11b9cb82b2a9243366e45989d807,1577975656277,1577975648
0xe97f0ca33b723a42b96483ea2288b0e3a6df11b9cb82b2a9243366e45989d807,1577975656277,1577975648
0xe97f0ca33b723a42b96483ea2288b0e3a6df11b9cb82b2a9243366e45989d807,1577975656277,1577975648
0xe97f0ca33b723a42b96483ea2288b0e3a6df11b9cb82b2a9243366e45989d807,1577975656277,1577975648
0xe97f0ca33b723a42b96483ea2288b0e3a6df11b9cb82b2a9243366e45989d807,1577975656278,1577975648
0xe97f0ca33b723a42b96483ea2288b0e3a6df11b9cb82b2a9243366e45989d807,1577975656278,1577975648
0xe97f0ca33b723a42b96483ea2288b0e3a6df11b9cb82b2a9243366e45989d807,1577975656278,1577975648
0xe97f0ca33b723a42b96483ea2288b0e3a6df11b9cb82b2a9243366e45989d807,1577975656278,1577975648
0xe97f0ca33b723a42b96483ea2288b0e3a6df11b9cb82b2a9243366e45989d807,1577975656279,1577975648
0xe97f0ca33b723a42b96483ea2288b0e3a6df11b9cb82b2a9243366e45989d807,1577975656279,1577975648
0xe97f0ca33b723a42b96483ea2288b0e3a6df11b9cb82b2a9243366e45989d807,1577975656279,1577975648
0xe97f0ca33b723a42b96483ea2288b0e3a6df11b9cb82b2a9243366e45989d807,1577975656280,1577975648
0xe97f0ca33b723a42b96483ea2288b0e3a6df11b9cb82b2a9243366e45989d807,1577975656280,1577975648
0xe97f0ca33b723a42b96483ea2288b0e3a6df11b9cb82b2a9243366e45989d807,1577975656280,1577975648
0xe97f0ca33b723a42b96483ea2288b0e3a6df11b9cb82b2a9243366e45989d807,1577975656280,1577975648
0xe97f0ca33b723a42b96483ea2288b0e3a6df11b9cb82b2a9243366e45989d807,1577975656280,1577975648
0xe97f0ca33b723a42b96483ea2288b0e3a6df11b9cb82b2a9243366e45989d807,1577975656281,1577975648
0xe97f0ca33b723a42b96483ea2288b0e3a6df11b9cb82b2a9243366e45989d807,1577975656281,1577975648
0xe97f0ca33b723a42b96483ea2288b0e3a6df11b9cb82b2a9243366e45989d807,1577975656281,1577975648
0xe97f0ca33b723a42b96483ea2288b0e3a6df11b9cb82b2a9243366e45989d807,1577975656281,1577975648
0xe97f0ca33b723a42b96483ea2288b0e3a6df11b9cb82b2a9243366e45989d807,1577975656282,1577975648
0xe97f0ca33b723a42b96483ea2288b0e3a6df11b9cb82b2a9243366e45989d807,1577975656282,1577975648
0xe97f0ca33b723a42b96483ea2288b0e3a6df11b9cb82b2a9243366e45989d807,1577975656282,1577975648
0xe97f0ca33b723a42b96483ea2288b0e3a6df11b9cb82b2a9243366e45989d807,1577975656283,1577975648
0xe97f0ca33b723a42b96483ea2288b0e3a6df11b9cb82b2a9243366e45989d807,1577975656283,1577975648
0xe97f0ca33b723a42b96483ea2288b0e3a6df11b9cb82b2a9243366e45989d807,1577975656283,1577975648
0xe97f0ca33b723a42b96483ea2288b0e3a6df11b9cb82b2a9243366e45989d807,1577975656284,1577975648
0xe97f0ca33b723a42b96483ea2288b0e3a6df11b9cb82b2a9243366e45989d807,1577975656284,1577975648
0xe97f0ca33b723a42b96483ea2288b0e3a6df11b9cb82b2a9243366e45989d807,1577975656284,1577975648
0xe97f0ca33b723a42b96483ea2288b0e3a6df11b9cb82b2a9243366e45989d807,1577975656285,1577975648
0xe97f0ca33b723a42b96483ea2288b0e3a6df11b9cb82b2a9243366e45989d807,1577975656285,1577975648
0xe97f0ca33b723a42b96483ea2288b0e3a6df11b9cb82b2a9243366e45989d807,1577975656285,1577975648
0xe97f0ca33b723a42b96483ea2288b0e3a6df11b9cb82b2a9243366e45989d807,1577975656286,1577975648
0xe97f0ca33b723a42b96483ea2288b0e3a6df11b9cb82b2a9243366e45989d807,1577975656286,1577975648
0xe97f0ca33b723a42b96483ea2288b0e3a6df11b9cb82b2a9243366e45989d807,1577975656287,1577975648
0xe97f0ca33b723a42b96483ea2288b0e3a6df11b9cb82b2a9243366e45989d807,1577975656287,1577975648
0xe97f0ca33b723a42b96483ea2288b0e3a6df11b9cb82b2a9243366e45989d807,1577975656288,1577975648
0xe97f0ca33b723a42b96483ea2288b0e3a6df11b9cb82b2a9243366e45989d807,1577975656288,1577975648
0xe97f0ca33b723a42b96483ea2288b0e3a6df11b9cb82b2a9243366e45989d807,1577975656288,1577975648
0xe97f0ca33b723a42b96483ea2288b0e3a6df11b9cb82b2a9243366e45989d807,1577975656288,1577975648
0xe97f0ca33b723a42b96483ea2288b0e3a6df11b9cb82b2a9243366e45989d807,1577975656289,1577975648
0xe97f0ca33b723a42b96483ea2288b0e3a6df11b9cb82b2a9243366e45989d807,1577975656289,1577975648
0xe97f0ca33b723a42b96483ea2288b0e3a6df11b9cb82b2a9243366e45989d807,1577975656289,1577975648
0xe97f0ca33b723a42b96483ea2288b0e3a6df11b9cb82b2a9243366e45989d807,1577975656290,1577975648
0xe97f0ca33b723a42b96483ea2288b0e3a6df11b9cb82b2a9243366e45989d807,1577975656290,1577975648
0xe97f0ca33b723a42b96483ea2288b0e3a6df11b9cb82b2a9243366e45989d807,1577975656291,1577975648
0xe97f0ca33b723a42b96483ea2288b0e3a6df11b9cb82b2a9243366e45989d807,1577975656291,1577975648
0xe97f0ca33b723a42b96483ea2288b0e3a6df11b9cb82b2a9243366e45989d807,1577975656291,1577975648
0xe97f0ca33b723a42b96483ea2288b0e3a6df11b9cb82b2a9243366e45989d807,1577975656292,1577975648
0xe97f0ca33b723a42b96483ea2288b0e3a6df11b9cb82b2a9243366e45989d807,1577975656292,1577975648
0xe97f0ca33b723a42b96483ea2288b0e3a6df11b9cb82b2a9243366e45989d807,1577975656293,1577975648
0xe97f0ca33b723a42b96483ea2288b0e3a6df11b9cb82b2a9243366e45989d807,1577975656293,1577975648
0xe97f0ca33b723a42b96483ea2288b0e3a6df11b9cb82b2a9243366e45989d807,1577975656293,1577975648
0xe97f0ca33b723a42b96483ea2288b0e3a6df11b9cb82b2a9243366e45989d807,1577975656294,1577975648
0xe97f0ca33b723a42b96483ea2288b0e3a6df11b9cb82b2a9243366e45989d807,1577975656294,1577975648
0xe97f0ca33b723a42b96483ea2288b0e3a6df11b9cb82b2a9243366e45989d807,1577975656295,1577975648
0xe97f0ca33b723a42b96483ea2288b0e3a6df11b9cb82b2a9243366e45989d807,1577975656295,1577975648
0xe97f0ca33b723a42b96483ea2288b0e3a6df11b9cb82b2a9243366e45989d807,1577975656296,1577975648
0xe97f0ca33b723a42b96483ea2288b0e3a6df11b9cb82b2a9243366e45989d807,1577975656296,1577975648
0xe97f0ca33b723a42b96483ea2288b0e3a6df11b9cb82b2a9243366e45989d807,1577975656296,1577975648
0xe97f0ca33b723a42b96483ea2288b0e3a6df11b9cb82b2a9243366e45989d807,1577975656297,1577975648
0xe97f0ca33b723a42b96483ea2288b0e3a6df11b9cb82b2a9243366e45989d807,1577975656297,1577975648
0xe97f0ca33b723a42b96483ea2288b0e3a6df11b9cb82b2a9243366e45989d807,1577975656297,1577975648
0xe97f0ca33b723a42b96483ea2288b0e3a6df11b9cb82b2a9243366e45989d807,1577975656298,1577975648
0xe97f0ca33b723a42b96483ea2288b0e3a6df11b9cb82b2a9243366e45989d807,1577975656298,1577975648
0xe97f0ca33b723a42b96483ea2288b0e3a6df11b9cb82b2a9243366e45989d807,1577975656299,1577975648
0xe97f0ca33b723a42b96483ea2288b0e3a6df11b9cb82b2a9243366e45989d807,1577975656299,1577975648
0xe97f0ca33b723a42b96483ea2288b0e3a6df11b9cb82b2a9243366e45989d807,1577975656299,1577975648
0xe97f0ca33b723a42b96483ea2288b0e3a6df11b9cb82b2a9243366e45989d807,1577975656300,1577975648
0xe97f0ca33b723a42b96483ea2288b0e3a6df11b9cb82b2a9243366e45989d807,1577975656300,1577975648
0xe97f0ca33b723a42b96483ea2288b0e3a6df11b9cb82b2a9243366e45989d807,1577975656300,1577975648
0xe97f0ca33b723a42b96483ea2288b0e3a6df11b9cb82b2a9243366e45989d807,1577975656300,1577975648
0xe97f0ca33b723a42b96483ea2288b0e3a6df11b9cb82b2a9243366e45989d807,1577975656301,1577975648
0xe97f0ca33b723a42b96483ea2288b0e3a6df11b9cb82b2a9243366e45989d807,1577975656301,1577975648
0xe97f0ca33b723a42b96483ea2288b0e3a6df11b9cb82b2a9243366e45989d807,1577975656301,1577975648
0xe97f0ca33b723a42b96483ea2288b0e3a6df11b9cb82b2a9243366e45989d807,1577975656302,1577975648
0xe97f0ca33b723a42b96483ea2288b0e3a6df11b9cb82b2a9243366e45989d807,1577975656302,1577975648
0xe97f0ca33b723a42b96483ea2288b0e3a6df11b9cb82b2a9243366e45989d807,1577975656303,1577975648
0xe97f0ca33b723a42b96483ea2288b0e3a6df11b9cb82b2a9243366e45989d807,1577975656303,1577975648
0xe97f0ca33b723a42b96483ea2288b0e3a6df11b9cb82b2a9243366e45989d807,1577975656304,1577975648
0xe97f0ca33b723a42b96483ea2288b0e3a6df11b9cb82b2a9243366e45989d807,1577975656304,1577975648
0xe97f0ca33b723a42b96483ea2288b0e3a6df11b9cb82b2a9243366e45989d807,1577975656305,1577975648
0xe97f0ca33b723a42b96483ea2288b0e3a6df11b9cb82b2a9243366e45989d807,1577975656305,1577975648
0xe97f0ca33b723a42b96483ea2288b0e3a6df11b9cb82b2a9243366e45989d807,1577975656305,1577975648
0xe97f0ca33b723a42b96483ea2288b0e3a6df11b9cb82b2a9243366e45989d807,1577975656306,1577975648
0xe97f0ca33b723a42b96483ea2288b0e3a6df11b9cb82b2a9243366e45989d807,1577975656306,1577975648
0xe97f0ca33b723a42b96483ea2288b0e3a6df11b9cb82b2a9243366e45989d807,1577975656306,1577975648
0xe97f0ca33b723a42b96483ea2288b0e3a6df11b9cb82b2a9243366e45989d807,1577975656306,1577975648
0xe97f0ca33b723a42b96483ea2288b0e3a6df11b9cb82b2a9243366e45989d807,1577975656307,1577975648
0xe97f0ca33b723a42b96483ea2288b0e3a6df11b9cb82b2a9243366e45989d807,1577975656307,1577975648
0xe97f0ca33b723a42b96483ea2288b0e3a6df11b9cb82b2a9243366e45989d807,1577975656308,1577975648
0xe97f0ca33b723a42b96483ea2288b0e3a6df11b9cb82b2a9243366e45989d807,1577975656308,1577975648
0xe97f0ca33b723a42b96483ea2288b0e3a6df11b9cb82b2a9243366e45989d807,1577975656308,1577975648
0xe97f0ca33b723a42b96483ea2288b0e3a6df11b9cb82b2a9243366e45989d807,1577975656309,1577975648
0xe97f0ca33b723a42b96483ea2288b0e3a6df11b9cb82b2a9243366e45989d807,1577975656309,1577975648
0xe97f0ca33b723a42b96483ea2288b0e3a6df11b9cb82b2a9243366e45989d807,1577975656310,1577975648
0xe97f0ca33b723a42b96483ea2288b0e3a6df11b9cb82b2a9243366e45989d807,1577975656310,1577975648
0xe97f0ca33b723a42b96483ea2288b0e3a6df11b9cb82b2a9243366e45989d807,1577975656310,1577975648
0xe97f0ca33b723a42b96483ea2288b0e3a6df11b9cb82b2a9243366e45989d807,1577975656311,1577975648
0xe97f0ca33b723a42b96483ea2288b0e3a6df11b9cb82b2a9243366e45989d807,1577975656311,1577975648
0xe97f0ca33b723a42b96483ea2288b0e3a6df11b9cb82b2a9243366e45989d807,1577975656312,1577975648
0xe97f0ca33b723a42b96483ea2288b0e3a6df11b9cb82b2a9243366e45989d807,1577975656312,1577975648
0xe97f0ca33b723a42b96483ea2288b0e3a6df11b9cb82b2a9243366e45989d807,1577975656312,1577975648
0xe97f0ca33b723a42b96483ea2288b0e3a6df11b9cb82b2a9243366e45989d807,1577975656312,1577975648
0xe97f0ca33b723a42b96483ea2288b0e3a6df11b9cb82b2a9243366e45989d807,1577975656313,1577975648
0xe97f0ca33b723a42b96483ea2288b0e3a6df11b9cb82b2a9243366e45989d807,1577975656313,1577975648
0xe97f0ca33b723a42b96483ea2288b0e3a6df11b9cb82b2a9243366e45989d807,1577975656313,1577975648
0xe97f0ca33b723a42b96483ea2288b0e3a6df11b9cb82b2a9243366e45989d807,1577975656314,1577975648
0xe97f0ca33b723a42b96483ea2288b0e3a6df11b9cb82b2a9243366e45989d807,1577975656314,1577975648
0xe97f0ca33b723a42b96483ea2288b0e3a6df11b9cb82b2a9243366e45989d807,1577975656314,1577975648
0xe97f0ca33b723a42b96483ea2288b0e3a6df11b9cb82b2a9243366e45989d807,1577975656315,1577975648
0xe97f0ca33b723a42b96483ea2288b0e3a6df11b9cb82b2a9243366e45989d807,1577975656316,1577975648
0xe97f0ca33b723a42b96483ea2288b0e3a6df11b9cb82b2a9243366e45989d807,1577975656316,1577975648
0xe97f0ca33b723a42b96483ea2288b0e3a6df11b9cb82b2a9243366e45989d807,1577975656316,1577975648
0xe97f0ca33b723a42b96483ea2288b0e3a6df11b9cb82b2a9243366e45989d807,1577975656316,1577975648
0xe97f0ca33b723a42b96483ea2288b0e3a6df11b9cb82b2a9243366e45989d807,1577975656317,1577975648
0xe97f0ca33b723a42b96483ea2288b0e3a6df11b9cb82b2a9243366e45989d807,1577975656317,1577975648
0xe97f0ca33b723a42b96483ea2288b0e3a6df11b9cb82b2a9243366e45989d807,1577975656317,1577975648
0xe97f0ca33b723a42b96483ea2288b0e3a6df11b9cb82b2a9243366e45989d807,1577975656318,1577975648
0xe97f0ca33b723a42b96483ea2288b0e3a6df11b9cb82b2a9243366e45989d807,1577975656318,1577975648
0xe97f0ca33b723a42b96483ea2288b0e3a6df11b9cb82b2a9243366e45989d807,1577975656318,1577975648
0xe97f0ca33b723a42b96483ea2288b0e3a6df11b9cb82b2a9243366e45989d807,1577975656322,1577975648
0xe97f0ca33b723a42b96483ea2288b0e3a6df11b9cb82b2a9243366e45989d807,1577975656322,1577975648
0xe97f0ca33b723a42b96483ea2288b0e3a6df11b9cb82b2a9243366e45989d807,1577975656323,1577975648
0xe97f0ca33b723a42b96483ea2288b0e3a6df11b9cb82b2a9243366e45989d807,1577975656323,1577975648
0xe97f0ca33b723a42b96483ea2288b0e3a6df11b9cb82b2a9243366e45989d807,1577975656323,1577975648
0xe97f0ca33b723a42b96483ea2288b0e3a6df11b9cb82b2a9243366e45989d807,1577975656324,1577975648
0xe97f0ca33b723a42b96483ea2288b0e3a6df11b9cb82b2a9243366e45989d807,1577975656324,1577975648
0xe97f0ca33b723a42b96483ea2288b0e3a6df11b9cb82b2a9243366e45989d807,1577975656324,1577975648
0xe97f0ca33b723a42b96483ea2288b0e3a6df11b9cb82b2a9243366e45989d807,1577975656325,1577975648
0xe97f0ca33b723a42b96483ea2288b0e3a6df11b9cb82b2a9243366e45989d807,1577975656325,1577975648
0xe97f0ca33b723a42b96483ea2288b0e3a6df11b9cb82b2a9243366e45989d807,1577975656325,1577975648
0xe97f0ca33b723a42b96483ea2288b0e3a6df11b9cb82b2a9243366e45989d807,1577975656326,1577975648
0xe97f0ca33b723a42b96483ea2288b0e3a6df11b9cb82b2a9243366e45989d807,1577975656326,1577975648
0xe97f0ca33b723a42b96483ea2288b0e3a6df11b9cb82b2a9243366e45989d807,1577975656327,1577975648
0xe97f0ca33b723a42b96483ea2288b0e3a6df11b9cb82b2a9243366e45989d807,1577975656327,1577975648
0xe97f0ca33b723a42b96483ea2288b0e3a6df11b9cb82b2a9243366e45989d807,1577975656328,1577975648
0xe97f0ca33b723a42b96483ea2288b0e3a6df11b9cb82b2a9243366e45989d807,1577975656328,1577975648
0xe97f0ca33b723a42b96483ea2288b0e3a6df11b9cb82b2a9243366e45989d807,1577975656328,1577975648
0xe97f0ca33b723a42b96483ea2288b0e3a6df11b9cb82b2a9243366e45989d807,1577975656329,1577975648
0xe97f0ca33b723a42b96483ea2288b0e3a6df11b9cb82b2a9243366e45989d807,1577975656330,1577975648
0xe97f0ca33b723a42b96483ea2288b0e3a6df11b9cb82b2a9243366e45989d807,1577975656330,1577975648
0xe97f0ca33b723a42b96483ea2288b0e3a6df11b9cb82b2a9243366e45989d807,1577975656330,1577975648
0xe97f0ca33b723a42b96483ea2288b0e3a6df11b9cb82b2a9243366e45989d807,1577975656331,1577975648
0xe97f0ca33b723a42b96483ea2288b0e3a6df11b9cb82b2a9243366e45989d807,1577975656331,1577975648
0xe97f0ca33b723a42b96483ea2288b0e3a6df11b9cb82b2a9243366e45989d807,1577975656332,1577975648
0xe97f0ca33b723a42b96483ea2288b0e3a6df11b9cb82b2a9243366e45989d807,1577975656332,1577975648
0xe97f0ca33b723a42b96483ea2288b0e3a6df11b9cb82b2a9243366e45989d807,1577975656332,1577975648
0xe97f0ca33b723a42b96483ea2288b0e3a6df11b9cb82b2a9243366e45989d807,1577975656332,1577975648
0xe97f0ca33b723a42b96483ea2288b0e3a6df11b9cb82b2a9243366e45989d807,1577975656333,1577975648
0xe97f0ca33b723a42b96483ea2288b0e3a6df11b9cb82b2a9243366e45989d807,1577975656333,1577975648
0xe97f0ca33b723a42b96483ea2288b0e3a6df11b9cb82b2a9243366e45989d807,1577975656333,1577975648
0xe97f0ca33b723a42b96483ea2288b0e3a6df11b9cb82b2a9243366e45989d807,1577975656334,1577975648
0xe97f0ca33b723a42b96483ea2288b0e3a6df11b9cb82b2a9243366e45989d807,1577975656334,1577975648
0xe97f0ca33b723a42b96483ea2288b0e3a6df11b9cb82b2a9243366e45989d807,1577975656335,1577975648
0xe97f0ca33b723a42b96483ea2288b0e3a6df11b9cb82b2a9243366e45989d807,1577975656335,1577975648
0xe97f0ca33b723a42b96483ea2288b0e3a6df11b9cb82b2a9243366e45989d807,1577975656336,1577975648
0xe97f0ca33b723a42b96483ea2288b0e3a6df11b9cb82b2a9243366e45989d807,1577975656336,1577975648
0xe97f0ca33b723a42b96483ea2288b0e3a6df11b9cb82b2a9243366e45989d807,1577975656337,1577975648
0xe97f0ca33b723a42b96483ea2288b0e3a6df11b9cb82b2a9243366e45989d807,1577975656337,1577975648
0xe97f0ca33b723a42b96483ea2288b0e3a6df11b9cb82b2a9243366e45989d807,1577975656337,1577975648
0xe97f0ca33b723a42b96483ea2288b0e3a6df11b9cb82b2a9243366e45989d807,1577975656338,1577975648
0xe97f0ca33b723a42b96483ea2288b0e3a6df11b9cb82b2a9243366e45989d807,1577975656338,1577975648
0xe97f0ca33b723a42b96483ea2288b0e3a6df11b9cb82b2a9243366e45989d807,1577975656339,1577975648
0xe97f0ca33b723a42b96483ea2288b0e3a6df11b9cb82b2a9243366e45989d807,1577975656339,1577975648
0xe97f0ca33b723a42b96483ea2288b0e3a6df11b9cb82b2a9243366e45989d807,1577975656340,1577975648
0xe97f0ca33b723a42b96483ea2288b0e3a6df11b9cb82b2a9243366e45989d807,1577975656340,1577975648
0xe97f0ca33b723a42b96483ea2288b0e3a6df11b9cb82b2a9243366e45989d807,1577975656341,1577975648
0xe97f0ca33b723a42b96483ea2288b0e3a6df11b9cb82b2a9243366e45989d807,1577975656341,1577975648
0xe97f0ca33b723a42b96483ea2288b0e3a6df11b9cb82b2a9243366e45989d807,1577975656341,1577975648
0xe97f0ca33b723a42b96483ea2288b0e3a6df11b9cb82b2a9243366e45989d807,1577975656342,1577975648
0xe97f0ca33b723a42b96483ea2288b0e3a6df11b9cb82b2a9243366e45989d807,1577975656342,1577975648
0xe97f0ca33b723a42b96483ea2288b0e3a6df11b9cb82b2a9243366e45989d807,1577975656342,1577975648
0xe97f0ca33b723a42b96483ea2288b0e3a6df11b9cb82b2a9243366e45989d807,1577975656343,1577975648
0xe97f0ca33b723a42b96483ea2288b0e3a6df11b9cb82b2a9243366e45989d807,1577975656343,1577975648
0xe97f0ca33b723a42b96483ea2288b0e3a6df11b9cb82b2a9243366e45989d807,1577975656343,1577975648
0xe97f0ca33b723a42b96483ea2288b0e3a6df11b9cb82b2a9243366e45989d807,1577975656344,1577975648
0xe97f0ca33b723a42b96483ea2288b0e3a6df11b9cb82b2a9243366e45989d807,1577975656344,1577975648
0xe97f0ca33b723a42b96483ea2288b0e3a6df11b9cb82b2a9243366e45989d807,1577975656344,1577975648
0xe97f0ca33b723a42b96483ea2288b0e3a6df11b9cb82b2a9243366e45989d807,1577975656344,1577975648
0xe97f0ca33b723a42b96483ea2288b0e3a6df11b9cb82b2a9243366e45989d807,1577975656344,1577975648
0xe97f0ca33b723a42b96483ea2288b0e3a6df11b9cb82b2a9243366e45989d807,1577975656345,1577975648
0xe97f0ca33b723a42b96483ea2288b0e3a6df11b9cb82b2a9243366e45989d807,1577975656345,1577975648
0xe97f0ca33b723a42b96483ea2288b0e3a6df11b9cb82b2a9243366e45989d807,1577975656345,1577975648
0xe97f0ca33b723a42b96483ea2288b0e3a6df11b9cb82b2a9243366e45989d807,1577975656345,1577975648
0xe97f0ca33b723a42b96483ea2288b0e3a6df11b9cb82b2a9243366e45989d807,1577975656345,1577975648
0xe97f0ca33b723a42b96483ea2288b0e3a6df11b9cb82b2a9243366e45989d807,1577975656346,1577975648
0xe97f0ca33b723a42b96483ea2288b0e3a6df11b9cb82b2a9243366e45989d807,1577975656346,1577975648
0xe97f0ca33b723a42b96483ea2288b0e3a6df11b9cb82b2a9243366e45989d807,1577975656346,1577975648
0xe97f0ca33b723a42b96483ea2288b0e3a6df11b9cb82b2a9243366e45989d807,1577975656347,1577975648
0xe97f0ca33b723a42b96483ea2288b0e3a6df11b9cb82b2a9243366e45989d807,1577975656347,1577975648
0xe97f0ca33b723a42b96483ea2288b0e3a6df11b9cb82b2a9243366e45989d807,1577975656347,1577975648
0xe97f0ca33b723a42b96483ea2288b0e3a6df11b9cb82b2a9243366e45989d807,1577975656347,1577975648
0xe97f0ca33b723a42b96483ea2288b0e3a6df11b9cb82b2a9243366e45989d807,1577975656348,1577975648
0xe97f0ca33b723a42b96483ea2288b0e3a6df11b9cb82b2a9243366e45989d807,1577975656348,1577975648
0xe97f0ca33b723a42b96483ea2288b0e3a6df11b9cb82b2a9243366e45989d807,1577975656348,1577975648
0xe97f0ca33b723a42b96483ea2288b0e3a6df11b9cb82b2a9243366e45989d807,1577975656348,1577975648
0xe97f0ca33b723a42b96483ea2288b0e3a6df11b9cb82b2a9243366e45989d807,1577975656349,1577975648
0xe97f0ca33b723a42b96483ea2288b0e3a6df11b9cb82b2a9243366e45989d807,1577975656350,1577975648
0xe97f0ca33b723a42b96483ea2288b0e3a6df11b9cb82b2a9243366e45989d807,1577975656350,1577975648
0xe97f0ca33b723a42b96483ea2288b0e3a6df11b9cb82b2a9243366e45989d807,1577975656351,1577975648
0xe97f0ca33b723a42b96483ea2288b0e3a6df11b9cb82b2a9243366e45989d807,1577975656351,1577975648
0xe97f0ca33b723a42b96483ea2288b0e3a6df11b9cb82b2a9243366e45989d807,1577975656351,1577975648
0xe97f0ca33b723a42b96483ea2288b0e3a6df11b9cb82b2a9243366e45989d807,1577975656352,1577975648
0xe97f0ca33b723a42b96483ea2288b0e3a6df11b9cb82b2a9243366e45989d807,1577975656352,1577975648
0xe97f0ca33b723a42b96483ea2288b0e3a6df11b9cb82b2a9243366e45989d807,1577975656352,1577975648
0xe97f0ca33b723a42b96483ea2288b0e3a6df11b9cb82b2a9243366e45989d807,1577975656353,1577975648
0xe97f0ca33b723a42b96483ea2288b0e3a6df11b9cb82b2a9243366e45989d807,1577975656353,1577975648
0xe97f0ca33b723a42b96483ea2288b0e3a6df11b9cb82b2a9243366e45989d807,1577975656353,1577975648
0xe97f0ca33b723a42b96483ea2288b0e3a6df11b9cb82b2a9243366e45989d807,1577975656354,1577975648
0xe97f0ca33b723a42b96483ea2288b0e3a6df11b9cb82b2a9243366e45989d807,1577975656354,1577975648
0xe97f0ca33b723a42b96483ea2288b0e3a6df11b9cb82b2a9243366e45989d807,1577975656354,1577975648
0xe97f0ca33b723a42b96483ea2288b0e3a6df11b9cb82b2a9243366e45989d807,1577975656354,1577975648
0xe97f0ca33b723a42b96483ea2288b0e3a6df11b9cb82b2a9243366e45989d807,1577975656355,1577975648
0xe97f0ca33b723a42b96483ea2288b0e3a6df11b9cb82b2a9243366e45989d807,1577975656355,1577975648
0xe97f0ca33b723a42b96483ea2288b0e3a6df11b9cb82b2a9243366e45989d807,1577975656355,1577975648
0xe97f0ca33b723a42b96483ea2288b0e3a6df11b9cb82b2a9243366e45989d807,1577975656355,1577975648
0xe97f0ca33b723a42b96483ea2288b0e3a6df11b9cb82b2a9243366e45989d807,1577975656355,1577975648
0xe97f0ca33b723a42b96483ea2288b0e3a6df11b9cb82b2a9243366e45989d807,1577975656356,1577975648
0xe97f0ca33b723a42b96483ea2288b0e3a6df11b9cb82b2a9243366e45989d807,1577975656356,1577975648
0xe97f0ca33b723a42b96483ea2288b0e3a6df11b9cb82b2a9243366e45989d807,1577975656356,1577975648
0xe97f0ca33b723a42b96483ea2288b0e3a6df11b9cb82b2a9243366e45989d807,1577975656356,1577975648
0xe97f0ca33b723a42b96483ea2288b0e3a6df11b9cb82b2a9243366e45989d807,1577975656357,1577975648
0xe97f0ca33b723a42b96483ea2288b0e3a6df11b9cb82b2a9243366e45989d807,1577975656357,1577975648
0xe97f0ca33b723a42b96483ea2288b0e3a6df11b9cb82b2a9243366e45989d807,1577975656357,1577975648
0xe97f0ca33b723a42b96483ea2288b0e3a6df11b9cb82b2a9243366e45989d807,1577975656357,1577975648
0xe97f0ca33b723a42b96483ea2288b0e3a6df11b9cb82b2a9243366e45989d807,1577975656357,1577975648
0xe97f0ca33b723a42b96483ea2288b0e3a6df11b9cb82b2a9243366e45989d807,1577975656358,1577975648
0xe97f0ca33b723a42b96483ea2288b0e3a6df11b9cb82b2a9243366e45989d807,1577975656358,1577975648
0xe97f0ca33b723a42b96483ea2288b0e3a6df11b9cb82b2a9243366e45989d807,1577975656358,1577975648
0xe97f0ca33b723a42b96483ea2288b0e3a6df11b9cb82b2a9243366e45989d807,1577975656358,1577975648
0xe97f0ca33b723a42b96483ea2288b0e3a6df11b9cb82b2a9243366e45989d807,1577975656359,1577975648
0xe97f0ca33b723a42b96483ea2288b0e3a6df11b9cb82b2a9243366e45989d807,1577975656359,1577975648
0xe97f0ca33b723a42b96483ea2288b0e3a6df11b9cb82b2a9243366e45989d807,1577975656359,1577975648
0xe97f0ca33b723a42b96483ea2288b0e3a6df11b9cb82b2a9243366e45989d807,1577975656360,1577975648
0xe97f0ca33b723a42b96483ea2288b0e3a6df11b9cb82b2a9243366e45989d807,1577975656360,1577975648
0xe97f0ca33b723a42b96483ea2288b0e3a6df11b9cb82b2a9243366e45989d807,1577975656360,1577975648
0xe97f0ca33b723a42b96483ea2288b0e3a6df11b9cb82b2a9243366e45989d807,1577975656360,1577975648
0xe97f0ca33b723a42b96483ea2288b0e3a6df11b9cb82b2a9243366e45989d807,1577975656360,1577975648
0xe97f0ca33b723a42b96483ea2288b0e3a6df11b9cb82b2a9243366e45989d807,1577975656361,1577975648
0xe97f0ca33b723a42b96483ea2288b0e3a6df11b9cb82b2a9243366e45989d807,1577975656361,1577975648
0xe97f0ca33b723a42b96483ea2288b0e3a6df11b9cb82b2a9243366e45989d807,1577975656361,1577975648
0xe97f0ca33b723a42b96483ea2288b0e3a6df11b9cb82b2a9243366e45989d807,1577975656361,1577975648
0xe97f0ca33b723a42b96483ea2288b0e3a6df11b9cb82b2a9243366e45989d807,1577975656362,1577975648
0xe97f0ca33b723a42b96483ea2288b0e3a6df11b9cb82b2a9243366e45989d807,1577975656362,1577975648
0xe97f0ca33b723a42b96483ea2288b0e3a6df11b9cb82b2a9243366e45989d807,1577975656362,1577975648
0xe97f0ca33b723a42b96483ea2288b0e3a6df11b9cb82b2a9243366e45989d807,1577975656362,1577975648
0xe97f0ca33b723a42b96483ea2288b0e3a6df11b9cb82b2a9243366e45989d807,1577975656362,1577975648
0xe97f0ca33b723a42b96483ea2288b0e3a6df11b9cb82b2a9243366e45989d807,1577975656363,1577975648
0xe97f0ca33b723a42b96483ea2288b0e3a6df11b9cb82b2a9243366e45989d807,1577975656363,1577975648
0xe97f0ca33b723a42b96483ea2288b0e3a6df11b9cb82b2a9243366e45989d807,1577975656363,1577975648
0xe97f0ca33b723a42b96483ea2288b0e3a6df11b9cb82b2a9243366e45989d807,1577975656363,1577975648
0xe97f0ca33b723a42b96483ea2288b0e3a6df11b9cb82b2a9243366e45989d807,1577975656363,1577975648
0xe97f0ca33b723a42b96483ea2288b0e3a6df11b9cb82b2a9243366e45989d807,1577975656364,1577975648
0xe97f0ca33b723a42b96483ea2288b0e3a6df11b9cb82b2a9243366e45989d807,1577975656364,1577975648
0xe97f0ca33b723a42b96483ea2288b0e3a6df11b9cb82b2a9243366e45989d807,1577975656364,1577975648
0xe97f0ca33b723a42b96483ea2288b0e3a6df11b9cb82b2a9243366e45989d807,1577975656364,1577975648
0xe97f0ca33b723a42b96483ea2288b0e3a6df11b9cb82b2a9243366e45989d807,1577975656365,1577975648
0xe97f0ca33b723a42b96483ea2288b0e3a6df11b9cb82b2a9243366e45989d807,1577975656365,1577975648
0xe97f0ca33b723a42b96483ea2288b0e3a6df11b9cb82b2a9243366e45989d807,1577975656365,1577975648
0xe97f0ca33b723a42b96483ea2288b0e3a6df11b9cb82b2a9243366e45989d807,1577975656365,1577975648
0xe97f0ca33b723a42b96483ea2288b0e3a6df11b9cb82b2a9243366e45989d807,1577975656366,1577975648
0xe97f0ca33b723a42b96483ea2288b0e3a6df11b9cb82b2a9243366e45989d807,1577975656366,1577975648
0xe97f0ca33b723a42b96483ea2288b0e3a6df11b9cb82b2a9243366e45989d807,1577975656367,1577975648
0xe97f0ca33b723a42b96483ea2288b0e3a6df11b9cb82b2a9243366e45989d807,1577975656367,1577975648
0xe97f0ca33b723a42b96483ea2288b0e3a6df11b9cb82b2a9243366e45989d807,1577975656368,1577975648
0xe97f0ca33b723a42b96483ea2288b0e3a6df11b9cb82b2a9243366e45989d807,1577975656368,1577975648
0xe97f0ca33b723a42b96483ea2288b0e3a6df11b9cb82b2a9243366e45989d807,1577975656368,1577975648
0xe97f0ca33b723a42b96483ea2288b0e3a6df11b9cb82b2a9243366e45989d807,1577975656369,1577975648
0xe97f0ca33b723a42b96483ea2288b0e3a6df11b9cb82b2a9243366e45989d807,1577975656369,1577975648
0xe97f0ca33b723a42b96483ea2288b0e3a6df11b9cb82b2a9243366e45989d807,1577975656369,1577975648
0xe97f0ca33b723a42b96483ea2288b0e3a6df11b9cb82b2a9243366e45989d807,1577975656369,1577975648
0xe97f0ca33b723a42b96483ea2288b0e3a6df11b9cb82b2a9243366e45989d807,1577975656369,1577975648
0xe97f0ca33b723a42b96483ea2288b0e3a6df11b9cb82b2a9243366e45989d807,1577975656370,1577975648
0xe97f0ca33b723a42b96483ea2288b0e3a6df11b9cb82b2a9243366e45989d807,1577975656370,1577975648
0xe97f0ca33b723a42b96483ea2288b0e3a6df11b9cb82b2a9243366e45989d807,1577975656370,1577975648
0xe97f0ca33b723a42b96483ea2288b0e3a6df11b9cb82b2a9243366e45989d807,1577975656371,1577975648
0xe97f0ca33b723a42b96483ea2288b0e3a6df11b9cb82b2a9243366e45989d807,1577975656371,1577975648
0xe97f0ca33b723a42b96483ea2288b0e3a6df11b9cb82b2a9243366e45989d807,1577975656371,1577975648
0xe97f0ca33b723a42b96483ea2288b0e3a6df11b9cb82b2a9243366e45989d807,1577975656371,1577975648
0xe97f0ca33b723a42b96483ea2288b0e3a6df11b9cb82b2a9243366e45989d807,1577975656371,1577975648
0xe97f0ca33b723a42b96483ea2288b0e3a6df11b9cb82b2a9243366e45989d807,1577975656371,1577975648
0xe97f0ca33b723a42b96483ea2288b0e3a6df11b9cb82b2a9243366e45989d807,1577975656372,1577975648
0xe97f0ca33b723a42b96483ea2288b0e3a6df11b9cb82b2a9243366e45989d807,1577975656372,1577975648
0xe97f0ca33b723a42b96483ea2288b0e3a6df11b9cb82b2a9243366e45989d807,1577975656372,1577975648
0xe97f0ca33b723a42b96483ea2288b0e3a6df11b9cb82b2a9243366e45989d807,1577975656372,1577975648
0xe97f0ca33b723a42b96483ea2288b0e3a6df11b9cb82b2a9243366e45989d807,1577975656373,1577975648
0xe97f0ca33b723a42b96483ea2288b0e3a6df11b9cb82b2a9243366e45989d807,1577975656373,1577975648
0xe97f0ca33b723a42b96483ea2288b0e3a6df11b9cb82b2a9243366e45989d807,1577975656373,1577975648
0xe97f0ca33b723a42b96483ea2288b0e3a6df11b9cb82b2a9243366e45989d807,1577975656373,1577975648
0xe97f0ca33b723a42b96483ea2288b0e3a6df11b9cb82b2a9243366e45989d807,1577975656374,1577975648
0xe97f0ca33b723a42b96483ea2288b0e3a6df11b9cb82b2a9243366e45989d807,1577975656374,1577975648
0xe97f0ca33b723a42b96483ea2288b0e3a6df11b9cb82b2a9243366e45989d807,1577975656374,1577975648
0xe97f0ca33b723a42b96483ea2288b0e3a6df11b9cb82b2a9243366e45989d807,1577975656374,1577975648
0xe97f0ca33b723a42b96483ea2288b0e3a6df11b9cb82b2a9243366e45989d807,1577975656375,1577975648
0xe97f0ca33b723a42b96483ea2288b0e3a6df11b9cb82b2a9243366e45989d807,1577975656375,1577975648
0xe97f0ca33b723a42b96483ea2288b0e3a6df11b9cb82b2a9243366e45989d807,1577975656375,1577975648
0xe97f0ca33b723a42b96483ea2288b0e3a6df11b9cb82b2a9243366e45989d807,1577975656376,1577975648
0xe97f0ca33b723a42b96483ea2288b0e3a6df11b9cb82b2a9243366e45989d807,1577975656376,1577975648
0xe97f0ca33b723a42b96483ea2288b0e3a6df11b9cb82b2a9243366e45989d807,1577975656376,1577975648
0xe97f0ca33b723a42b96483ea2288b0e3a6df11b9cb82b2a9243366e45989d807,1577975656376,1577975648
0xe97f0ca33b723a42b96483ea2288b0e3a6df11b9cb82b2a9243366e45989d807,1577975656377,1577975648
0xe97f0ca33b723a42b96483ea2288b0e3a6df11b9cb82b2a9243366e45989d807,1577975656377,1577975648
0xe97f0ca33b723a42b96483ea2288b0e3a6df11b9cb82b2a9243366e45989d807,1577975656377,1577975648
0xe97f0ca33b723a42b96483ea2288b0e3a6df11b9cb82b2a9243366e45989d807,1577975656377,1577975648
0xe97f0ca33b723a42b96483ea2288b0e3a6df11b9cb82b2a9243366e45989d807,1577975656377,1577975648
0xe97f0ca33b723a42b96483ea2288b0e3a6df11b9cb82b2a9243366e45989d807,1577975656378,1577975648
0xe97f0ca33b723a42b96483ea2288b0e3a6df11b9cb82b2a9243366e45989d807,1577975656378,1577975648
0xe97f0ca33b723a42b96483ea2288b0e3a6df11b9cb82b2a9243366e45989d807,1577975656378,1577975648
0xe97f0ca33b723a42b96483ea2288b0e3a6df11b9cb82b2a9243366e45989d807,1577975656379,1577975648
0xe97f0ca33b723a42b96483ea2288b0e3a6df11b9cb82b2a9243366e45989d807,1577975656379,1577975648
0xe97f0ca33b723a42b96483ea2288b0e3a6df11b9cb82b2a9243366e45989d807,1577975656379,1577975648
0xe97f0ca33b723a42b96483ea2288b0e3a6df11b9cb82b2a9243366e45989d807,1577975656379,1577975648
0xe97f0ca33b723a42b96483ea2288b0e3a6df11b9cb82b2a9243366e45989d807,1577975656379,1577975648
0xe97f0ca33b723a42b96483ea2288b0e3a6df11b9cb82b2a9243366e45989d807,1577975656380,1577975648
0xe97f0ca33b723a42b96483ea2288b0e3a6df11b9cb82b2a9243366e45989d807,1577975656380,1577975648
0xe97f0ca33b723a42b96483ea2288b0e3a6df11b9cb82b2a9243366e45989d807,1577975656380,1577975648
0xe97f0ca33b723a42b96483ea2288b0e3a6df11b9cb82b2a9243366e45989d807,1577975656380,1577975648
0xe97f0ca33b723a42b96483ea2288b0e3a6df11b9cb82b2a9243366e45989d807,1577975656380,1577975648
0xe97f0ca33b723a42b96483ea2288b0e3a6df11b9cb82b2a9243366e45989d807,1577975656381,1577975648
0xe97f0ca33b723a42b96483ea2288b0e3a6df11b9cb82b2a9243366e45989d807,1577975656381,1577975648
0xe97f0ca33b723a42b96483ea2288b0e3a6df11b9cb82b2a9243366e45989d807,1577975656382,1577975648
0xe97f0ca33b723a42b96483ea2288b0e3a6df11b9cb82b2a9243366e45989d807,1577975656382,1577975648
0xe97f0ca33b723a42b96483ea2288b0e3a6df11b9cb82b2a9243366e45989d807,1577975656382,1577975648
0xe97f0ca33b723a42b96483ea2288b0e3a6df11b9cb82b2a9243366e45989d807,1577975656382,1577975648
0xe97f0ca33b723a42b96483ea2288b0e3a6df11b9cb82b2a9243366e45989d807,1577975656382,1577975648
0xe97f0ca33b723a42b96483ea2288b0e3a6df11b9cb82b2a9243366e45989d807,1577975656383,1577975648
0xe97f0ca33b723a42b96483ea2288b0e3a6df11b9cb82b2a9243366e45989d807,1577975656383,1577975648
0xe97f0ca33b723a42b96483ea2288b0e3a6df11b9cb82b2a9243366e45989d807,1577975656383,1577975648
0xe97f0ca33b723a42b96483ea2288b0e3a6df11b9cb82b2a9243366e45989d807,1577975656383,1577975648
0xe97f0ca33b723a42b96483ea2288b0e3a6df11b9cb82b2a9243366e45989d807,1577975656384,1577975648
0xe97f0ca33b723a42b96483ea2288b0e3a6df11b9cb82b2a9243366e45989d807,1577975656384,1577975648
0xe97f0ca33b723a42b96483ea2288b0e3a6df11b9cb82b2a9243366e45989d807,1577975656384,1577975648
0xe97f0ca33b723a42b96483ea2288b0e3a6df11b9cb82b2a9243366e45989d807,1577975656384,1577975648
0xe97f0ca33b723a42b96483ea2288b0e3a6df11b9cb82b2a9243366e45989d807,1577975656385,1577975648
0xe97f0ca33b723a42b96483ea2288b0e3a6df11b9cb82b2a9243366e45989d807,1577975656385,1577975648
0xe97f0ca33b723a42b96483ea2288b0e3a6df11b9cb82b2a9243366e45989d807,1577975656385,1577975648
0xe97f0ca33b723a42b96483ea2288b0e3a6df11b9cb82b2a9243366e45989d807,1577975656385,1577975648
0xe97f0ca33b723a42b96483ea2288b0e3a6df11b9cb82b2a9243366e45989d807,1577975656385,1577975648
0xe97f0ca33b723a42b96483ea2288b0e3a6df11b9cb82b2a9243366e45989d807,1577975656386,1577975648
0xe97f0ca33b723a42b96483ea2288b0e3a6df11b9cb82b2a9243366e45989d807,1577975656386,1577975648
0xe97f0ca33b723a42b96483ea2288b0e3a6df11b9cb82b2a9243366e45989d807,1577975656386,1577975648
0xe97f0ca33b723a42b96483ea2288b0e3a6df11b9cb82b2a9243366e45989d807,1577975656387,1577975648
0xe97f0ca33b723a42b96483ea2288b0e3a6df11b9cb82b2a9243366e45989d807,1577975656386,1577975648
0xe97f0ca33b723a42b96483ea2288b0e3a6df11b9cb82b2a9243366e45989d807,1577975656387,1577975648
0xe97f0ca33b723a42b96483ea2288b0e3a6df11b9cb82b2a9243366e45989d807,1577975656387,1577975648
0xe97f0ca33b723a42b96483ea2288b0e3a6df11b9cb82b2a9243366e45989d807,1577975656387,1577975648
0xe97f0ca33b723a42b96483ea2288b0e3a6df11b9cb82b2a9243366e45989d807,1577975656388,1577975648
0xe97f0ca33b723a42b96483ea2288b0e3a6df11b9cb82b2a9243366e45989d807,1577975656388,1577975648
0xe97f0ca33b723a42b96483ea2288b0e3a6df11b9cb82b2a9243366e45989d807,1577975656388,1577975648
0xe97f0ca33b723a42b96483ea2288b0e3a6df11b9cb82b2a9243366e45989d807,1577975656388,1577975648
0xe97f0ca33b723a42b96483ea2288b0e3a6df11b9cb82b2a9243366e45989d807,1577975656388,1577975648
0xe97f0ca33b723a42b96483ea2288b0e3a6df11b9cb82b2a9243366e45989d807,1577975656389,1577975648
0xe97f0ca33b723a42b96483ea2288b0e3a6df11b9cb82b2a9243366e45989d807,1577975656389,1577975648
0xe97f0ca33b723a42b96483ea2288b0e3a6df11b9cb82b2a9243366e45989d807,1577975656390,1577975648
0xe97f0ca33b723a42b96483ea2288b0e3a6df11b9cb82b2a9243366e45989d807,1577975656390,1577975648
0xe97f0ca33b723a42b96483ea2288b0e3a6df11b9cb82b2a9243366e45989d807,1577975656390,1577975648
0xe97f0ca33b723a42b96483ea2288b0e3a6df11b9cb82b2a9243366e45989d807,1577975656390,1577975648
0xe97f0ca33b723a42b96483ea2288b0e3a6df11b9cb82b2a9243366e45989d807,1577975656390,1577975648
0xe97f0ca33b723a42b96483ea2288b0e3a6df11b9cb82b2a9243366e45989d807,1577975656391,1577975648
0xe97f0ca33b723a42b96483ea2288b0e3a6df11b9cb82b2a9243366e45989d807,1577975656391,1577975648
0xe97f0ca33b723a42b96483ea2288b0e3a6df11b9cb82b2a9243366e45989d807,1577975656391,1577975648
0xe97f0ca33b723a42b96483ea2288b0e3a6df11b9cb82b2a9243366e45989d807,1577975656391,1577975648
0xe97f0ca33b723a42b96483ea2288b0e3a6df11b9cb82b2a9243366e45989d807,1577975656392,1577975648
0xe97f0ca33b723a42b96483ea2288b0e3a6df11b9cb82b2a9243366e45989d807,1577975656392,1577975648
0xe97f0ca33b723a42b96483ea2288b0e3a6df11b9cb82b2a9243366e45989d807,1577975656392,1577975648
0xe97f0ca33b723a42b96483ea2288b0e3a6df11b9cb82b2a9243366e45989d807,1577975656392,1577975648
0xe97f0ca33b723a42b96483ea2288b0e3a6df11b9cb82b2a9243366e45989d807,1577975656392,1577975648
0xe97f0ca33b723a42b96483ea2288b0e3a6df11b9cb82b2a9243366e45989d807,1577975656393,1577975648
0xe97f0ca33b723a42b96483ea2288b0e3a6df11b9cb82b2a9243366e45989d807,1577975656393,1577975648
