0xbc012e22e1f210a35786667d0e3d9bcc97141f3cdf57d007ed9246f791840a5e,1577973232534,1577973225
0xbc012e22e1f210a35786667d0e3d9bcc97141f3cdf57d007ed9246f791840a5e,1577973232535,1577973225
0xbc012e22e1f210a35786667d0e3d9bcc97141f3cdf57d007ed9246f791840a5e,1577973232535,1577973225
0xbc012e22e1f210a35786667d0e3d9bcc97141f3cdf57d007ed9246f791840a5e,1577973232536,1577973225
0xbc012e22e1f210a35786667d0e3d9bcc97141f3cdf57d007ed9246f791840a5e,1577973232537,1577973225
0xbc012e22e1f210a35786667d0e3d9bcc97141f3cdf57d007ed9246f791840a5e,1577973232538,1577973225
0xbc012e22e1f210a35786667d0e3d9bcc97141f3cdf57d007ed9246f791840a5e,1577973232539,1577973225
0xbc012e22e1f210a35786667d0e3d9bcc97141f3cdf57d007ed9246f791840a5e,1577973232540,1577973225
0xbc012e22e1f210a35786667d0e3d9bcc97141f3cdf57d007ed9246f791840a5e,1577973232541,1577973225
0xbc012e22e1f210a35786667d0e3d9bcc97141f3cdf57d007ed9246f791840a5e,1577973232542,1577973225
0xbc012e22e1f210a35786667d0e3d9bcc97141f3cdf57d007ed9246f791840a5e,1577973232543,1577973225
0xbc012e22e1f210a35786667d0e3d9bcc97141f3cdf57d007ed9246f791840a5e,1577973232544,1577973225
0xbc012e22e1f210a35786667d0e3d9bcc97141f3cdf57d007ed9246f791840a5e,1577973232545,1577973225
0xbc012e22e1f210a35786667d0e3d9bcc97141f3cdf57d007ed9246f791840a5e,1577973232546,1577973225
0xbc012e22e1f210a35786667d0e3d9bcc97141f3cdf57d007ed9246f791840a5e,1577973232549,1577973225
0xbc012e22e1f210a35786667d0e3d9bcc97141f3cdf57d007ed9246f791840a5e,1577973232550,1577973225
0xbc012e22e1f210a35786667d0e3d9bcc97141f3cdf57d007ed9246f791840a5e,1577973232550,1577973225
0xbc012e22e1f210a35786667d0e3d9bcc97141f3cdf57d007ed9246f791840a5e,1577973232551,1577973225
0xbc012e22e1f210a35786667d0e3d9bcc97141f3cdf57d007ed9246f791840a5e,1577973232552,1577973225
0xbc012e22e1f210a35786667d0e3d9bcc97141f3cdf57d007ed9246f791840a5e,1577973232552,1577973225
0xbc012e22e1f210a35786667d0e3d9bcc97141f3cdf57d007ed9246f791840a5e,1577973232554,1577973225
0xbc012e22e1f210a35786667d0e3d9bcc97141f3cdf57d007ed9246f791840a5e,1577973232554,1577973225
0xbc012e22e1f210a35786667d0e3d9bcc97141f3cdf57d007ed9246f791840a5e,1577973232555,1577973225
0xbc012e22e1f210a35786667d0e3d9bcc97141f3cdf57d007ed9246f791840a5e,1577973232556,1577973225
0xbc012e22e1f210a35786667d0e3d9bcc97141f3cdf57d007ed9246f791840a5e,1577973232557,1577973225
0xbc012e22e1f210a35786667d0e3d9bcc97141f3cdf57d007ed9246f791840a5e,1577973232558,1577973225
0xbc012e22e1f210a35786667d0e3d9bcc97141f3cdf57d007ed9246f791840a5e,1577973232560,1577973225
0xbc012e22e1f210a35786667d0e3d9bcc97141f3cdf57d007ed9246f791840a5e,1577973232560,1577973225
0xbc012e22e1f210a35786667d0e3d9bcc97141f3cdf57d007ed9246f791840a5e,1577973232561,1577973225
0xbc012e22e1f210a35786667d0e3d9bcc97141f3cdf57d007ed9246f791840a5e,1577973232561,1577973225
0xbc012e22e1f210a35786667d0e3d9bcc97141f3cdf57d007ed9246f791840a5e,1577973232562,1577973225
0xbc012e22e1f210a35786667d0e3d9bcc97141f3cdf57d007ed9246f791840a5e,1577973232563,1577973225
0xbc012e22e1f210a35786667d0e3d9bcc97141f3cdf57d007ed9246f791840a5e,1577973232564,1577973225
0xbc012e22e1f210a35786667d0e3d9bcc97141f3cdf57d007ed9246f791840a5e,1577973232564,1577973225
0xbc012e22e1f210a35786667d0e3d9bcc97141f3cdf57d007ed9246f791840a5e,1577973232565,1577973225
0xbc012e22e1f210a35786667d0e3d9bcc97141f3cdf57d007ed9246f791840a5e,1577973232566,1577973225
0xbc012e22e1f210a35786667d0e3d9bcc97141f3cdf57d007ed9246f791840a5e,1577973232566,1577973225
0xbc012e22e1f210a35786667d0e3d9bcc97141f3cdf57d007ed9246f791840a5e,1577973232567,1577973225
0xbc012e22e1f210a35786667d0e3d9bcc97141f3cdf57d007ed9246f791840a5e,1577973232569,1577973225
0xbc012e22e1f210a35786667d0e3d9bcc97141f3cdf57d007ed9246f791840a5e,1577973232569,1577973225
0xbc012e22e1f210a35786667d0e3d9bcc97141f3cdf57d007ed9246f791840a5e,1577973232570,1577973225
0xbc012e22e1f210a35786667d0e3d9bcc97141f3cdf57d007ed9246f791840a5e,1577973232570,1577973225
0xbc012e22e1f210a35786667d0e3d9bcc97141f3cdf57d007ed9246f791840a5e,1577973232571,1577973225
0xbc012e22e1f210a35786667d0e3d9bcc97141f3cdf57d007ed9246f791840a5e,1577973232571,1577973225
0xbc012e22e1f210a35786667d0e3d9bcc97141f3cdf57d007ed9246f791840a5e,1577973232573,1577973225
0xbc012e22e1f210a35786667d0e3d9bcc97141f3cdf57d007ed9246f791840a5e,1577973232574,1577973225
0xbc012e22e1f210a35786667d0e3d9bcc97141f3cdf57d007ed9246f791840a5e,1577973232575,1577973225
0xbc012e22e1f210a35786667d0e3d9bcc97141f3cdf57d007ed9246f791840a5e,1577973232576,1577973225
0xbc012e22e1f210a35786667d0e3d9bcc97141f3cdf57d007ed9246f791840a5e,1577973232577,1577973225
0xbc012e22e1f210a35786667d0e3d9bcc97141f3cdf57d007ed9246f791840a5e,1577973232577,1577973225
0xbc012e22e1f210a35786667d0e3d9bcc97141f3cdf57d007ed9246f791840a5e,1577973232578,1577973225
0xbc012e22e1f210a35786667d0e3d9bcc97141f3cdf57d007ed9246f791840a5e,1577973232579,1577973225
0xbc012e22e1f210a35786667d0e3d9bcc97141f3cdf57d007ed9246f791840a5e,1577973232580,1577973225
0xbc012e22e1f210a35786667d0e3d9bcc97141f3cdf57d007ed9246f791840a5e,1577973232581,1577973225
0xbc012e22e1f210a35786667d0e3d9bcc97141f3cdf57d007ed9246f791840a5e,1577973232581,1577973225
0xbc012e22e1f210a35786667d0e3d9bcc97141f3cdf57d007ed9246f791840a5e,1577973232582,1577973225
0xbc012e22e1f210a35786667d0e3d9bcc97141f3cdf57d007ed9246f791840a5e,1577973232583,1577973225
0xbc012e22e1f210a35786667d0e3d9bcc97141f3cdf57d007ed9246f791840a5e,1577973232584,1577973225
0xbc012e22e1f210a35786667d0e3d9bcc97141f3cdf57d007ed9246f791840a5e,1577973232584,1577973225
0xbc012e22e1f210a35786667d0e3d9bcc97141f3cdf57d007ed9246f791840a5e,1577973232585,1577973225
0xbc012e22e1f210a35786667d0e3d9bcc97141f3cdf57d007ed9246f791840a5e,1577973232586,1577973225
0xbc012e22e1f210a35786667d0e3d9bcc97141f3cdf57d007ed9246f791840a5e,1577973232586,1577973225
0xbc012e22e1f210a35786667d0e3d9bcc97141f3cdf57d007ed9246f791840a5e,1577973232588,1577973225
0xbc012e22e1f210a35786667d0e3d9bcc97141f3cdf57d007ed9246f791840a5e,1577973232588,1577973225
0xbc012e22e1f210a35786667d0e3d9bcc97141f3cdf57d007ed9246f791840a5e,1577973232589,1577973225
0xbc012e22e1f210a35786667d0e3d9bcc97141f3cdf57d007ed9246f791840a5e,1577973232589,1577973225
0xbc012e22e1f210a35786667d0e3d9bcc97141f3cdf57d007ed9246f791840a5e,1577973232590,1577973225
0xbc012e22e1f210a35786667d0e3d9bcc97141f3cdf57d007ed9246f791840a5e,1577973232591,1577973225
0xbc012e22e1f210a35786667d0e3d9bcc97141f3cdf57d007ed9246f791840a5e,1577973232592,1577973225
0xbc012e22e1f210a35786667d0e3d9bcc97141f3cdf57d007ed9246f791840a5e,1577973232593,1577973225
0xbc012e22e1f210a35786667d0e3d9bcc97141f3cdf57d007ed9246f791840a5e,1577973232594,1577973225
0xbc012e22e1f210a35786667d0e3d9bcc97141f3cdf57d007ed9246f791840a5e,1577973232594,1577973225
0xbc012e22e1f210a35786667d0e3d9bcc97141f3cdf57d007ed9246f791840a5e,1577973232595,1577973225
0xbc012e22e1f210a35786667d0e3d9bcc97141f3cdf57d007ed9246f791840a5e,1577973232595,1577973225
0xbc012e22e1f210a35786667d0e3d9bcc97141f3cdf57d007ed9246f791840a5e,1577973232597,1577973225
0xbc012e22e1f210a35786667d0e3d9bcc97141f3cdf57d007ed9246f791840a5e,1577973232597,1577973225
0xbc012e22e1f210a35786667d0e3d9bcc97141f3cdf57d007ed9246f791840a5e,1577973232598,1577973225
0xbc012e22e1f210a35786667d0e3d9bcc97141f3cdf57d007ed9246f791840a5e,1577973232598,1577973225
0xbc012e22e1f210a35786667d0e3d9bcc97141f3cdf57d007ed9246f791840a5e,1577973232599,1577973225
0xbc012e22e1f210a35786667d0e3d9bcc97141f3cdf57d007ed9246f791840a5e,1577973232599,1577973225
0xbc012e22e1f210a35786667d0e3d9bcc97141f3cdf57d007ed9246f791840a5e,1577973232601,1577973225
0xbc012e22e1f210a35786667d0e3d9bcc97141f3cdf57d007ed9246f791840a5e,1577973232602,1577973225
0xbc012e22e1f210a35786667d0e3d9bcc97141f3cdf57d007ed9246f791840a5e,1577973232602,1577973225
0xbc012e22e1f210a35786667d0e3d9bcc97141f3cdf57d007ed9246f791840a5e,1577973232603,1577973225
0xbc012e22e1f210a35786667d0e3d9bcc97141f3cdf57d007ed9246f791840a5e,1577973232603,1577973225
0xbc012e22e1f210a35786667d0e3d9bcc97141f3cdf57d007ed9246f791840a5e,1577973232604,1577973225
0xbc012e22e1f210a35786667d0e3d9bcc97141f3cdf57d007ed9246f791840a5e,1577973232605,1577973225
0xbc012e22e1f210a35786667d0e3d9bcc97141f3cdf57d007ed9246f791840a5e,1577973232606,1577973225
0xbc012e22e1f210a35786667d0e3d9bcc97141f3cdf57d007ed9246f791840a5e,1577973232607,1577973225
0xbc012e22e1f210a35786667d0e3d9bcc97141f3cdf57d007ed9246f791840a5e,1577973232607,1577973225
0xbc012e22e1f210a35786667d0e3d9bcc97141f3cdf57d007ed9246f791840a5e,1577973232608,1577973225
0xbc012e22e1f210a35786667d0e3d9bcc97141f3cdf57d007ed9246f791840a5e,1577973232608,1577973225
0xbc012e22e1f210a35786667d0e3d9bcc97141f3cdf57d007ed9246f791840a5e,1577973232611,1577973225
0xbc012e22e1f210a35786667d0e3d9bcc97141f3cdf57d007ed9246f791840a5e,1577973232611,1577973225
0xbc012e22e1f210a35786667d0e3d9bcc97141f3cdf57d007ed9246f791840a5e,1577973232612,1577973225
0xbc012e22e1f210a35786667d0e3d9bcc97141f3cdf57d007ed9246f791840a5e,1577973232613,1577973225
0xbc012e22e1f210a35786667d0e3d9bcc97141f3cdf57d007ed9246f791840a5e,1577973232613,1577973225
0xbc012e22e1f210a35786667d0e3d9bcc97141f3cdf57d007ed9246f791840a5e,1577973232614,1577973225
0xbc012e22e1f210a35786667d0e3d9bcc97141f3cdf57d007ed9246f791840a5e,1577973232615,1577973225
0xbc012e22e1f210a35786667d0e3d9bcc97141f3cdf57d007ed9246f791840a5e,1577973232616,1577973225
0xbc012e22e1f210a35786667d0e3d9bcc97141f3cdf57d007ed9246f791840a5e,1577973232617,1577973225
0xbc012e22e1f210a35786667d0e3d9bcc97141f3cdf57d007ed9246f791840a5e,1577973232617,1577973225
0xbc012e22e1f210a35786667d0e3d9bcc97141f3cdf57d007ed9246f791840a5e,1577973232618,1577973225
0xbc012e22e1f210a35786667d0e3d9bcc97141f3cdf57d007ed9246f791840a5e,1577973232618,1577973225
0xbc012e22e1f210a35786667d0e3d9bcc97141f3cdf57d007ed9246f791840a5e,1577973232620,1577973225
0xbc012e22e1f210a35786667d0e3d9bcc97141f3cdf57d007ed9246f791840a5e,1577973232620,1577973225
0xbc012e22e1f210a35786667d0e3d9bcc97141f3cdf57d007ed9246f791840a5e,1577973232621,1577973225
0xbc012e22e1f210a35786667d0e3d9bcc97141f3cdf57d007ed9246f791840a5e,1577973232621,1577973225
0xbc012e22e1f210a35786667d0e3d9bcc97141f3cdf57d007ed9246f791840a5e,1577973232622,1577973225
0xbc012e22e1f210a35786667d0e3d9bcc97141f3cdf57d007ed9246f791840a5e,1577973232622,1577973225
0xbc012e22e1f210a35786667d0e3d9bcc97141f3cdf57d007ed9246f791840a5e,1577973232624,1577973225
0xbc012e22e1f210a35786667d0e3d9bcc97141f3cdf57d007ed9246f791840a5e,1577973232625,1577973225
0xbc012e22e1f210a35786667d0e3d9bcc97141f3cdf57d007ed9246f791840a5e,1577973232625,1577973225
0xbc012e22e1f210a35786667d0e3d9bcc97141f3cdf57d007ed9246f791840a5e,1577973232626,1577973225
0xbc012e22e1f210a35786667d0e3d9bcc97141f3cdf57d007ed9246f791840a5e,1577973232626,1577973225
0xbc012e22e1f210a35786667d0e3d9bcc97141f3cdf57d007ed9246f791840a5e,1577973232627,1577973225
0xbc012e22e1f210a35786667d0e3d9bcc97141f3cdf57d007ed9246f791840a5e,1577973232628,1577973225
0xbc012e22e1f210a35786667d0e3d9bcc97141f3cdf57d007ed9246f791840a5e,1577973232629,1577973225
0xbc012e22e1f210a35786667d0e3d9bcc97141f3cdf57d007ed9246f791840a5e,1577973232629,1577973225
0xbc012e22e1f210a35786667d0e3d9bcc97141f3cdf57d007ed9246f791840a5e,1577973232630,1577973225
0xbc012e22e1f210a35786667d0e3d9bcc97141f3cdf57d007ed9246f791840a5e,1577973232631,1577973225
0xbc012e22e1f210a35786667d0e3d9bcc97141f3cdf57d007ed9246f791840a5e,1577973232631,1577973225
0xbc012e22e1f210a35786667d0e3d9bcc97141f3cdf57d007ed9246f791840a5e,1577973232632,1577973225
0xbc012e22e1f210a35786667d0e3d9bcc97141f3cdf57d007ed9246f791840a5e,1577973232633,1577973225
0xbc012e22e1f210a35786667d0e3d9bcc97141f3cdf57d007ed9246f791840a5e,1577973232634,1577973225
0xbc012e22e1f210a35786667d0e3d9bcc97141f3cdf57d007ed9246f791840a5e,1577973232635,1577973225
0xbc012e22e1f210a35786667d0e3d9bcc97141f3cdf57d007ed9246f791840a5e,1577973232635,1577973225
0xbc012e22e1f210a35786667d0e3d9bcc97141f3cdf57d007ed9246f791840a5e,1577973232636,1577973225
0xbc012e22e1f210a35786667d0e3d9bcc97141f3cdf57d007ed9246f791840a5e,1577973232637,1577973225
0xbc012e22e1f210a35786667d0e3d9bcc97141f3cdf57d007ed9246f791840a5e,1577973232638,1577973225
0xbc012e22e1f210a35786667d0e3d9bcc97141f3cdf57d007ed9246f791840a5e,1577973232638,1577973225
0xbc012e22e1f210a35786667d0e3d9bcc97141f3cdf57d007ed9246f791840a5e,1577973232639,1577973225
0xbc012e22e1f210a35786667d0e3d9bcc97141f3cdf57d007ed9246f791840a5e,1577973232640,1577973225
0xbc012e22e1f210a35786667d0e3d9bcc97141f3cdf57d007ed9246f791840a5e,1577973232640,1577973225
0xbc012e22e1f210a35786667d0e3d9bcc97141f3cdf57d007ed9246f791840a5e,1577973232641,1577973225
0xbc012e22e1f210a35786667d0e3d9bcc97141f3cdf57d007ed9246f791840a5e,1577973232642,1577973225
0xbc012e22e1f210a35786667d0e3d9bcc97141f3cdf57d007ed9246f791840a5e,1577973232642,1577973225
0xbc012e22e1f210a35786667d0e3d9bcc97141f3cdf57d007ed9246f791840a5e,1577973232643,1577973225
0xbc012e22e1f210a35786667d0e3d9bcc97141f3cdf57d007ed9246f791840a5e,1577973232643,1577973225
0xbc012e22e1f210a35786667d0e3d9bcc97141f3cdf57d007ed9246f791840a5e,1577973232644,1577973225
0xbc012e22e1f210a35786667d0e3d9bcc97141f3cdf57d007ed9246f791840a5e,1577973232646,1577973225
0xbc012e22e1f210a35786667d0e3d9bcc97141f3cdf57d007ed9246f791840a5e,1577973232646,1577973225
0xbc012e22e1f210a35786667d0e3d9bcc97141f3cdf57d007ed9246f791840a5e,1577973232647,1577973225
0xbc012e22e1f210a35786667d0e3d9bcc97141f3cdf57d007ed9246f791840a5e,1577973232650,1577973225
0xbc012e22e1f210a35786667d0e3d9bcc97141f3cdf57d007ed9246f791840a5e,1577973232650,1577973225
0xbc012e22e1f210a35786667d0e3d9bcc97141f3cdf57d007ed9246f791840a5e,1577973232651,1577973225
0xbc012e22e1f210a35786667d0e3d9bcc97141f3cdf57d007ed9246f791840a5e,1577973232652,1577973225
0xbc012e22e1f210a35786667d0e3d9bcc97141f3cdf57d007ed9246f791840a5e,1577973232653,1577973225
0xbc012e22e1f210a35786667d0e3d9bcc97141f3cdf57d007ed9246f791840a5e,1577973232653,1577973225
0xbc012e22e1f210a35786667d0e3d9bcc97141f3cdf57d007ed9246f791840a5e,1577973232654,1577973225
0xbc012e22e1f210a35786667d0e3d9bcc97141f3cdf57d007ed9246f791840a5e,1577973232655,1577973225
0xbc012e22e1f210a35786667d0e3d9bcc97141f3cdf57d007ed9246f791840a5e,1577973232655,1577973225
0xbc012e22e1f210a35786667d0e3d9bcc97141f3cdf57d007ed9246f791840a5e,1577973232656,1577973225
0xbc012e22e1f210a35786667d0e3d9bcc97141f3cdf57d007ed9246f791840a5e,1577973232657,1577973225
0xbc012e22e1f210a35786667d0e3d9bcc97141f3cdf57d007ed9246f791840a5e,1577973232658,1577973225
0xbc012e22e1f210a35786667d0e3d9bcc97141f3cdf57d007ed9246f791840a5e,1577973232659,1577973225
0xbc012e22e1f210a35786667d0e3d9bcc97141f3cdf57d007ed9246f791840a5e,1577973232659,1577973225
0xbc012e22e1f210a35786667d0e3d9bcc97141f3cdf57d007ed9246f791840a5e,1577973232660,1577973225
0xbc012e22e1f210a35786667d0e3d9bcc97141f3cdf57d007ed9246f791840a5e,1577973232661,1577973225
0xbc012e22e1f210a35786667d0e3d9bcc97141f3cdf57d007ed9246f791840a5e,1577973232662,1577973225
0xbc012e22e1f210a35786667d0e3d9bcc97141f3cdf57d007ed9246f791840a5e,1577973232662,1577973225
0xbc012e22e1f210a35786667d0e3d9bcc97141f3cdf57d007ed9246f791840a5e,1577973232663,1577973225
0xbc012e22e1f210a35786667d0e3d9bcc97141f3cdf57d007ed9246f791840a5e,1577973232663,1577973225
0xbc012e22e1f210a35786667d0e3d9bcc97141f3cdf57d007ed9246f791840a5e,1577973232664,1577973225
0xbc012e22e1f210a35786667d0e3d9bcc97141f3cdf57d007ed9246f791840a5e,1577973232665,1577973225
0xbc012e22e1f210a35786667d0e3d9bcc97141f3cdf57d007ed9246f791840a5e,1577973232666,1577973225
0xbc012e22e1f210a35786667d0e3d9bcc97141f3cdf57d007ed9246f791840a5e,1577973232666,1577973225
0xbc012e22e1f210a35786667d0e3d9bcc97141f3cdf57d007ed9246f791840a5e,1577973232667,1577973225
0xbc012e22e1f210a35786667d0e3d9bcc97141f3cdf57d007ed9246f791840a5e,1577973232670,1577973225
0xbc012e22e1f210a35786667d0e3d9bcc97141f3cdf57d007ed9246f791840a5e,1577973232670,1577973225
0xbc012e22e1f210a35786667d0e3d9bcc97141f3cdf57d007ed9246f791840a5e,1577973232672,1577973225
0xbc012e22e1f210a35786667d0e3d9bcc97141f3cdf57d007ed9246f791840a5e,1577973232672,1577973225
0xbc012e22e1f210a35786667d0e3d9bcc97141f3cdf57d007ed9246f791840a5e,1577973232673,1577973225
0xbc012e22e1f210a35786667d0e3d9bcc97141f3cdf57d007ed9246f791840a5e,1577973232673,1577973225
0xbc012e22e1f210a35786667d0e3d9bcc97141f3cdf57d007ed9246f791840a5e,1577973232674,1577973225
0xbc012e22e1f210a35786667d0e3d9bcc97141f3cdf57d007ed9246f791840a5e,1577973232674,1577973225
0xbc012e22e1f210a35786667d0e3d9bcc97141f3cdf57d007ed9246f791840a5e,1577973232676,1577973225
0xbc012e22e1f210a35786667d0e3d9bcc97141f3cdf57d007ed9246f791840a5e,1577973232676,1577973225
0xbc012e22e1f210a35786667d0e3d9bcc97141f3cdf57d007ed9246f791840a5e,1577973232677,1577973225
0xbc012e22e1f210a35786667d0e3d9bcc97141f3cdf57d007ed9246f791840a5e,1577973232677,1577973225
0xbc012e22e1f210a35786667d0e3d9bcc97141f3cdf57d007ed9246f791840a5e,1577973232678,1577973225
0xbc012e22e1f210a35786667d0e3d9bcc97141f3cdf57d007ed9246f791840a5e,1577973232679,1577973225
0xbc012e22e1f210a35786667d0e3d9bcc97141f3cdf57d007ed9246f791840a5e,1577973232680,1577973225
0xbc012e22e1f210a35786667d0e3d9bcc97141f3cdf57d007ed9246f791840a5e,1577973232681,1577973225
0xbc012e22e1f210a35786667d0e3d9bcc97141f3cdf57d007ed9246f791840a5e,1577973232681,1577973225
0xbc012e22e1f210a35786667d0e3d9bcc97141f3cdf57d007ed9246f791840a5e,1577973232682,1577973225
0xbc012e22e1f210a35786667d0e3d9bcc97141f3cdf57d007ed9246f791840a5e,1577973232682,1577973225
0xbc012e22e1f210a35786667d0e3d9bcc97141f3cdf57d007ed9246f791840a5e,1577973232683,1577973225
0xbc012e22e1f210a35786667d0e3d9bcc97141f3cdf57d007ed9246f791840a5e,1577973232684,1577973225
0xbc012e22e1f210a35786667d0e3d9bcc97141f3cdf57d007ed9246f791840a5e,1577973232684,1577973225
0xbc012e22e1f210a35786667d0e3d9bcc97141f3cdf57d007ed9246f791840a5e,1577973232685,1577973225
0xbc012e22e1f210a35786667d0e3d9bcc97141f3cdf57d007ed9246f791840a5e,1577973232685,1577973225
0xbc012e22e1f210a35786667d0e3d9bcc97141f3cdf57d007ed9246f791840a5e,1577973232686,1577973225
0xbc012e22e1f210a35786667d0e3d9bcc97141f3cdf57d007ed9246f791840a5e,1577973232686,1577973225
0xbc012e22e1f210a35786667d0e3d9bcc97141f3cdf57d007ed9246f791840a5e,1577973232687,1577973225
0xbc012e22e1f210a35786667d0e3d9bcc97141f3cdf57d007ed9246f791840a5e,1577973232688,1577973225
0xbc012e22e1f210a35786667d0e3d9bcc97141f3cdf57d007ed9246f791840a5e,1577973232689,1577973225
0xbc012e22e1f210a35786667d0e3d9bcc97141f3cdf57d007ed9246f791840a5e,1577973232689,1577973225
0xbc012e22e1f210a35786667d0e3d9bcc97141f3cdf57d007ed9246f791840a5e,1577973232690,1577973225
0xbc012e22e1f210a35786667d0e3d9bcc97141f3cdf57d007ed9246f791840a5e,1577973232690,1577973225
0xbc012e22e1f210a35786667d0e3d9bcc97141f3cdf57d007ed9246f791840a5e,1577973232691,1577973225
0xbc012e22e1f210a35786667d0e3d9bcc97141f3cdf57d007ed9246f791840a5e,1577973232692,1577973225
0xbc012e22e1f210a35786667d0e3d9bcc97141f3cdf57d007ed9246f791840a5e,1577973232692,1577973225
0xbc012e22e1f210a35786667d0e3d9bcc97141f3cdf57d007ed9246f791840a5e,1577973232693,1577973225
0xbc012e22e1f210a35786667d0e3d9bcc97141f3cdf57d007ed9246f791840a5e,1577973232693,1577973225
0xbc012e22e1f210a35786667d0e3d9bcc97141f3cdf57d007ed9246f791840a5e,1577973232694,1577973225
0xbc012e22e1f210a35786667d0e3d9bcc97141f3cdf57d007ed9246f791840a5e,1577973232695,1577973225
0xbc012e22e1f210a35786667d0e3d9bcc97141f3cdf57d007ed9246f791840a5e,1577973232695,1577973225
0xbc012e22e1f210a35786667d0e3d9bcc97141f3cdf57d007ed9246f791840a5e,1577973232696,1577973225
0xbc012e22e1f210a35786667d0e3d9bcc97141f3cdf57d007ed9246f791840a5e,1577973232696,1577973225
0xbc012e22e1f210a35786667d0e3d9bcc97141f3cdf57d007ed9246f791840a5e,1577973232697,1577973225
0xbc012e22e1f210a35786667d0e3d9bcc97141f3cdf57d007ed9246f791840a5e,1577973232698,1577973225
0xbc012e22e1f210a35786667d0e3d9bcc97141f3cdf57d007ed9246f791840a5e,1577973232699,1577973225
0xbc012e22e1f210a35786667d0e3d9bcc97141f3cdf57d007ed9246f791840a5e,1577973232699,1577973225
0xbc012e22e1f210a35786667d0e3d9bcc97141f3cdf57d007ed9246f791840a5e,1577973232700,1577973225
0xbc012e22e1f210a35786667d0e3d9bcc97141f3cdf57d007ed9246f791840a5e,1577973232700,1577973225
0xbc012e22e1f210a35786667d0e3d9bcc97141f3cdf57d007ed9246f791840a5e,1577973232703,1577973225
0xbc012e22e1f210a35786667d0e3d9bcc97141f3cdf57d007ed9246f791840a5e,1577973232703,1577973225
0xbc012e22e1f210a35786667d0e3d9bcc97141f3cdf57d007ed9246f791840a5e,1577973232704,1577973225
0xbc012e22e1f210a35786667d0e3d9bcc97141f3cdf57d007ed9246f791840a5e,1577973232705,1577973225
0xbc012e22e1f210a35786667d0e3d9bcc97141f3cdf57d007ed9246f791840a5e,1577973232705,1577973225
0xbc012e22e1f210a35786667d0e3d9bcc97141f3cdf57d007ed9246f791840a5e,1577973232706,1577973225
0xbc012e22e1f210a35786667d0e3d9bcc97141f3cdf57d007ed9246f791840a5e,1577973232707,1577973225
0xbc012e22e1f210a35786667d0e3d9bcc97141f3cdf57d007ed9246f791840a5e,1577973232707,1577973225
0xbc012e22e1f210a35786667d0e3d9bcc97141f3cdf57d007ed9246f791840a5e,1577973232708,1577973225
0xbc012e22e1f210a35786667d0e3d9bcc97141f3cdf57d007ed9246f791840a5e,1577973232709,1577973225
0xbc012e22e1f210a35786667d0e3d9bcc97141f3cdf57d007ed9246f791840a5e,1577973232710,1577973225
0xbc012e22e1f210a35786667d0e3d9bcc97141f3cdf57d007ed9246f791840a5e,1577973232710,1577973225
0xbc012e22e1f210a35786667d0e3d9bcc97141f3cdf57d007ed9246f791840a5e,1577973232711,1577973225
0xbc012e22e1f210a35786667d0e3d9bcc97141f3cdf57d007ed9246f791840a5e,1577973232711,1577973225
0xbc012e22e1f210a35786667d0e3d9bcc97141f3cdf57d007ed9246f791840a5e,1577973232712,1577973225
0xbc012e22e1f210a35786667d0e3d9bcc97141f3cdf57d007ed9246f791840a5e,1577973232713,1577973225
0xbc012e22e1f210a35786667d0e3d9bcc97141f3cdf57d007ed9246f791840a5e,1577973232713,1577973225
0xbc012e22e1f210a35786667d0e3d9bcc97141f3cdf57d007ed9246f791840a5e,1577973232714,1577973225
0xbc012e22e1f210a35786667d0e3d9bcc97141f3cdf57d007ed9246f791840a5e,1577973232714,1577973225
0xbc012e22e1f210a35786667d0e3d9bcc97141f3cdf57d007ed9246f791840a5e,1577973232715,1577973225
0xbc012e22e1f210a35786667d0e3d9bcc97141f3cdf57d007ed9246f791840a5e,1577973232716,1577973225
0xbc012e22e1f210a35786667d0e3d9bcc97141f3cdf57d007ed9246f791840a5e,1577973232717,1577973225
0xbc012e22e1f210a35786667d0e3d9bcc97141f3cdf57d007ed9246f791840a5e,1577973232717,1577973225
0xbc012e22e1f210a35786667d0e3d9bcc97141f3cdf57d007ed9246f791840a5e,1577973232718,1577973225
0xbc012e22e1f210a35786667d0e3d9bcc97141f3cdf57d007ed9246f791840a5e,1577973232718,1577973225
0xbc012e22e1f210a35786667d0e3d9bcc97141f3cdf57d007ed9246f791840a5e,1577973232719,1577973225
0xbc012e22e1f210a35786667d0e3d9bcc97141f3cdf57d007ed9246f791840a5e,1577973232720,1577973225
0xbc012e22e1f210a35786667d0e3d9bcc97141f3cdf57d007ed9246f791840a5e,1577973232721,1577973225
0xbc012e22e1f210a35786667d0e3d9bcc97141f3cdf57d007ed9246f791840a5e,1577973232721,1577973225
0xbc012e22e1f210a35786667d0e3d9bcc97141f3cdf57d007ed9246f791840a5e,1577973232722,1577973225
0xbc012e22e1f210a35786667d0e3d9bcc97141f3cdf57d007ed9246f791840a5e,1577973232722,1577973225
0xbc012e22e1f210a35786667d0e3d9bcc97141f3cdf57d007ed9246f791840a5e,1577973232723,1577973225
0xbc012e22e1f210a35786667d0e3d9bcc97141f3cdf57d007ed9246f791840a5e,1577973232724,1577973225
0xbc012e22e1f210a35786667d0e3d9bcc97141f3cdf57d007ed9246f791840a5e,1577973232724,1577973225
0xbc012e22e1f210a35786667d0e3d9bcc97141f3cdf57d007ed9246f791840a5e,1577973232725,1577973225
0xbc012e22e1f210a35786667d0e3d9bcc97141f3cdf57d007ed9246f791840a5e,1577973232725,1577973225
0xbc012e22e1f210a35786667d0e3d9bcc97141f3cdf57d007ed9246f791840a5e,1577973232726,1577973225
0xbc012e22e1f210a35786667d0e3d9bcc97141f3cdf57d007ed9246f791840a5e,1577973232726,1577973225
0xbc012e22e1f210a35786667d0e3d9bcc97141f3cdf57d007ed9246f791840a5e,1577973232727,1577973225
0xbc012e22e1f210a35786667d0e3d9bcc97141f3cdf57d007ed9246f791840a5e,1577973232728,1577973225
0xbc012e22e1f210a35786667d0e3d9bcc97141f3cdf57d007ed9246f791840a5e,1577973232728,1577973225
0xbc012e22e1f210a35786667d0e3d9bcc97141f3cdf57d007ed9246f791840a5e,1577973232729,1577973225
0xbc012e22e1f210a35786667d0e3d9bcc97141f3cdf57d007ed9246f791840a5e,1577973232729,1577973225
0xbc012e22e1f210a35786667d0e3d9bcc97141f3cdf57d007ed9246f791840a5e,1577973232730,1577973225
0xbc012e22e1f210a35786667d0e3d9bcc97141f3cdf57d007ed9246f791840a5e,1577973232731,1577973225
0xbc012e22e1f210a35786667d0e3d9bcc97141f3cdf57d007ed9246f791840a5e,1577973232731,1577973225
0xbc012e22e1f210a35786667d0e3d9bcc97141f3cdf57d007ed9246f791840a5e,1577973232732,1577973225
0xbc012e22e1f210a35786667d0e3d9bcc97141f3cdf57d007ed9246f791840a5e,1577973232732,1577973225
0xbc012e22e1f210a35786667d0e3d9bcc97141f3cdf57d007ed9246f791840a5e,1577973232733,1577973225
0xbc012e22e1f210a35786667d0e3d9bcc97141f3cdf57d007ed9246f791840a5e,1577973232733,1577973225
0xbc012e22e1f210a35786667d0e3d9bcc97141f3cdf57d007ed9246f791840a5e,1577973232734,1577973225
0xbc012e22e1f210a35786667d0e3d9bcc97141f3cdf57d007ed9246f791840a5e,1577973232735,1577973225
0xbc012e22e1f210a35786667d0e3d9bcc97141f3cdf57d007ed9246f791840a5e,1577973232735,1577973225
0xbc012e22e1f210a35786667d0e3d9bcc97141f3cdf57d007ed9246f791840a5e,1577973232736,1577973225
0xbc012e22e1f210a35786667d0e3d9bcc97141f3cdf57d007ed9246f791840a5e,1577973232737,1577973225
0xbc012e22e1f210a35786667d0e3d9bcc97141f3cdf57d007ed9246f791840a5e,1577973232737,1577973225
0xbc012e22e1f210a35786667d0e3d9bcc97141f3cdf57d007ed9246f791840a5e,1577973232738,1577973225
0xbc012e22e1f210a35786667d0e3d9bcc97141f3cdf57d007ed9246f791840a5e,1577973232739,1577973225
0xbc012e22e1f210a35786667d0e3d9bcc97141f3cdf57d007ed9246f791840a5e,1577973232739,1577973225
0xbc012e22e1f210a35786667d0e3d9bcc97141f3cdf57d007ed9246f791840a5e,1577973232740,1577973225
0xbc012e22e1f210a35786667d0e3d9bcc97141f3cdf57d007ed9246f791840a5e,1577973232740,1577973225
0xbc012e22e1f210a35786667d0e3d9bcc97141f3cdf57d007ed9246f791840a5e,1577973232741,1577973225
0xbc012e22e1f210a35786667d0e3d9bcc97141f3cdf57d007ed9246f791840a5e,1577973232742,1577973225
0xbc012e22e1f210a35786667d0e3d9bcc97141f3cdf57d007ed9246f791840a5e,1577973232742,1577973225
0xbc012e22e1f210a35786667d0e3d9bcc97141f3cdf57d007ed9246f791840a5e,1577973232743,1577973225
0xbc012e22e1f210a35786667d0e3d9bcc97141f3cdf57d007ed9246f791840a5e,1577973232743,1577973225
0xbc012e22e1f210a35786667d0e3d9bcc97141f3cdf57d007ed9246f791840a5e,1577973232744,1577973225
0xbc012e22e1f210a35786667d0e3d9bcc97141f3cdf57d007ed9246f791840a5e,1577973232745,1577973225
0xbc012e22e1f210a35786667d0e3d9bcc97141f3cdf57d007ed9246f791840a5e,1577973232746,1577973225
0xbc012e22e1f210a35786667d0e3d9bcc97141f3cdf57d007ed9246f791840a5e,1577973232746,1577973225
0xbc012e22e1f210a35786667d0e3d9bcc97141f3cdf57d007ed9246f791840a5e,1577973232747,1577973225
0xbc012e22e1f210a35786667d0e3d9bcc97141f3cdf57d007ed9246f791840a5e,1577973232747,1577973225
0xbc012e22e1f210a35786667d0e3d9bcc97141f3cdf57d007ed9246f791840a5e,1577973232748,1577973225
0xbc012e22e1f210a35786667d0e3d9bcc97141f3cdf57d007ed9246f791840a5e,1577973232748,1577973225
0xbc012e22e1f210a35786667d0e3d9bcc97141f3cdf57d007ed9246f791840a5e,1577973232749,1577973225
0xbc012e22e1f210a35786667d0e3d9bcc97141f3cdf57d007ed9246f791840a5e,1577973232750,1577973225
0xbc012e22e1f210a35786667d0e3d9bcc97141f3cdf57d007ed9246f791840a5e,1577973232750,1577973225
0xbc012e22e1f210a35786667d0e3d9bcc97141f3cdf57d007ed9246f791840a5e,1577973232751,1577973225
0xbc012e22e1f210a35786667d0e3d9bcc97141f3cdf57d007ed9246f791840a5e,1577973232751,1577973225
0xbc012e22e1f210a35786667d0e3d9bcc97141f3cdf57d007ed9246f791840a5e,1577973232752,1577973225
0xbc012e22e1f210a35786667d0e3d9bcc97141f3cdf57d007ed9246f791840a5e,1577973232753,1577973225
0xbc012e22e1f210a35786667d0e3d9bcc97141f3cdf57d007ed9246f791840a5e,1577973232753,1577973225
0xbc012e22e1f210a35786667d0e3d9bcc97141f3cdf57d007ed9246f791840a5e,1577973232754,1577973225
0xbc012e22e1f210a35786667d0e3d9bcc97141f3cdf57d007ed9246f791840a5e,1577973232754,1577973225
0xbc012e22e1f210a35786667d0e3d9bcc97141f3cdf57d007ed9246f791840a5e,1577973232755,1577973225
0xbc012e22e1f210a35786667d0e3d9bcc97141f3cdf57d007ed9246f791840a5e,1577973232755,1577973225
0xbc012e22e1f210a35786667d0e3d9bcc97141f3cdf57d007ed9246f791840a5e,1577973232756,1577973225
0xbc012e22e1f210a35786667d0e3d9bcc97141f3cdf57d007ed9246f791840a5e,1577973232757,1577973225
0xbc012e22e1f210a35786667d0e3d9bcc97141f3cdf57d007ed9246f791840a5e,1577973232757,1577973225
0xbc012e22e1f210a35786667d0e3d9bcc97141f3cdf57d007ed9246f791840a5e,1577973232758,1577973225
0xbc012e22e1f210a35786667d0e3d9bcc97141f3cdf57d007ed9246f791840a5e,1577973232758,1577973225
0xbc012e22e1f210a35786667d0e3d9bcc97141f3cdf57d007ed9246f791840a5e,1577973232759,1577973225
0xbc012e22e1f210a35786667d0e3d9bcc97141f3cdf57d007ed9246f791840a5e,1577973232760,1577973225
0xbc012e22e1f210a35786667d0e3d9bcc97141f3cdf57d007ed9246f791840a5e,1577973232760,1577973225
0xbc012e22e1f210a35786667d0e3d9bcc97141f3cdf57d007ed9246f791840a5e,1577973232761,1577973225
0xbc012e22e1f210a35786667d0e3d9bcc97141f3cdf57d007ed9246f791840a5e,1577973232761,1577973225
0xbc012e22e1f210a35786667d0e3d9bcc97141f3cdf57d007ed9246f791840a5e,1577973232762,1577973225
0xbc012e22e1f210a35786667d0e3d9bcc97141f3cdf57d007ed9246f791840a5e,1577973232763,1577973225
0xbc012e22e1f210a35786667d0e3d9bcc97141f3cdf57d007ed9246f791840a5e,1577973232764,1577973225
0xbc012e22e1f210a35786667d0e3d9bcc97141f3cdf57d007ed9246f791840a5e,1577973232764,1577973225
0xbc012e22e1f210a35786667d0e3d9bcc97141f3cdf57d007ed9246f791840a5e,1577973232765,1577973225
0xbc012e22e1f210a35786667d0e3d9bcc97141f3cdf57d007ed9246f791840a5e,1577973232765,1577973225
0xbc012e22e1f210a35786667d0e3d9bcc97141f3cdf57d007ed9246f791840a5e,1577973232766,1577973225
0xbc012e22e1f210a35786667d0e3d9bcc97141f3cdf57d007ed9246f791840a5e,1577973232766,1577973225
0xbc012e22e1f210a35786667d0e3d9bcc97141f3cdf57d007ed9246f791840a5e,1577973232767,1577973225
0xbc012e22e1f210a35786667d0e3d9bcc97141f3cdf57d007ed9246f791840a5e,1577973232768,1577973225
0xbc012e22e1f210a35786667d0e3d9bcc97141f3cdf57d007ed9246f791840a5e,1577973232768,1577973225
0xbc012e22e1f210a35786667d0e3d9bcc97141f3cdf57d007ed9246f791840a5e,1577973232769,1577973225
0xbc012e22e1f210a35786667d0e3d9bcc97141f3cdf57d007ed9246f791840a5e,1577973232769,1577973225
0xbc012e22e1f210a35786667d0e3d9bcc97141f3cdf57d007ed9246f791840a5e,1577973232770,1577973225
0xbc012e22e1f210a35786667d0e3d9bcc97141f3cdf57d007ed9246f791840a5e,1577973232772,1577973225
0xbc012e22e1f210a35786667d0e3d9bcc97141f3cdf57d007ed9246f791840a5e,1577973232772,1577973225
0xbc012e22e1f210a35786667d0e3d9bcc97141f3cdf57d007ed9246f791840a5e,1577973232772,1577973225
0xbc012e22e1f210a35786667d0e3d9bcc97141f3cdf57d007ed9246f791840a5e,1577973232773,1577973225
0xbc012e22e1f210a35786667d0e3d9bcc97141f3cdf57d007ed9246f791840a5e,1577973232773,1577973225
0xbc012e22e1f210a35786667d0e3d9bcc97141f3cdf57d007ed9246f791840a5e,1577973232774,1577973225
0xbc012e22e1f210a35786667d0e3d9bcc97141f3cdf57d007ed9246f791840a5e,1577973232775,1577973225
0xbc012e22e1f210a35786667d0e3d9bcc97141f3cdf57d007ed9246f791840a5e,1577973232775,1577973225
0xbc012e22e1f210a35786667d0e3d9bcc97141f3cdf57d007ed9246f791840a5e,1577973232775,1577973225
0xbc012e22e1f210a35786667d0e3d9bcc97141f3cdf57d007ed9246f791840a5e,1577973232776,1577973225
0xbc012e22e1f210a35786667d0e3d9bcc97141f3cdf57d007ed9246f791840a5e,1577973232776,1577973225
0xbc012e22e1f210a35786667d0e3d9bcc97141f3cdf57d007ed9246f791840a5e,1577973232777,1577973225
0xbc012e22e1f210a35786667d0e3d9bcc97141f3cdf57d007ed9246f791840a5e,1577973232778,1577973225
0xbc012e22e1f210a35786667d0e3d9bcc97141f3cdf57d007ed9246f791840a5e,1577973232778,1577973225
0xbc012e22e1f210a35786667d0e3d9bcc97141f3cdf57d007ed9246f791840a5e,1577973232780,1577973225
0xbc012e22e1f210a35786667d0e3d9bcc97141f3cdf57d007ed9246f791840a5e,1577973232781,1577973225
0xbc012e22e1f210a35786667d0e3d9bcc97141f3cdf57d007ed9246f791840a5e,1577973232781,1577973225
0xbc012e22e1f210a35786667d0e3d9bcc97141f3cdf57d007ed9246f791840a5e,1577973232782,1577973225
0xbc012e22e1f210a35786667d0e3d9bcc97141f3cdf57d007ed9246f791840a5e,1577973232783,1577973225
0xbc012e22e1f210a35786667d0e3d9bcc97141f3cdf57d007ed9246f791840a5e,1577973232783,1577973225
0xbc012e22e1f210a35786667d0e3d9bcc97141f3cdf57d007ed9246f791840a5e,1577973232784,1577973225
0xbc012e22e1f210a35786667d0e3d9bcc97141f3cdf57d007ed9246f791840a5e,1577973232784,1577973225
0xbc012e22e1f210a35786667d0e3d9bcc97141f3cdf57d007ed9246f791840a5e,1577973232784,1577973225
0xbc012e22e1f210a35786667d0e3d9bcc97141f3cdf57d007ed9246f791840a5e,1577973232785,1577973225
0xbc012e22e1f210a35786667d0e3d9bcc97141f3cdf57d007ed9246f791840a5e,1577973233016,1577973232
0xbc012e22e1f210a35786667d0e3d9bcc97141f3cdf57d007ed9246f791840a5e,1577973233017,1577973232
0xbc012e22e1f210a35786667d0e3d9bcc97141f3cdf57d007ed9246f791840a5e,1577973233018,1577973232
0xbc012e22e1f210a35786667d0e3d9bcc97141f3cdf57d007ed9246f791840a5e,1577973233019,1577973232
0xbc012e22e1f210a35786667d0e3d9bcc97141f3cdf57d007ed9246f791840a5e,1577973233019,1577973232
0xbc012e22e1f210a35786667d0e3d9bcc97141f3cdf57d007ed9246f791840a5e,1577973233023,1577973232
0xbc012e22e1f210a35786667d0e3d9bcc97141f3cdf57d007ed9246f791840a5e,1577973233024,1577973232
0xbc012e22e1f210a35786667d0e3d9bcc97141f3cdf57d007ed9246f791840a5e,1577973233024,1577973232
0xbc012e22e1f210a35786667d0e3d9bcc97141f3cdf57d007ed9246f791840a5e,1577973233025,1577973232
0xbc012e22e1f210a35786667d0e3d9bcc97141f3cdf57d007ed9246f791840a5e,1577973233025,1577973232
0xbc012e22e1f210a35786667d0e3d9bcc97141f3cdf57d007ed9246f791840a5e,1577973233025,1577973232
0xbc012e22e1f210a35786667d0e3d9bcc97141f3cdf57d007ed9246f791840a5e,1577973233026,1577973232
0xbc012e22e1f210a35786667d0e3d9bcc97141f3cdf57d007ed9246f791840a5e,1577973233026,1577973232
0xbc012e22e1f210a35786667d0e3d9bcc97141f3cdf57d007ed9246f791840a5e,1577973233026,1577973232
0xbc012e22e1f210a35786667d0e3d9bcc97141f3cdf57d007ed9246f791840a5e,1577973233027,1577973232
0xbc012e22e1f210a35786667d0e3d9bcc97141f3cdf57d007ed9246f791840a5e,1577973233027,1577973232
0xbc012e22e1f210a35786667d0e3d9bcc97141f3cdf57d007ed9246f791840a5e,1577973233028,1577973232
0xbc012e22e1f210a35786667d0e3d9bcc97141f3cdf57d007ed9246f791840a5e,1577973233028,1577973232
0xbc012e22e1f210a35786667d0e3d9bcc97141f3cdf57d007ed9246f791840a5e,1577973233029,1577973232
0xbc012e22e1f210a35786667d0e3d9bcc97141f3cdf57d007ed9246f791840a5e,1577973233029,1577973232
0xbc012e22e1f210a35786667d0e3d9bcc97141f3cdf57d007ed9246f791840a5e,1577973233030,1577973232
0xbc012e22e1f210a35786667d0e3d9bcc97141f3cdf57d007ed9246f791840a5e,1577973233030,1577973232
0xbc012e22e1f210a35786667d0e3d9bcc97141f3cdf57d007ed9246f791840a5e,1577973233030,1577973232
0xbc012e22e1f210a35786667d0e3d9bcc97141f3cdf57d007ed9246f791840a5e,1577973233031,1577973232
0xbc012e22e1f210a35786667d0e3d9bcc97141f3cdf57d007ed9246f791840a5e,1577973233032,1577973232
0xbc012e22e1f210a35786667d0e3d9bcc97141f3cdf57d007ed9246f791840a5e,1577973233032,1577973232
0xbc012e22e1f210a35786667d0e3d9bcc97141f3cdf57d007ed9246f791840a5e,1577973233032,1577973232
0xbc012e22e1f210a35786667d0e3d9bcc97141f3cdf57d007ed9246f791840a5e,1577973233033,1577973232
0xbc012e22e1f210a35786667d0e3d9bcc97141f3cdf57d007ed9246f791840a5e,1577973233033,1577973232
0xbc012e22e1f210a35786667d0e3d9bcc97141f3cdf57d007ed9246f791840a5e,1577973233034,1577973232
0xbc012e22e1f210a35786667d0e3d9bcc97141f3cdf57d007ed9246f791840a5e,1577973233034,1577973232
0xbc012e22e1f210a35786667d0e3d9bcc97141f3cdf57d007ed9246f791840a5e,1577973233035,1577973232
0xbc012e22e1f210a35786667d0e3d9bcc97141f3cdf57d007ed9246f791840a5e,1577973233035,1577973232
0xbc012e22e1f210a35786667d0e3d9bcc97141f3cdf57d007ed9246f791840a5e,1577973233036,1577973232
0xbc012e22e1f210a35786667d0e3d9bcc97141f3cdf57d007ed9246f791840a5e,1577973233036,1577973232
0xbc012e22e1f210a35786667d0e3d9bcc97141f3cdf57d007ed9246f791840a5e,1577973233037,1577973232
0xbc012e22e1f210a35786667d0e3d9bcc97141f3cdf57d007ed9246f791840a5e,1577973233037,1577973232
0xbc012e22e1f210a35786667d0e3d9bcc97141f3cdf57d007ed9246f791840a5e,1577973233038,1577973232
0xbc012e22e1f210a35786667d0e3d9bcc97141f3cdf57d007ed9246f791840a5e,1577973233038,1577973232
0xbc012e22e1f210a35786667d0e3d9bcc97141f3cdf57d007ed9246f791840a5e,1577973233039,1577973232
0xbc012e22e1f210a35786667d0e3d9bcc97141f3cdf57d007ed9246f791840a5e,1577973233039,1577973232
0xbc012e22e1f210a35786667d0e3d9bcc97141f3cdf57d007ed9246f791840a5e,1577973233040,1577973232
0xbc012e22e1f210a35786667d0e3d9bcc97141f3cdf57d007ed9246f791840a5e,1577973233041,1577973232
0xbc012e22e1f210a35786667d0e3d9bcc97141f3cdf57d007ed9246f791840a5e,1577973233041,1577973232
0xbc012e22e1f210a35786667d0e3d9bcc97141f3cdf57d007ed9246f791840a5e,1577973233042,1577973232
0xbc012e22e1f210a35786667d0e3d9bcc97141f3cdf57d007ed9246f791840a5e,1577973233042,1577973232
0xbc012e22e1f210a35786667d0e3d9bcc97141f3cdf57d007ed9246f791840a5e,1577973233042,1577973232
0xbc012e22e1f210a35786667d0e3d9bcc97141f3cdf57d007ed9246f791840a5e,1577973233043,1577973232
0xbc012e22e1f210a35786667d0e3d9bcc97141f3cdf57d007ed9246f791840a5e,1577973233043,1577973232
0xbc012e22e1f210a35786667d0e3d9bcc97141f3cdf57d007ed9246f791840a5e,1577973233044,1577973232
0xbc012e22e1f210a35786667d0e3d9bcc97141f3cdf57d007ed9246f791840a5e,1577973233045,1577973232
0xbc012e22e1f210a35786667d0e3d9bcc97141f3cdf57d007ed9246f791840a5e,1577973233045,1577973232
0xbc012e22e1f210a35786667d0e3d9bcc97141f3cdf57d007ed9246f791840a5e,1577973233046,1577973232
0xbc012e22e1f210a35786667d0e3d9bcc97141f3cdf57d007ed9246f791840a5e,1577973233046,1577973232
0xbc012e22e1f210a35786667d0e3d9bcc97141f3cdf57d007ed9246f791840a5e,1577973233047,1577973232
0xbc012e22e1f210a35786667d0e3d9bcc97141f3cdf57d007ed9246f791840a5e,1577973233047,1577973232
0xbc012e22e1f210a35786667d0e3d9bcc97141f3cdf57d007ed9246f791840a5e,1577973233048,1577973232
0xbc012e22e1f210a35786667d0e3d9bcc97141f3cdf57d007ed9246f791840a5e,1577973233048,1577973232
0xbc012e22e1f210a35786667d0e3d9bcc97141f3cdf57d007ed9246f791840a5e,1577973233049,1577973232
0xbc012e22e1f210a35786667d0e3d9bcc97141f3cdf57d007ed9246f791840a5e,1577973233050,1577973232
0xbc012e22e1f210a35786667d0e3d9bcc97141f3cdf57d007ed9246f791840a5e,1577973233050,1577973232
0xbc012e22e1f210a35786667d0e3d9bcc97141f3cdf57d007ed9246f791840a5e,1577973233050,1577973232
0xbc012e22e1f210a35786667d0e3d9bcc97141f3cdf57d007ed9246f791840a5e,1577973233051,1577973232
0xbc012e22e1f210a35786667d0e3d9bcc97141f3cdf57d007ed9246f791840a5e,1577973233051,1577973232
0xbc012e22e1f210a35786667d0e3d9bcc97141f3cdf57d007ed9246f791840a5e,1577973233052,1577973232
0xbc012e22e1f210a35786667d0e3d9bcc97141f3cdf57d007ed9246f791840a5e,1577973233053,1577973232
0xbc012e22e1f210a35786667d0e3d9bcc97141f3cdf57d007ed9246f791840a5e,1577973233053,1577973232
0xbc012e22e1f210a35786667d0e3d9bcc97141f3cdf57d007ed9246f791840a5e,1577973233054,1577973232
0xbc012e22e1f210a35786667d0e3d9bcc97141f3cdf57d007ed9246f791840a5e,1577973233054,1577973232
0xbc012e22e1f210a35786667d0e3d9bcc97141f3cdf57d007ed9246f791840a5e,1577973233055,1577973232
0xbc012e22e1f210a35786667d0e3d9bcc97141f3cdf57d007ed9246f791840a5e,1577973233055,1577973232
0xbc012e22e1f210a35786667d0e3d9bcc97141f3cdf57d007ed9246f791840a5e,1577973233056,1577973232
0xbc012e22e1f210a35786667d0e3d9bcc97141f3cdf57d007ed9246f791840a5e,1577973233056,1577973232
0xbc012e22e1f210a35786667d0e3d9bcc97141f3cdf57d007ed9246f791840a5e,1577973233056,1577973232
0xbc012e22e1f210a35786667d0e3d9bcc97141f3cdf57d007ed9246f791840a5e,1577973233057,1577973232
0xbc012e22e1f210a35786667d0e3d9bcc97141f3cdf57d007ed9246f791840a5e,1577973233057,1577973232
0xbc012e22e1f210a35786667d0e3d9bcc97141f3cdf57d007ed9246f791840a5e,1577973233058,1577973232
0xbc012e22e1f210a35786667d0e3d9bcc97141f3cdf57d007ed9246f791840a5e,1577973233059,1577973232
0xbc012e22e1f210a35786667d0e3d9bcc97141f3cdf57d007ed9246f791840a5e,1577973233060,1577973232
0xbc012e22e1f210a35786667d0e3d9bcc97141f3cdf57d007ed9246f791840a5e,1577973233060,1577973232
0xbc012e22e1f210a35786667d0e3d9bcc97141f3cdf57d007ed9246f791840a5e,1577973233061,1577973232
0xbc012e22e1f210a35786667d0e3d9bcc97141f3cdf57d007ed9246f791840a5e,1577973233061,1577973232
0xbc012e22e1f210a35786667d0e3d9bcc97141f3cdf57d007ed9246f791840a5e,1577973233062,1577973232
0xbc012e22e1f210a35786667d0e3d9bcc97141f3cdf57d007ed9246f791840a5e,1577973233062,1577973232
0xbc012e22e1f210a35786667d0e3d9bcc97141f3cdf57d007ed9246f791840a5e,1577973233063,1577973232
0xbc012e22e1f210a35786667d0e3d9bcc97141f3cdf57d007ed9246f791840a5e,1577973233063,1577973232
0xbc012e22e1f210a35786667d0e3d9bcc97141f3cdf57d007ed9246f791840a5e,1577973233063,1577973232
0xbc012e22e1f210a35786667d0e3d9bcc97141f3cdf57d007ed9246f791840a5e,1577973233064,1577973232
0xbc012e22e1f210a35786667d0e3d9bcc97141f3cdf57d007ed9246f791840a5e,1577973233064,1577973232
0xbc012e22e1f210a35786667d0e3d9bcc97141f3cdf57d007ed9246f791840a5e,1577973233065,1577973232
0xbc012e22e1f210a35786667d0e3d9bcc97141f3cdf57d007ed9246f791840a5e,1577973233065,1577973232
0xbc012e22e1f210a35786667d0e3d9bcc97141f3cdf57d007ed9246f791840a5e,1577973233065,1577973232
0xbc012e22e1f210a35786667d0e3d9bcc97141f3cdf57d007ed9246f791840a5e,1577973233066,1577973232
0xbc012e22e1f210a35786667d0e3d9bcc97141f3cdf57d007ed9246f791840a5e,1577973233066,1577973232
0xbc012e22e1f210a35786667d0e3d9bcc97141f3cdf57d007ed9246f791840a5e,1577973233067,1577973232
0xbc012e22e1f210a35786667d0e3d9bcc97141f3cdf57d007ed9246f791840a5e,1577973233068,1577973232
0xbc012e22e1f210a35786667d0e3d9bcc97141f3cdf57d007ed9246f791840a5e,1577973233068,1577973232
0xbc012e22e1f210a35786667d0e3d9bcc97141f3cdf57d007ed9246f791840a5e,1577973233068,1577973232
0xbc012e22e1f210a35786667d0e3d9bcc97141f3cdf57d007ed9246f791840a5e,1577973233069,1577973232
0xbc012e22e1f210a35786667d0e3d9bcc97141f3cdf57d007ed9246f791840a5e,1577973233069,1577973232
0xbc012e22e1f210a35786667d0e3d9bcc97141f3cdf57d007ed9246f791840a5e,1577973233070,1577973232
0xbc012e22e1f210a35786667d0e3d9bcc97141f3cdf57d007ed9246f791840a5e,1577973233071,1577973232
0xbc012e22e1f210a35786667d0e3d9bcc97141f3cdf57d007ed9246f791840a5e,1577973233071,1577973232
0xbc012e22e1f210a35786667d0e3d9bcc97141f3cdf57d007ed9246f791840a5e,1577973233071,1577973232
0xbc012e22e1f210a35786667d0e3d9bcc97141f3cdf57d007ed9246f791840a5e,1577973233072,1577973232
0xbc012e22e1f210a35786667d0e3d9bcc97141f3cdf57d007ed9246f791840a5e,1577973233072,1577973232
0xbc012e22e1f210a35786667d0e3d9bcc97141f3cdf57d007ed9246f791840a5e,1577973233072,1577973232
0xbc012e22e1f210a35786667d0e3d9bcc97141f3cdf57d007ed9246f791840a5e,1577973233073,1577973232
0xbc012e22e1f210a35786667d0e3d9bcc97141f3cdf57d007ed9246f791840a5e,1577973233073,1577973232
0xbc012e22e1f210a35786667d0e3d9bcc97141f3cdf57d007ed9246f791840a5e,1577973233074,1577973232
0xbc012e22e1f210a35786667d0e3d9bcc97141f3cdf57d007ed9246f791840a5e,1577973233074,1577973232
0xbc012e22e1f210a35786667d0e3d9bcc97141f3cdf57d007ed9246f791840a5e,1577973233075,1577973232
0xbc012e22e1f210a35786667d0e3d9bcc97141f3cdf57d007ed9246f791840a5e,1577973233075,1577973232
0xbc012e22e1f210a35786667d0e3d9bcc97141f3cdf57d007ed9246f791840a5e,1577973233076,1577973232
0xbc012e22e1f210a35786667d0e3d9bcc97141f3cdf57d007ed9246f791840a5e,1577973233076,1577973232
0xbc012e22e1f210a35786667d0e3d9bcc97141f3cdf57d007ed9246f791840a5e,1577973233128,1577973233
0xbc012e22e1f210a35786667d0e3d9bcc97141f3cdf57d007ed9246f791840a5e,1577973233128,1577973233
0xbc012e22e1f210a35786667d0e3d9bcc97141f3cdf57d007ed9246f791840a5e,1577973233129,1577973233
0xbc012e22e1f210a35786667d0e3d9bcc97141f3cdf57d007ed9246f791840a5e,1577973233129,1577973233
0xbc012e22e1f210a35786667d0e3d9bcc97141f3cdf57d007ed9246f791840a5e,1577973233130,1577973233
0xbc012e22e1f210a35786667d0e3d9bcc97141f3cdf57d007ed9246f791840a5e,1577973233130,1577973233
0xbc012e22e1f210a35786667d0e3d9bcc97141f3cdf57d007ed9246f791840a5e,1577973233131,1577973233
0xbc012e22e1f210a35786667d0e3d9bcc97141f3cdf57d007ed9246f791840a5e,1577973233131,1577973233
0xbc012e22e1f210a35786667d0e3d9bcc97141f3cdf57d007ed9246f791840a5e,1577973233132,1577973233
0xbc012e22e1f210a35786667d0e3d9bcc97141f3cdf57d007ed9246f791840a5e,1577973233132,1577973233
0xbc012e22e1f210a35786667d0e3d9bcc97141f3cdf57d007ed9246f791840a5e,1577973233132,1577973233
0xbc012e22e1f210a35786667d0e3d9bcc97141f3cdf57d007ed9246f791840a5e,1577973233133,1577973233
0xbc012e22e1f210a35786667d0e3d9bcc97141f3cdf57d007ed9246f791840a5e,1577973233133,1577973233
0xbc012e22e1f210a35786667d0e3d9bcc97141f3cdf57d007ed9246f791840a5e,1577973233134,1577973233
0xbc012e22e1f210a35786667d0e3d9bcc97141f3cdf57d007ed9246f791840a5e,1577973233134,1577973233
0xbc012e22e1f210a35786667d0e3d9bcc97141f3cdf57d007ed9246f791840a5e,1577973233134,1577973233
0xbc012e22e1f210a35786667d0e3d9bcc97141f3cdf57d007ed9246f791840a5e,1577973233135,1577973233
0xbc012e22e1f210a35786667d0e3d9bcc97141f3cdf57d007ed9246f791840a5e,1577973233135,1577973233
0xbc012e22e1f210a35786667d0e3d9bcc97141f3cdf57d007ed9246f791840a5e,1577973233136,1577973233
0xbc012e22e1f210a35786667d0e3d9bcc97141f3cdf57d007ed9246f791840a5e,1577973233136,1577973233
0xbc012e22e1f210a35786667d0e3d9bcc97141f3cdf57d007ed9246f791840a5e,1577973233137,1577973233
0xbc012e22e1f210a35786667d0e3d9bcc97141f3cdf57d007ed9246f791840a5e,1577973233137,1577973233
0xbc012e22e1f210a35786667d0e3d9bcc97141f3cdf57d007ed9246f791840a5e,1577973233138,1577973233
0xbc012e22e1f210a35786667d0e3d9bcc97141f3cdf57d007ed9246f791840a5e,1577973233138,1577973233
0xbc012e22e1f210a35786667d0e3d9bcc97141f3cdf57d007ed9246f791840a5e,1577973233139,1577973233
0xbc012e22e1f210a35786667d0e3d9bcc97141f3cdf57d007ed9246f791840a5e,1577973233139,1577973233
0xbc012e22e1f210a35786667d0e3d9bcc97141f3cdf57d007ed9246f791840a5e,1577973233139,1577973233
0xbc012e22e1f210a35786667d0e3d9bcc97141f3cdf57d007ed9246f791840a5e,1577973233140,1577973233
0xbc012e22e1f210a35786667d0e3d9bcc97141f3cdf57d007ed9246f791840a5e,1577973233140,1577973233
0xbc012e22e1f210a35786667d0e3d9bcc97141f3cdf57d007ed9246f791840a5e,1577973233141,1577973233
0xbc012e22e1f210a35786667d0e3d9bcc97141f3cdf57d007ed9246f791840a5e,1577973233141,1577973233
0xbc012e22e1f210a35786667d0e3d9bcc97141f3cdf57d007ed9246f791840a5e,1577973234521,1577973234
0xbc012e22e1f210a35786667d0e3d9bcc97141f3cdf57d007ed9246f791840a5e,1577973234521,1577973234
0xbc012e22e1f210a35786667d0e3d9bcc97141f3cdf57d007ed9246f791840a5e,1577973234522,1577973234
0xbc012e22e1f210a35786667d0e3d9bcc97141f3cdf57d007ed9246f791840a5e,1577973236281,1577973235
0xbc012e22e1f210a35786667d0e3d9bcc97141f3cdf57d007ed9246f791840a5e,1577973236281,1577973235
0xbc012e22e1f210a35786667d0e3d9bcc97141f3cdf57d007ed9246f791840a5e,1577973236281,1577973235
0xbc012e22e1f210a35786667d0e3d9bcc97141f3cdf57d007ed9246f791840a5e,1577973236282,1577973235
0xbc012e22e1f210a35786667d0e3d9bcc97141f3cdf57d007ed9246f791840a5e,1577973236282,1577973235
0xbc012e22e1f210a35786667d0e3d9bcc97141f3cdf57d007ed9246f791840a5e,1577973236283,1577973235
0xbc012e22e1f210a35786667d0e3d9bcc97141f3cdf57d007ed9246f791840a5e,1577973236283,1577973235
0xbc012e22e1f210a35786667d0e3d9bcc97141f3cdf57d007ed9246f791840a5e,1577973236284,1577973235
0xbc012e22e1f210a35786667d0e3d9bcc97141f3cdf57d007ed9246f791840a5e,1577973236284,1577973235
0xbc012e22e1f210a35786667d0e3d9bcc97141f3cdf57d007ed9246f791840a5e,1577973236284,1577973235
0xbc012e22e1f210a35786667d0e3d9bcc97141f3cdf57d007ed9246f791840a5e,1577973236285,1577973235
0xbc012e22e1f210a35786667d0e3d9bcc97141f3cdf57d007ed9246f791840a5e,1577973236285,1577973235
0xbc012e22e1f210a35786667d0e3d9bcc97141f3cdf57d007ed9246f791840a5e,1577973236286,1577973235
0xbc012e22e1f210a35786667d0e3d9bcc97141f3cdf57d007ed9246f791840a5e,1577973236286,1577973235
0xbc012e22e1f210a35786667d0e3d9bcc97141f3cdf57d007ed9246f791840a5e,1577973238707,1577973236
0xbc012e22e1f210a35786667d0e3d9bcc97141f3cdf57d007ed9246f791840a5e,1577973238708,1577973236
0xbc012e22e1f210a35786667d0e3d9bcc97141f3cdf57d007ed9246f791840a5e,1577973238708,1577973236
0xbc012e22e1f210a35786667d0e3d9bcc97141f3cdf57d007ed9246f791840a5e,1577973238710,1577973236
0xbc012e22e1f210a35786667d0e3d9bcc97141f3cdf57d007ed9246f791840a5e,1577973238710,1577973236
0xbc012e22e1f210a35786667d0e3d9bcc97141f3cdf57d007ed9246f791840a5e,1577973238711,1577973236
0xbc012e22e1f210a35786667d0e3d9bcc97141f3cdf57d007ed9246f791840a5e,1577973238711,1577973236
0xbc012e22e1f210a35786667d0e3d9bcc97141f3cdf57d007ed9246f791840a5e,1577973238712,1577973236
0xbc012e22e1f210a35786667d0e3d9bcc97141f3cdf57d007ed9246f791840a5e,1577973238712,1577973236
0xbc012e22e1f210a35786667d0e3d9bcc97141f3cdf57d007ed9246f791840a5e,1577973238713,1577973236
0xbc012e22e1f210a35786667d0e3d9bcc97141f3cdf57d007ed9246f791840a5e,1577973238713,1577973236
0xbc012e22e1f210a35786667d0e3d9bcc97141f3cdf57d007ed9246f791840a5e,1577973238714,1577973236
0xbc012e22e1f210a35786667d0e3d9bcc97141f3cdf57d007ed9246f791840a5e,1577973239684,1577973238
0xbc012e22e1f210a35786667d0e3d9bcc97141f3cdf57d007ed9246f791840a5e,1577973239685,1577973238
0xbc012e22e1f210a35786667d0e3d9bcc97141f3cdf57d007ed9246f791840a5e,1577973239685,1577973238
0xbc012e22e1f210a35786667d0e3d9bcc97141f3cdf57d007ed9246f791840a5e,1577973239685,1577973238
0xbc012e22e1f210a35786667d0e3d9bcc97141f3cdf57d007ed9246f791840a5e,1577973239686,1577973238
0xbc012e22e1f210a35786667d0e3d9bcc97141f3cdf57d007ed9246f791840a5e,1577973239686,1577973238
0xbc012e22e1f210a35786667d0e3d9bcc97141f3cdf57d007ed9246f791840a5e,1577973239687,1577973238
0xbc012e22e1f210a35786667d0e3d9bcc97141f3cdf57d007ed9246f791840a5e,1577973239687,1577973238
0xbc012e22e1f210a35786667d0e3d9bcc97141f3cdf57d007ed9246f791840a5e,1577973239688,1577973238
0xbc012e22e1f210a35786667d0e3d9bcc97141f3cdf57d007ed9246f791840a5e,1577973239688,1577973238
0xbc012e22e1f210a35786667d0e3d9bcc97141f3cdf57d007ed9246f791840a5e,1577973239689,1577973238
0xbc012e22e1f210a35786667d0e3d9bcc97141f3cdf57d007ed9246f791840a5e,1577973239689,1577973238
0xbc012e22e1f210a35786667d0e3d9bcc97141f3cdf57d007ed9246f791840a5e,1577973239690,1577973238
0xbc012e22e1f210a35786667d0e3d9bcc97141f3cdf57d007ed9246f791840a5e,1577973239690,1577973238
0xbc012e22e1f210a35786667d0e3d9bcc97141f3cdf57d007ed9246f791840a5e,1577973239691,1577973238
0xbc012e22e1f210a35786667d0e3d9bcc97141f3cdf57d007ed9246f791840a5e,1577973239691,1577973238
0xbc012e22e1f210a35786667d0e3d9bcc97141f3cdf57d007ed9246f791840a5e,1577973239691,1577973238
0xbc012e22e1f210a35786667d0e3d9bcc97141f3cdf57d007ed9246f791840a5e,1577973239691,1577973238
0xbc012e22e1f210a35786667d0e3d9bcc97141f3cdf57d007ed9246f791840a5e,1577973239692,1577973238
0xbc012e22e1f210a35786667d0e3d9bcc97141f3cdf57d007ed9246f791840a5e,1577973239693,1577973238
0xbc012e22e1f210a35786667d0e3d9bcc97141f3cdf57d007ed9246f791840a5e,1577973239693,1577973238
0xbc012e22e1f210a35786667d0e3d9bcc97141f3cdf57d007ed9246f791840a5e,1577973239693,1577973238
0xbc012e22e1f210a35786667d0e3d9bcc97141f3cdf57d007ed9246f791840a5e,1577973239694,1577973238
0xbc012e22e1f210a35786667d0e3d9bcc97141f3cdf57d007ed9246f791840a5e,1577973239694,1577973238
0xbc012e22e1f210a35786667d0e3d9bcc97141f3cdf57d007ed9246f791840a5e,1577973239695,1577973238
0xbc012e22e1f210a35786667d0e3d9bcc97141f3cdf57d007ed9246f791840a5e,1577973239695,1577973238
0xbc012e22e1f210a35786667d0e3d9bcc97141f3cdf57d007ed9246f791840a5e,1577973239695,1577973238
0xbc012e22e1f210a35786667d0e3d9bcc97141f3cdf57d007ed9246f791840a5e,1577973239696,1577973238
0xbc012e22e1f210a35786667d0e3d9bcc97141f3cdf57d007ed9246f791840a5e,1577973239696,1577973238
0xbc012e22e1f210a35786667d0e3d9bcc97141f3cdf57d007ed9246f791840a5e,1577973239697,1577973238
0xbc012e22e1f210a35786667d0e3d9bcc97141f3cdf57d007ed9246f791840a5e,1577973239697,1577973238
0xbc012e22e1f210a35786667d0e3d9bcc97141f3cdf57d007ed9246f791840a5e,1577973239697,1577973238
0xbc012e22e1f210a35786667d0e3d9bcc97141f3cdf57d007ed9246f791840a5e,1577973239698,1577973238
0xbc012e22e1f210a35786667d0e3d9bcc97141f3cdf57d007ed9246f791840a5e,1577973239698,1577973238
0xbc012e22e1f210a35786667d0e3d9bcc97141f3cdf57d007ed9246f791840a5e,1577973239699,1577973238
0xbc012e22e1f210a35786667d0e3d9bcc97141f3cdf57d007ed9246f791840a5e,1577973239699,1577973238
0xbc012e22e1f210a35786667d0e3d9bcc97141f3cdf57d007ed9246f791840a5e,1577973239699,1577973238
0xbc012e22e1f210a35786667d0e3d9bcc97141f3cdf57d007ed9246f791840a5e,1577973239700,1577973238
0xbc012e22e1f210a35786667d0e3d9bcc97141f3cdf57d007ed9246f791840a5e,1577973239700,1577973238
0xbc012e22e1f210a35786667d0e3d9bcc97141f3cdf57d007ed9246f791840a5e,1577973239701,1577973238
0xbc012e22e1f210a35786667d0e3d9bcc97141f3cdf57d007ed9246f791840a5e,1577973239701,1577973238
0xbc012e22e1f210a35786667d0e3d9bcc97141f3cdf57d007ed9246f791840a5e,1577973239701,1577973238
0xbc012e22e1f210a35786667d0e3d9bcc97141f3cdf57d007ed9246f791840a5e,1577973239702,1577973238
0xbc012e22e1f210a35786667d0e3d9bcc97141f3cdf57d007ed9246f791840a5e,1577973239702,1577973238
0xbc012e22e1f210a35786667d0e3d9bcc97141f3cdf57d007ed9246f791840a5e,1577973239703,1577973238
0xbc012e22e1f210a35786667d0e3d9bcc97141f3cdf57d007ed9246f791840a5e,1577973239703,1577973238
0xbc012e22e1f210a35786667d0e3d9bcc97141f3cdf57d007ed9246f791840a5e,1577973239704,1577973238
0xbc012e22e1f210a35786667d0e3d9bcc97141f3cdf57d007ed9246f791840a5e,1577973239705,1577973238
0xbc012e22e1f210a35786667d0e3d9bcc97141f3cdf57d007ed9246f791840a5e,1577973239706,1577973238
0xbc012e22e1f210a35786667d0e3d9bcc97141f3cdf57d007ed9246f791840a5e,1577973239706,1577973238
0xbc012e22e1f210a35786667d0e3d9bcc97141f3cdf57d007ed9246f791840a5e,1577973239706,1577973238
0xbc012e22e1f210a35786667d0e3d9bcc97141f3cdf57d007ed9246f791840a5e,1577973239707,1577973238
0xbc012e22e1f210a35786667d0e3d9bcc97141f3cdf57d007ed9246f791840a5e,1577973239707,1577973238
0xbc012e22e1f210a35786667d0e3d9bcc97141f3cdf57d007ed9246f791840a5e,1577973239710,1577973238
0xbc012e22e1f210a35786667d0e3d9bcc97141f3cdf57d007ed9246f791840a5e,1577973239710,1577973238
0xbc012e22e1f210a35786667d0e3d9bcc97141f3cdf57d007ed9246f791840a5e,1577973239714,1577973238
0xbc012e22e1f210a35786667d0e3d9bcc97141f3cdf57d007ed9246f791840a5e,1577973239715,1577973238
0xbc012e22e1f210a35786667d0e3d9bcc97141f3cdf57d007ed9246f791840a5e,1577973239715,1577973238
0xbc012e22e1f210a35786667d0e3d9bcc97141f3cdf57d007ed9246f791840a5e,1577973239716,1577973238
0xbc012e22e1f210a35786667d0e3d9bcc97141f3cdf57d007ed9246f791840a5e,1577973239716,1577973238
0xbc012e22e1f210a35786667d0e3d9bcc97141f3cdf57d007ed9246f791840a5e,1577973239717,1577973238
0xbc012e22e1f210a35786667d0e3d9bcc97141f3cdf57d007ed9246f791840a5e,1577973239717,1577973238
0xbc012e22e1f210a35786667d0e3d9bcc97141f3cdf57d007ed9246f791840a5e,1577973239719,1577973238
0xbc012e22e1f210a35786667d0e3d9bcc97141f3cdf57d007ed9246f791840a5e,1577973239720,1577973238
0xbc012e22e1f210a35786667d0e3d9bcc97141f3cdf57d007ed9246f791840a5e,1577973239720,1577973238
0xbc012e22e1f210a35786667d0e3d9bcc97141f3cdf57d007ed9246f791840a5e,1577973239721,1577973238
0xbc012e22e1f210a35786667d0e3d9bcc97141f3cdf57d007ed9246f791840a5e,1577973239721,1577973238
0xbc012e22e1f210a35786667d0e3d9bcc97141f3cdf57d007ed9246f791840a5e,1577973239721,1577973238
0xbc012e22e1f210a35786667d0e3d9bcc97141f3cdf57d007ed9246f791840a5e,1577973239722,1577973238
0xbc012e22e1f210a35786667d0e3d9bcc97141f3cdf57d007ed9246f791840a5e,1577973239723,1577973238
0xbc012e22e1f210a35786667d0e3d9bcc97141f3cdf57d007ed9246f791840a5e,1577973239723,1577973238
0xbc012e22e1f210a35786667d0e3d9bcc97141f3cdf57d007ed9246f791840a5e,1577973239723,1577973238
0xbc012e22e1f210a35786667d0e3d9bcc97141f3cdf57d007ed9246f791840a5e,1577973239724,1577973238
0xbc012e22e1f210a35786667d0e3d9bcc97141f3cdf57d007ed9246f791840a5e,1577973239725,1577973238
0xbc012e22e1f210a35786667d0e3d9bcc97141f3cdf57d007ed9246f791840a5e,1577973239725,1577973238
0xbc012e22e1f210a35786667d0e3d9bcc97141f3cdf57d007ed9246f791840a5e,1577973239725,1577973238
0xbc012e22e1f210a35786667d0e3d9bcc97141f3cdf57d007ed9246f791840a5e,1577973239726,1577973238
0xbc012e22e1f210a35786667d0e3d9bcc97141f3cdf57d007ed9246f791840a5e,1577973239726,1577973238
0xbc012e22e1f210a35786667d0e3d9bcc97141f3cdf57d007ed9246f791840a5e,1577973239727,1577973238
0xbc012e22e1f210a35786667d0e3d9bcc97141f3cdf57d007ed9246f791840a5e,1577973239727,1577973238
0xbc012e22e1f210a35786667d0e3d9bcc97141f3cdf57d007ed9246f791840a5e,1577973239728,1577973238
0xbc012e22e1f210a35786667d0e3d9bcc97141f3cdf57d007ed9246f791840a5e,1577973239728,1577973238
0xbc012e22e1f210a35786667d0e3d9bcc97141f3cdf57d007ed9246f791840a5e,1577973239729,1577973238
0xbc012e22e1f210a35786667d0e3d9bcc97141f3cdf57d007ed9246f791840a5e,1577973239729,1577973238
0xbc012e22e1f210a35786667d0e3d9bcc97141f3cdf57d007ed9246f791840a5e,1577973239730,1577973238
0xbc012e22e1f210a35786667d0e3d9bcc97141f3cdf57d007ed9246f791840a5e,1577973239730,1577973238
0xbc012e22e1f210a35786667d0e3d9bcc97141f3cdf57d007ed9246f791840a5e,1577973239730,1577973238
0xbc012e22e1f210a35786667d0e3d9bcc97141f3cdf57d007ed9246f791840a5e,1577973239731,1577973238
0xbc012e22e1f210a35786667d0e3d9bcc97141f3cdf57d007ed9246f791840a5e,1577973239732,1577973238
0xbc012e22e1f210a35786667d0e3d9bcc97141f3cdf57d007ed9246f791840a5e,1577973239732,1577973238
0xbc012e22e1f210a35786667d0e3d9bcc97141f3cdf57d007ed9246f791840a5e,1577973239732,1577973238
0xbc012e22e1f210a35786667d0e3d9bcc97141f3cdf57d007ed9246f791840a5e,1577973239733,1577973238
0xbc012e22e1f210a35786667d0e3d9bcc97141f3cdf57d007ed9246f791840a5e,1577973239733,1577973238
0xbc012e22e1f210a35786667d0e3d9bcc97141f3cdf57d007ed9246f791840a5e,1577973239734,1577973238
0xbc012e22e1f210a35786667d0e3d9bcc97141f3cdf57d007ed9246f791840a5e,1577973239734,1577973238
0xbc012e22e1f210a35786667d0e3d9bcc97141f3cdf57d007ed9246f791840a5e,1577973239735,1577973238
0xbc012e22e1f210a35786667d0e3d9bcc97141f3cdf57d007ed9246f791840a5e,1577973239735,1577973238
0xbc012e22e1f210a35786667d0e3d9bcc97141f3cdf57d007ed9246f791840a5e,1577973239736,1577973238
0xbc012e22e1f210a35786667d0e3d9bcc97141f3cdf57d007ed9246f791840a5e,1577973239736,1577973238
0xbc012e22e1f210a35786667d0e3d9bcc97141f3cdf57d007ed9246f791840a5e,1577973239737,1577973238
0xbc012e22e1f210a35786667d0e3d9bcc97141f3cdf57d007ed9246f791840a5e,1577973239737,1577973238
0xbc012e22e1f210a35786667d0e3d9bcc97141f3cdf57d007ed9246f791840a5e,1577973239738,1577973238
0xbc012e22e1f210a35786667d0e3d9bcc97141f3cdf57d007ed9246f791840a5e,1577973239738,1577973238
0xbc012e22e1f210a35786667d0e3d9bcc97141f3cdf57d007ed9246f791840a5e,1577973239739,1577973238
0xbc012e22e1f210a35786667d0e3d9bcc97141f3cdf57d007ed9246f791840a5e,1577973239740,1577973238
0xbc012e22e1f210a35786667d0e3d9bcc97141f3cdf57d007ed9246f791840a5e,1577973239740,1577973238
0xbc012e22e1f210a35786667d0e3d9bcc97141f3cdf57d007ed9246f791840a5e,1577973239740,1577973238
0xbc012e22e1f210a35786667d0e3d9bcc97141f3cdf57d007ed9246f791840a5e,1577973239741,1577973238
0xbc012e22e1f210a35786667d0e3d9bcc97141f3cdf57d007ed9246f791840a5e,1577973239742,1577973238
0xbc012e22e1f210a35786667d0e3d9bcc97141f3cdf57d007ed9246f791840a5e,1577973239742,1577973238
0xbc012e22e1f210a35786667d0e3d9bcc97141f3cdf57d007ed9246f791840a5e,1577973239743,1577973238
0xbc012e22e1f210a35786667d0e3d9bcc97141f3cdf57d007ed9246f791840a5e,1577973239743,1577973238
0xbc012e22e1f210a35786667d0e3d9bcc97141f3cdf57d007ed9246f791840a5e,1577973239743,1577973238
0xbc012e22e1f210a35786667d0e3d9bcc97141f3cdf57d007ed9246f791840a5e,1577973239744,1577973238
0xbc012e22e1f210a35786667d0e3d9bcc97141f3cdf57d007ed9246f791840a5e,1577973239744,1577973238
0xbc012e22e1f210a35786667d0e3d9bcc97141f3cdf57d007ed9246f791840a5e,1577973239745,1577973238
0xbc012e22e1f210a35786667d0e3d9bcc97141f3cdf57d007ed9246f791840a5e,1577973239745,1577973238
0xbc012e22e1f210a35786667d0e3d9bcc97141f3cdf57d007ed9246f791840a5e,1577973239745,1577973238
0xbc012e22e1f210a35786667d0e3d9bcc97141f3cdf57d007ed9246f791840a5e,1577973239747,1577973238
0xbc012e22e1f210a35786667d0e3d9bcc97141f3cdf57d007ed9246f791840a5e,1577973239747,1577973238
0xbc012e22e1f210a35786667d0e3d9bcc97141f3cdf57d007ed9246f791840a5e,1577973239748,1577973238
0xbc012e22e1f210a35786667d0e3d9bcc97141f3cdf57d007ed9246f791840a5e,1577973239748,1577973238
0xbc012e22e1f210a35786667d0e3d9bcc97141f3cdf57d007ed9246f791840a5e,1577973239749,1577973238
0xbc012e22e1f210a35786667d0e3d9bcc97141f3cdf57d007ed9246f791840a5e,1577973239750,1577973238
0xbc012e22e1f210a35786667d0e3d9bcc97141f3cdf57d007ed9246f791840a5e,1577973239750,1577973238
0xbc012e22e1f210a35786667d0e3d9bcc97141f3cdf57d007ed9246f791840a5e,1577973239751,1577973238
0xbc012e22e1f210a35786667d0e3d9bcc97141f3cdf57d007ed9246f791840a5e,1577973239751,1577973238
0xbc012e22e1f210a35786667d0e3d9bcc97141f3cdf57d007ed9246f791840a5e,1577973239751,1577973238
0xbc012e22e1f210a35786667d0e3d9bcc97141f3cdf57d007ed9246f791840a5e,1577973239752,1577973238
0xbc012e22e1f210a35786667d0e3d9bcc97141f3cdf57d007ed9246f791840a5e,1577973239752,1577973238
0xbc012e22e1f210a35786667d0e3d9bcc97141f3cdf57d007ed9246f791840a5e,1577973239753,1577973238
0xbc012e22e1f210a35786667d0e3d9bcc97141f3cdf57d007ed9246f791840a5e,1577973239753,1577973238
0xbc012e22e1f210a35786667d0e3d9bcc97141f3cdf57d007ed9246f791840a5e,1577973239754,1577973238
0xbc012e22e1f210a35786667d0e3d9bcc97141f3cdf57d007ed9246f791840a5e,1577973239754,1577973238
0xbc012e22e1f210a35786667d0e3d9bcc97141f3cdf57d007ed9246f791840a5e,1577973239755,1577973238
0xbc012e22e1f210a35786667d0e3d9bcc97141f3cdf57d007ed9246f791840a5e,1577973239755,1577973238
0xbc012e22e1f210a35786667d0e3d9bcc97141f3cdf57d007ed9246f791840a5e,1577973239756,1577973238
0xbc012e22e1f210a35786667d0e3d9bcc97141f3cdf57d007ed9246f791840a5e,1577973239756,1577973238
0xbc012e22e1f210a35786667d0e3d9bcc97141f3cdf57d007ed9246f791840a5e,1577973239757,1577973238
0xbc012e22e1f210a35786667d0e3d9bcc97141f3cdf57d007ed9246f791840a5e,1577973239757,1577973238
0xbc012e22e1f210a35786667d0e3d9bcc97141f3cdf57d007ed9246f791840a5e,1577973239758,1577973238
0xbc012e22e1f210a35786667d0e3d9bcc97141f3cdf57d007ed9246f791840a5e,1577973239758,1577973238
0xbc012e22e1f210a35786667d0e3d9bcc97141f3cdf57d007ed9246f791840a5e,1577973239759,1577973238
0xbc012e22e1f210a35786667d0e3d9bcc97141f3cdf57d007ed9246f791840a5e,1577973239759,1577973238
0xbc012e22e1f210a35786667d0e3d9bcc97141f3cdf57d007ed9246f791840a5e,1577973239760,1577973238
0xbc012e22e1f210a35786667d0e3d9bcc97141f3cdf57d007ed9246f791840a5e,1577973239760,1577973238
0xbc012e22e1f210a35786667d0e3d9bcc97141f3cdf57d007ed9246f791840a5e,1577973239761,1577973238
0xbc012e22e1f210a35786667d0e3d9bcc97141f3cdf57d007ed9246f791840a5e,1577973239761,1577973238
0xbc012e22e1f210a35786667d0e3d9bcc97141f3cdf57d007ed9246f791840a5e,1577973239762,1577973238
0xbc012e22e1f210a35786667d0e3d9bcc97141f3cdf57d007ed9246f791840a5e,1577973239762,1577973238
0xbc012e22e1f210a35786667d0e3d9bcc97141f3cdf57d007ed9246f791840a5e,1577973239763,1577973238
0xbc012e22e1f210a35786667d0e3d9bcc97141f3cdf57d007ed9246f791840a5e,1577973239763,1577973238
0xbc012e22e1f210a35786667d0e3d9bcc97141f3cdf57d007ed9246f791840a5e,1577973239763,1577973238
0xbc012e22e1f210a35786667d0e3d9bcc97141f3cdf57d007ed9246f791840a5e,1577973239764,1577973238
0xbc012e22e1f210a35786667d0e3d9bcc97141f3cdf57d007ed9246f791840a5e,1577973239765,1577973238
0xbc012e22e1f210a35786667d0e3d9bcc97141f3cdf57d007ed9246f791840a5e,1577973239765,1577973238
0xbc012e22e1f210a35786667d0e3d9bcc97141f3cdf57d007ed9246f791840a5e,1577973239765,1577973238
0xbc012e22e1f210a35786667d0e3d9bcc97141f3cdf57d007ed9246f791840a5e,1577973239766,1577973238
0xbc012e22e1f210a35786667d0e3d9bcc97141f3cdf57d007ed9246f791840a5e,1577973239767,1577973238
0xbc012e22e1f210a35786667d0e3d9bcc97141f3cdf57d007ed9246f791840a5e,1577973239767,1577973238
0xbc012e22e1f210a35786667d0e3d9bcc97141f3cdf57d007ed9246f791840a5e,1577973239767,1577973238
0xbc012e22e1f210a35786667d0e3d9bcc97141f3cdf57d007ed9246f791840a5e,1577973239768,1577973238
0xbc012e22e1f210a35786667d0e3d9bcc97141f3cdf57d007ed9246f791840a5e,1577973239768,1577973238
0xbc012e22e1f210a35786667d0e3d9bcc97141f3cdf57d007ed9246f791840a5e,1577973239769,1577973238
0xbc012e22e1f210a35786667d0e3d9bcc97141f3cdf57d007ed9246f791840a5e,1577973239769,1577973238
0xbc012e22e1f210a35786667d0e3d9bcc97141f3cdf57d007ed9246f791840a5e,1577973239770,1577973238
0xbc012e22e1f210a35786667d0e3d9bcc97141f3cdf57d007ed9246f791840a5e,1577973239770,1577973238
0xbc012e22e1f210a35786667d0e3d9bcc97141f3cdf57d007ed9246f791840a5e,1577973239770,1577973238
0xbc012e22e1f210a35786667d0e3d9bcc97141f3cdf57d007ed9246f791840a5e,1577973239771,1577973238
0xbc012e22e1f210a35786667d0e3d9bcc97141f3cdf57d007ed9246f791840a5e,1577973239772,1577973238
0xbc012e22e1f210a35786667d0e3d9bcc97141f3cdf57d007ed9246f791840a5e,1577973239772,1577973238
0xbc012e22e1f210a35786667d0e3d9bcc97141f3cdf57d007ed9246f791840a5e,1577973239773,1577973238
0xbc012e22e1f210a35786667d0e3d9bcc97141f3cdf57d007ed9246f791840a5e,1577973239773,1577973238
0xbc012e22e1f210a35786667d0e3d9bcc97141f3cdf57d007ed9246f791840a5e,1577973239774,1577973238
0xbc012e22e1f210a35786667d0e3d9bcc97141f3cdf57d007ed9246f791840a5e,1577973239774,1577973238
0xbc012e22e1f210a35786667d0e3d9bcc97141f3cdf57d007ed9246f791840a5e,1577973239775,1577973238
0xbc012e22e1f210a35786667d0e3d9bcc97141f3cdf57d007ed9246f791840a5e,1577973239775,1577973238
0xbc012e22e1f210a35786667d0e3d9bcc97141f3cdf57d007ed9246f791840a5e,1577973239775,1577973238
0xbc012e22e1f210a35786667d0e3d9bcc97141f3cdf57d007ed9246f791840a5e,1577973239776,1577973238
0xbc012e22e1f210a35786667d0e3d9bcc97141f3cdf57d007ed9246f791840a5e,1577973239777,1577973238
0xbc012e22e1f210a35786667d0e3d9bcc97141f3cdf57d007ed9246f791840a5e,1577973239777,1577973238
0xbc012e22e1f210a35786667d0e3d9bcc97141f3cdf57d007ed9246f791840a5e,1577973239777,1577973238
0xbc012e22e1f210a35786667d0e3d9bcc97141f3cdf57d007ed9246f791840a5e,1577973239778,1577973238
0xbc012e22e1f210a35786667d0e3d9bcc97141f3cdf57d007ed9246f791840a5e,1577973239778,1577973238
0xbc012e22e1f210a35786667d0e3d9bcc97141f3cdf57d007ed9246f791840a5e,1577973239779,1577973238
0xbc012e22e1f210a35786667d0e3d9bcc97141f3cdf57d007ed9246f791840a5e,1577973239779,1577973238
0xbc012e22e1f210a35786667d0e3d9bcc97141f3cdf57d007ed9246f791840a5e,1577973239780,1577973238
0xbc012e22e1f210a35786667d0e3d9bcc97141f3cdf57d007ed9246f791840a5e,1577973239780,1577973238
0xbc012e22e1f210a35786667d0e3d9bcc97141f3cdf57d007ed9246f791840a5e,1577973239781,1577973238
0xbc012e22e1f210a35786667d0e3d9bcc97141f3cdf57d007ed9246f791840a5e,1577973239781,1577973238
0xbc012e22e1f210a35786667d0e3d9bcc97141f3cdf57d007ed9246f791840a5e,1577973239781,1577973238
0xbc012e22e1f210a35786667d0e3d9bcc97141f3cdf57d007ed9246f791840a5e,1577973239781,1577973238
0xbc012e22e1f210a35786667d0e3d9bcc97141f3cdf57d007ed9246f791840a5e,1577973239782,1577973238
0xbc012e22e1f210a35786667d0e3d9bcc97141f3cdf57d007ed9246f791840a5e,1577973239783,1577973238
0xbc012e22e1f210a35786667d0e3d9bcc97141f3cdf57d007ed9246f791840a5e,1577973239783,1577973238
0xbc012e22e1f210a35786667d0e3d9bcc97141f3cdf57d007ed9246f791840a5e,1577973239783,1577973238
0xbc012e22e1f210a35786667d0e3d9bcc97141f3cdf57d007ed9246f791840a5e,1577973239784,1577973238
0xbc012e22e1f210a35786667d0e3d9bcc97141f3cdf57d007ed9246f791840a5e,1577973239784,1577973238
0xbc012e22e1f210a35786667d0e3d9bcc97141f3cdf57d007ed9246f791840a5e,1577973239786,1577973238
0xbc012e22e1f210a35786667d0e3d9bcc97141f3cdf57d007ed9246f791840a5e,1577973239786,1577973238
0xbc012e22e1f210a35786667d0e3d9bcc97141f3cdf57d007ed9246f791840a5e,1577973239786,1577973238
0xbc012e22e1f210a35786667d0e3d9bcc97141f3cdf57d007ed9246f791840a5e,1577973239787,1577973238
0xbc012e22e1f210a35786667d0e3d9bcc97141f3cdf57d007ed9246f791840a5e,1577973239787,1577973238
0xbc012e22e1f210a35786667d0e3d9bcc97141f3cdf57d007ed9246f791840a5e,1577973239789,1577973238
0xbc012e22e1f210a35786667d0e3d9bcc97141f3cdf57d007ed9246f791840a5e,1577973239789,1577973238
0xbc012e22e1f210a35786667d0e3d9bcc97141f3cdf57d007ed9246f791840a5e,1577973239789,1577973238
0xbc012e22e1f210a35786667d0e3d9bcc97141f3cdf57d007ed9246f791840a5e,1577973239789,1577973238
0xbc012e22e1f210a35786667d0e3d9bcc97141f3cdf57d007ed9246f791840a5e,1577973239790,1577973238
0xbc012e22e1f210a35786667d0e3d9bcc97141f3cdf57d007ed9246f791840a5e,1577973239790,1577973238
0xbc012e22e1f210a35786667d0e3d9bcc97141f3cdf57d007ed9246f791840a5e,1577973239791,1577973238
0xbc012e22e1f210a35786667d0e3d9bcc97141f3cdf57d007ed9246f791840a5e,1577973239791,1577973238
0xbc012e22e1f210a35786667d0e3d9bcc97141f3cdf57d007ed9246f791840a5e,1577973239793,1577973238
0xbc012e22e1f210a35786667d0e3d9bcc97141f3cdf57d007ed9246f791840a5e,1577973239793,1577973238
0xbc012e22e1f210a35786667d0e3d9bcc97141f3cdf57d007ed9246f791840a5e,1577973239794,1577973238
0xbc012e22e1f210a35786667d0e3d9bcc97141f3cdf57d007ed9246f791840a5e,1577973239795,1577973238
0xbc012e22e1f210a35786667d0e3d9bcc97141f3cdf57d007ed9246f791840a5e,1577973239795,1577973238
0xbc012e22e1f210a35786667d0e3d9bcc97141f3cdf57d007ed9246f791840a5e,1577973239796,1577973238
0xbc012e22e1f210a35786667d0e3d9bcc97141f3cdf57d007ed9246f791840a5e,1577973239797,1577973238
0xbc012e22e1f210a35786667d0e3d9bcc97141f3cdf57d007ed9246f791840a5e,1577973239798,1577973238
0xbc012e22e1f210a35786667d0e3d9bcc97141f3cdf57d007ed9246f791840a5e,1577973239799,1577973238
0xbc012e22e1f210a35786667d0e3d9bcc97141f3cdf57d007ed9246f791840a5e,1577973239799,1577973238
0xbc012e22e1f210a35786667d0e3d9bcc97141f3cdf57d007ed9246f791840a5e,1577973239799,1577973238
0xbc012e22e1f210a35786667d0e3d9bcc97141f3cdf57d007ed9246f791840a5e,1577973239800,1577973238
0xbc012e22e1f210a35786667d0e3d9bcc97141f3cdf57d007ed9246f791840a5e,1577973239800,1577973238
0xbc012e22e1f210a35786667d0e3d9bcc97141f3cdf57d007ed9246f791840a5e,1577973239800,1577973238
0xbc012e22e1f210a35786667d0e3d9bcc97141f3cdf57d007ed9246f791840a5e,1577973239801,1577973238
0xbc012e22e1f210a35786667d0e3d9bcc97141f3cdf57d007ed9246f791840a5e,1577973239801,1577973238
0xbc012e22e1f210a35786667d0e3d9bcc97141f3cdf57d007ed9246f791840a5e,1577973239802,1577973238
0xbc012e22e1f210a35786667d0e3d9bcc97141f3cdf57d007ed9246f791840a5e,1577973239919,1577973239
0xbc012e22e1f210a35786667d0e3d9bcc97141f3cdf57d007ed9246f791840a5e,1577973239920,1577973239
0xbc012e22e1f210a35786667d0e3d9bcc97141f3cdf57d007ed9246f791840a5e,1577973239920,1577973239
0xbc012e22e1f210a35786667d0e3d9bcc97141f3cdf57d007ed9246f791840a5e,1577973239920,1577973239
0xbc012e22e1f210a35786667d0e3d9bcc97141f3cdf57d007ed9246f791840a5e,1577973239921,1577973239
0xbc012e22e1f210a35786667d0e3d9bcc97141f3cdf57d007ed9246f791840a5e,1577973239921,1577973239
0xbc012e22e1f210a35786667d0e3d9bcc97141f3cdf57d007ed9246f791840a5e,1577973239922,1577973239
0xbc012e22e1f210a35786667d0e3d9bcc97141f3cdf57d007ed9246f791840a5e,1577973239922,1577973239
0xbc012e22e1f210a35786667d0e3d9bcc97141f3cdf57d007ed9246f791840a5e,1577973239923,1577973239
0xbc012e22e1f210a35786667d0e3d9bcc97141f3cdf57d007ed9246f791840a5e,1577973239924,1577973239
0xbc012e22e1f210a35786667d0e3d9bcc97141f3cdf57d007ed9246f791840a5e,1577973239924,1577973239
0xbc012e22e1f210a35786667d0e3d9bcc97141f3cdf57d007ed9246f791840a5e,1577973239925,1577973239
0xbc012e22e1f210a35786667d0e3d9bcc97141f3cdf57d007ed9246f791840a5e,1577973239926,1577973239
0xbc012e22e1f210a35786667d0e3d9bcc97141f3cdf57d007ed9246f791840a5e,1577973239927,1577973239
0xbc012e22e1f210a35786667d0e3d9bcc97141f3cdf57d007ed9246f791840a5e,1577973239927,1577973239
0xbc012e22e1f210a35786667d0e3d9bcc97141f3cdf57d007ed9246f791840a5e,1577973239927,1577973239
0xbc012e22e1f210a35786667d0e3d9bcc97141f3cdf57d007ed9246f791840a5e,1577973239928,1577973239
0xbc012e22e1f210a35786667d0e3d9bcc97141f3cdf57d007ed9246f791840a5e,1577973239928,1577973239
0xbc012e22e1f210a35786667d0e3d9bcc97141f3cdf57d007ed9246f791840a5e,1577973239929,1577973239
0xbc012e22e1f210a35786667d0e3d9bcc97141f3cdf57d007ed9246f791840a5e,1577973239929,1577973239
0xbc012e22e1f210a35786667d0e3d9bcc97141f3cdf57d007ed9246f791840a5e,1577973239930,1577973239
0xbc012e22e1f210a35786667d0e3d9bcc97141f3cdf57d007ed9246f791840a5e,1577973239930,1577973239
0xbc012e22e1f210a35786667d0e3d9bcc97141f3cdf57d007ed9246f791840a5e,1577973239931,1577973239
0xbc012e22e1f210a35786667d0e3d9bcc97141f3cdf57d007ed9246f791840a5e,1577973239931,1577973239
0xbc012e22e1f210a35786667d0e3d9bcc97141f3cdf57d007ed9246f791840a5e,1577973239932,1577973239
0xbc012e22e1f210a35786667d0e3d9bcc97141f3cdf57d007ed9246f791840a5e,1577973239932,1577973239
0xbc012e22e1f210a35786667d0e3d9bcc97141f3cdf57d007ed9246f791840a5e,1577973239932,1577973239
0xbc012e22e1f210a35786667d0e3d9bcc97141f3cdf57d007ed9246f791840a5e,1577973239933,1577973239
0xbc012e22e1f210a35786667d0e3d9bcc97141f3cdf57d007ed9246f791840a5e,1577973239934,1577973239
0xbc012e22e1f210a35786667d0e3d9bcc97141f3cdf57d007ed9246f791840a5e,1577973242832,1577973242
0xbc012e22e1f210a35786667d0e3d9bcc97141f3cdf57d007ed9246f791840a5e,1577973242833,1577973242
0xbc012e22e1f210a35786667d0e3d9bcc97141f3cdf57d007ed9246f791840a5e,1577973242833,1577973242
0xbc012e22e1f210a35786667d0e3d9bcc97141f3cdf57d007ed9246f791840a5e,1577973242834,1577973242
0xbc012e22e1f210a35786667d0e3d9bcc97141f3cdf57d007ed9246f791840a5e,1577973242834,1577973242
0xbc012e22e1f210a35786667d0e3d9bcc97141f3cdf57d007ed9246f791840a5e,1577973242835,1577973242
0xbc012e22e1f210a35786667d0e3d9bcc97141f3cdf57d007ed9246f791840a5e,1577973242835,1577973242
0xbc012e22e1f210a35786667d0e3d9bcc97141f3cdf57d007ed9246f791840a5e,1577973242836,1577973242
0xbc012e22e1f210a35786667d0e3d9bcc97141f3cdf57d007ed9246f791840a5e,1577973242836,1577973242
0xbc012e22e1f210a35786667d0e3d9bcc97141f3cdf57d007ed9246f791840a5e,1577973242836,1577973242
0xbc012e22e1f210a35786667d0e3d9bcc97141f3cdf57d007ed9246f791840a5e,1577973242837,1577973242
0xbc012e22e1f210a35786667d0e3d9bcc97141f3cdf57d007ed9246f791840a5e,1577973242837,1577973242
0xbc012e22e1f210a35786667d0e3d9bcc97141f3cdf57d007ed9246f791840a5e,1577973242838,1577973242
0xbc012e22e1f210a35786667d0e3d9bcc97141f3cdf57d007ed9246f791840a5e,1577973242838,1577973242
0xbc012e22e1f210a35786667d0e3d9bcc97141f3cdf57d007ed9246f791840a5e,1577973242838,1577973242
0xbc012e22e1f210a35786667d0e3d9bcc97141f3cdf57d007ed9246f791840a5e,1577973242839,1577973242
0xbc012e22e1f210a35786667d0e3d9bcc97141f3cdf57d007ed9246f791840a5e,1577973242839,1577973242
0xbc012e22e1f210a35786667d0e3d9bcc97141f3cdf57d007ed9246f791840a5e,1577973242841,1577973242
