0xdebb09673eca3137913deb586263273ddbef04b9b2fa14a436a536f80323411a,1577973466252,1577973461
0xdebb09673eca3137913deb586263273ddbef04b9b2fa14a436a536f80323411a,1577973466252,1577973461
0xdebb09673eca3137913deb586263273ddbef04b9b2fa14a436a536f80323411a,1577973468817,1577973466
0xdebb09673eca3137913deb586263273ddbef04b9b2fa14a436a536f80323411a,1577973468817,1577973466
0xdebb09673eca3137913deb586263273ddbef04b9b2fa14a436a536f80323411a,1577973468818,1577973466
0xdebb09673eca3137913deb586263273ddbef04b9b2fa14a436a536f80323411a,1577973468818,1577973466
0xdebb09673eca3137913deb586263273ddbef04b9b2fa14a436a536f80323411a,1577973468819,1577973466
0xdebb09673eca3137913deb586263273ddbef04b9b2fa14a436a536f80323411a,1577973468819,1577973466
0xdebb09673eca3137913deb586263273ddbef04b9b2fa14a436a536f80323411a,1577973468819,1577973466
0xdebb09673eca3137913deb586263273ddbef04b9b2fa14a436a536f80323411a,1577973468820,1577973466
0xdebb09673eca3137913deb586263273ddbef04b9b2fa14a436a536f80323411a,1577973468820,1577973466
0xdebb09673eca3137913deb586263273ddbef04b9b2fa14a436a536f80323411a,1577973468820,1577973466
0xdebb09673eca3137913deb586263273ddbef04b9b2fa14a436a536f80323411a,1577973468821,1577973466
0xdebb09673eca3137913deb586263273ddbef04b9b2fa14a436a536f80323411a,1577973468822,1577973466
0xdebb09673eca3137913deb586263273ddbef04b9b2fa14a436a536f80323411a,1577973468822,1577973466
0xdebb09673eca3137913deb586263273ddbef04b9b2fa14a436a536f80323411a,1577973468822,1577973466
0xdebb09673eca3137913deb586263273ddbef04b9b2fa14a436a536f80323411a,1577973468823,1577973466
0xdebb09673eca3137913deb586263273ddbef04b9b2fa14a436a536f80323411a,1577973468823,1577973466
0xdebb09673eca3137913deb586263273ddbef04b9b2fa14a436a536f80323411a,1577973468824,1577973466
0xdebb09673eca3137913deb586263273ddbef04b9b2fa14a436a536f80323411a,1577973468824,1577973466
0xdebb09673eca3137913deb586263273ddbef04b9b2fa14a436a536f80323411a,1577973468824,1577973466
0xdebb09673eca3137913deb586263273ddbef04b9b2fa14a436a536f80323411a,1577973468825,1577973466
0xdebb09673eca3137913deb586263273ddbef04b9b2fa14a436a536f80323411a,1577973468825,1577973466
0xdebb09673eca3137913deb586263273ddbef04b9b2fa14a436a536f80323411a,1577973468825,1577973466
0xdebb09673eca3137913deb586263273ddbef04b9b2fa14a436a536f80323411a,1577973468826,1577973466
0xdebb09673eca3137913deb586263273ddbef04b9b2fa14a436a536f80323411a,1577973468826,1577973466
0xdebb09673eca3137913deb586263273ddbef04b9b2fa14a436a536f80323411a,1577973468826,1577973466
0xdebb09673eca3137913deb586263273ddbef04b9b2fa14a436a536f80323411a,1577973468827,1577973466
0xdebb09673eca3137913deb586263273ddbef04b9b2fa14a436a536f80323411a,1577973468828,1577973466
0xdebb09673eca3137913deb586263273ddbef04b9b2fa14a436a536f80323411a,1577973468829,1577973466
0xdebb09673eca3137913deb586263273ddbef04b9b2fa14a436a536f80323411a,1577973468829,1577973466
0xdebb09673eca3137913deb586263273ddbef04b9b2fa14a436a536f80323411a,1577973468830,1577973466
0xdebb09673eca3137913deb586263273ddbef04b9b2fa14a436a536f80323411a,1577973468830,1577973466
0xdebb09673eca3137913deb586263273ddbef04b9b2fa14a436a536f80323411a,1577973468831,1577973466
0xdebb09673eca3137913deb586263273ddbef04b9b2fa14a436a536f80323411a,1577973468832,1577973466
0xdebb09673eca3137913deb586263273ddbef04b9b2fa14a436a536f80323411a,1577973468832,1577973466
0xdebb09673eca3137913deb586263273ddbef04b9b2fa14a436a536f80323411a,1577973468833,1577973466
0xdebb09673eca3137913deb586263273ddbef04b9b2fa14a436a536f80323411a,1577973468833,1577973466
0xdebb09673eca3137913deb586263273ddbef04b9b2fa14a436a536f80323411a,1577973468835,1577973466
0xdebb09673eca3137913deb586263273ddbef04b9b2fa14a436a536f80323411a,1577973468836,1577973466
0xdebb09673eca3137913deb586263273ddbef04b9b2fa14a436a536f80323411a,1577973468836,1577973466
0xdebb09673eca3137913deb586263273ddbef04b9b2fa14a436a536f80323411a,1577973468836,1577973466
0xdebb09673eca3137913deb586263273ddbef04b9b2fa14a436a536f80323411a,1577973468837,1577973466
0xdebb09673eca3137913deb586263273ddbef04b9b2fa14a436a536f80323411a,1577973468837,1577973466
0xdebb09673eca3137913deb586263273ddbef04b9b2fa14a436a536f80323411a,1577973468838,1577973466
0xdebb09673eca3137913deb586263273ddbef04b9b2fa14a436a536f80323411a,1577973468838,1577973466
0xdebb09673eca3137913deb586263273ddbef04b9b2fa14a436a536f80323411a,1577973468838,1577973466
0xdebb09673eca3137913deb586263273ddbef04b9b2fa14a436a536f80323411a,1577973468838,1577973466
0xdebb09673eca3137913deb586263273ddbef04b9b2fa14a436a536f80323411a,1577973468839,1577973466
0xdebb09673eca3137913deb586263273ddbef04b9b2fa14a436a536f80323411a,1577973468839,1577973466
0xdebb09673eca3137913deb586263273ddbef04b9b2fa14a436a536f80323411a,1577973468839,1577973466
0xdebb09673eca3137913deb586263273ddbef04b9b2fa14a436a536f80323411a,1577973468840,1577973466
0xdebb09673eca3137913deb586263273ddbef04b9b2fa14a436a536f80323411a,1577973468840,1577973466
0xdebb09673eca3137913deb586263273ddbef04b9b2fa14a436a536f80323411a,1577973468840,1577973466
0xdebb09673eca3137913deb586263273ddbef04b9b2fa14a436a536f80323411a,1577973468841,1577973466
0xdebb09673eca3137913deb586263273ddbef04b9b2fa14a436a536f80323411a,1577973468841,1577973466
0xdebb09673eca3137913deb586263273ddbef04b9b2fa14a436a536f80323411a,1577973468841,1577973466
0xdebb09673eca3137913deb586263273ddbef04b9b2fa14a436a536f80323411a,1577973468841,1577973466
0xdebb09673eca3137913deb586263273ddbef04b9b2fa14a436a536f80323411a,1577973468842,1577973466
0xdebb09673eca3137913deb586263273ddbef04b9b2fa14a436a536f80323411a,1577973468842,1577973466
0xdebb09673eca3137913deb586263273ddbef04b9b2fa14a436a536f80323411a,1577973468843,1577973466
0xdebb09673eca3137913deb586263273ddbef04b9b2fa14a436a536f80323411a,1577973468843,1577973466
0xdebb09673eca3137913deb586263273ddbef04b9b2fa14a436a536f80323411a,1577973468843,1577973466
0xdebb09673eca3137913deb586263273ddbef04b9b2fa14a436a536f80323411a,1577973468844,1577973466
0xdebb09673eca3137913deb586263273ddbef04b9b2fa14a436a536f80323411a,1577973468844,1577973466
0xdebb09673eca3137913deb586263273ddbef04b9b2fa14a436a536f80323411a,1577973468844,1577973466
0xdebb09673eca3137913deb586263273ddbef04b9b2fa14a436a536f80323411a,1577973468844,1577973466
0xdebb09673eca3137913deb586263273ddbef04b9b2fa14a436a536f80323411a,1577973468845,1577973466
0xdebb09673eca3137913deb586263273ddbef04b9b2fa14a436a536f80323411a,1577973468845,1577973466
0xdebb09673eca3137913deb586263273ddbef04b9b2fa14a436a536f80323411a,1577973468845,1577973466
0xdebb09673eca3137913deb586263273ddbef04b9b2fa14a436a536f80323411a,1577973468846,1577973466
0xdebb09673eca3137913deb586263273ddbef04b9b2fa14a436a536f80323411a,1577973468846,1577973466
0xdebb09673eca3137913deb586263273ddbef04b9b2fa14a436a536f80323411a,1577973468846,1577973466
0xdebb09673eca3137913deb586263273ddbef04b9b2fa14a436a536f80323411a,1577973468847,1577973466
0xdebb09673eca3137913deb586263273ddbef04b9b2fa14a436a536f80323411a,1577973468847,1577973466
0xdebb09673eca3137913deb586263273ddbef04b9b2fa14a436a536f80323411a,1577973468848,1577973466
0xdebb09673eca3137913deb586263273ddbef04b9b2fa14a436a536f80323411a,1577973468848,1577973466
0xdebb09673eca3137913deb586263273ddbef04b9b2fa14a436a536f80323411a,1577973468848,1577973466
0xdebb09673eca3137913deb586263273ddbef04b9b2fa14a436a536f80323411a,1577973468850,1577973466
0xdebb09673eca3137913deb586263273ddbef04b9b2fa14a436a536f80323411a,1577973468850,1577973466
0xdebb09673eca3137913deb586263273ddbef04b9b2fa14a436a536f80323411a,1577973468850,1577973466
0xdebb09673eca3137913deb586263273ddbef04b9b2fa14a436a536f80323411a,1577973468851,1577973466
0xdebb09673eca3137913deb586263273ddbef04b9b2fa14a436a536f80323411a,1577973468851,1577973466
0xdebb09673eca3137913deb586263273ddbef04b9b2fa14a436a536f80323411a,1577973468851,1577973466
0xdebb09673eca3137913deb586263273ddbef04b9b2fa14a436a536f80323411a,1577973468852,1577973466
0xdebb09673eca3137913deb586263273ddbef04b9b2fa14a436a536f80323411a,1577973468852,1577973466
0xdebb09673eca3137913deb586263273ddbef04b9b2fa14a436a536f80323411a,1577973468852,1577973466
0xdebb09673eca3137913deb586263273ddbef04b9b2fa14a436a536f80323411a,1577973468852,1577973466
0xdebb09673eca3137913deb586263273ddbef04b9b2fa14a436a536f80323411a,1577973468853,1577973466
0xdebb09673eca3137913deb586263273ddbef04b9b2fa14a436a536f80323411a,1577973468854,1577973466
0xdebb09673eca3137913deb586263273ddbef04b9b2fa14a436a536f80323411a,1577973468854,1577973466
0xdebb09673eca3137913deb586263273ddbef04b9b2fa14a436a536f80323411a,1577973468854,1577973466
0xdebb09673eca3137913deb586263273ddbef04b9b2fa14a436a536f80323411a,1577973468854,1577973466
0xdebb09673eca3137913deb586263273ddbef04b9b2fa14a436a536f80323411a,1577973468855,1577973466
0xdebb09673eca3137913deb586263273ddbef04b9b2fa14a436a536f80323411a,1577973468855,1577973466
0xdebb09673eca3137913deb586263273ddbef04b9b2fa14a436a536f80323411a,1577973468855,1577973466
0xdebb09673eca3137913deb586263273ddbef04b9b2fa14a436a536f80323411a,1577973468855,1577973466
0xdebb09673eca3137913deb586263273ddbef04b9b2fa14a436a536f80323411a,1577973468856,1577973466
0xdebb09673eca3137913deb586263273ddbef04b9b2fa14a436a536f80323411a,1577973468856,1577973466
0xdebb09673eca3137913deb586263273ddbef04b9b2fa14a436a536f80323411a,1577973468856,1577973466
0xdebb09673eca3137913deb586263273ddbef04b9b2fa14a436a536f80323411a,1577973468857,1577973466
0xdebb09673eca3137913deb586263273ddbef04b9b2fa14a436a536f80323411a,1577973468857,1577973466
0xdebb09673eca3137913deb586263273ddbef04b9b2fa14a436a536f80323411a,1577973468857,1577973466
0xdebb09673eca3137913deb586263273ddbef04b9b2fa14a436a536f80323411a,1577973468858,1577973466
0xdebb09673eca3137913deb586263273ddbef04b9b2fa14a436a536f80323411a,1577973468858,1577973466
0xdebb09673eca3137913deb586263273ddbef04b9b2fa14a436a536f80323411a,1577973468858,1577973466
0xdebb09673eca3137913deb586263273ddbef04b9b2fa14a436a536f80323411a,1577973468859,1577973466
0xdebb09673eca3137913deb586263273ddbef04b9b2fa14a436a536f80323411a,1577973468859,1577973466
0xdebb09673eca3137913deb586263273ddbef04b9b2fa14a436a536f80323411a,1577973468859,1577973466
0xdebb09673eca3137913deb586263273ddbef04b9b2fa14a436a536f80323411a,1577973468860,1577973466
0xdebb09673eca3137913deb586263273ddbef04b9b2fa14a436a536f80323411a,1577973468860,1577973466
0xdebb09673eca3137913deb586263273ddbef04b9b2fa14a436a536f80323411a,1577973468860,1577973466
0xdebb09673eca3137913deb586263273ddbef04b9b2fa14a436a536f80323411a,1577973468860,1577973466
0xdebb09673eca3137913deb586263273ddbef04b9b2fa14a436a536f80323411a,1577973468861,1577973466
0xdebb09673eca3137913deb586263273ddbef04b9b2fa14a436a536f80323411a,1577973468861,1577973466
0xdebb09673eca3137913deb586263273ddbef04b9b2fa14a436a536f80323411a,1577973468861,1577973466
0xdebb09673eca3137913deb586263273ddbef04b9b2fa14a436a536f80323411a,1577973468861,1577973466
0xdebb09673eca3137913deb586263273ddbef04b9b2fa14a436a536f80323411a,1577973468862,1577973466
0xdebb09673eca3137913deb586263273ddbef04b9b2fa14a436a536f80323411a,1577973468862,1577973466
0xdebb09673eca3137913deb586263273ddbef04b9b2fa14a436a536f80323411a,1577973468862,1577973466
0xdebb09673eca3137913deb586263273ddbef04b9b2fa14a436a536f80323411a,1577973468863,1577973466
0xdebb09673eca3137913deb586263273ddbef04b9b2fa14a436a536f80323411a,1577973468863,1577973466
0xdebb09673eca3137913deb586263273ddbef04b9b2fa14a436a536f80323411a,1577973468863,1577973466
0xdebb09673eca3137913deb586263273ddbef04b9b2fa14a436a536f80323411a,1577973468864,1577973466
0xdebb09673eca3137913deb586263273ddbef04b9b2fa14a436a536f80323411a,1577973468864,1577973466
0xdebb09673eca3137913deb586263273ddbef04b9b2fa14a436a536f80323411a,1577973468864,1577973466
0xdebb09673eca3137913deb586263273ddbef04b9b2fa14a436a536f80323411a,1577973468864,1577973466
0xdebb09673eca3137913deb586263273ddbef04b9b2fa14a436a536f80323411a,1577973468864,1577973466
0xdebb09673eca3137913deb586263273ddbef04b9b2fa14a436a536f80323411a,1577973468865,1577973466
0xdebb09673eca3137913deb586263273ddbef04b9b2fa14a436a536f80323411a,1577973468865,1577973466
0xdebb09673eca3137913deb586263273ddbef04b9b2fa14a436a536f80323411a,1577973468865,1577973466
0xdebb09673eca3137913deb586263273ddbef04b9b2fa14a436a536f80323411a,1577973468866,1577973466
0xdebb09673eca3137913deb586263273ddbef04b9b2fa14a436a536f80323411a,1577973468866,1577973466
0xdebb09673eca3137913deb586263273ddbef04b9b2fa14a436a536f80323411a,1577973468866,1577973466
0xdebb09673eca3137913deb586263273ddbef04b9b2fa14a436a536f80323411a,1577973468867,1577973466
0xdebb09673eca3137913deb586263273ddbef04b9b2fa14a436a536f80323411a,1577973468867,1577973466
0xdebb09673eca3137913deb586263273ddbef04b9b2fa14a436a536f80323411a,1577973468867,1577973466
0xdebb09673eca3137913deb586263273ddbef04b9b2fa14a436a536f80323411a,1577973468868,1577973466
0xdebb09673eca3137913deb586263273ddbef04b9b2fa14a436a536f80323411a,1577973468868,1577973466
0xdebb09673eca3137913deb586263273ddbef04b9b2fa14a436a536f80323411a,1577973468868,1577973466
0xdebb09673eca3137913deb586263273ddbef04b9b2fa14a436a536f80323411a,1577973468868,1577973466
0xdebb09673eca3137913deb586263273ddbef04b9b2fa14a436a536f80323411a,1577973468869,1577973466
0xdebb09673eca3137913deb586263273ddbef04b9b2fa14a436a536f80323411a,1577973468869,1577973466
0xdebb09673eca3137913deb586263273ddbef04b9b2fa14a436a536f80323411a,1577973468869,1577973466
0xdebb09673eca3137913deb586263273ddbef04b9b2fa14a436a536f80323411a,1577973468869,1577973466
0xdebb09673eca3137913deb586263273ddbef04b9b2fa14a436a536f80323411a,1577973468870,1577973466
0xdebb09673eca3137913deb586263273ddbef04b9b2fa14a436a536f80323411a,1577973468870,1577973466
0xdebb09673eca3137913deb586263273ddbef04b9b2fa14a436a536f80323411a,1577973468870,1577973466
0xdebb09673eca3137913deb586263273ddbef04b9b2fa14a436a536f80323411a,1577973468870,1577973466
0xdebb09673eca3137913deb586263273ddbef04b9b2fa14a436a536f80323411a,1577973468871,1577973466
0xdebb09673eca3137913deb586263273ddbef04b9b2fa14a436a536f80323411a,1577973468871,1577973466
0xdebb09673eca3137913deb586263273ddbef04b9b2fa14a436a536f80323411a,1577973468871,1577973466
0xdebb09673eca3137913deb586263273ddbef04b9b2fa14a436a536f80323411a,1577973468871,1577973466
0xdebb09673eca3137913deb586263273ddbef04b9b2fa14a436a536f80323411a,1577973468872,1577973466
0xdebb09673eca3137913deb586263273ddbef04b9b2fa14a436a536f80323411a,1577973468872,1577973466
0xdebb09673eca3137913deb586263273ddbef04b9b2fa14a436a536f80323411a,1577973468872,1577973466
0xdebb09673eca3137913deb586263273ddbef04b9b2fa14a436a536f80323411a,1577973468872,1577973466
0xdebb09673eca3137913deb586263273ddbef04b9b2fa14a436a536f80323411a,1577973468873,1577973466
0xdebb09673eca3137913deb586263273ddbef04b9b2fa14a436a536f80323411a,1577973468873,1577973466
0xdebb09673eca3137913deb586263273ddbef04b9b2fa14a436a536f80323411a,1577973468873,1577973466
0xdebb09673eca3137913deb586263273ddbef04b9b2fa14a436a536f80323411a,1577973468873,1577973466
0xdebb09673eca3137913deb586263273ddbef04b9b2fa14a436a536f80323411a,1577973468874,1577973466
0xdebb09673eca3137913deb586263273ddbef04b9b2fa14a436a536f80323411a,1577973468874,1577973466
0xdebb09673eca3137913deb586263273ddbef04b9b2fa14a436a536f80323411a,1577973468875,1577973466
0xdebb09673eca3137913deb586263273ddbef04b9b2fa14a436a536f80323411a,1577973468875,1577973466
0xdebb09673eca3137913deb586263273ddbef04b9b2fa14a436a536f80323411a,1577973468875,1577973466
0xdebb09673eca3137913deb586263273ddbef04b9b2fa14a436a536f80323411a,1577973468875,1577973466
0xdebb09673eca3137913deb586263273ddbef04b9b2fa14a436a536f80323411a,1577973468876,1577973466
0xdebb09673eca3137913deb586263273ddbef04b9b2fa14a436a536f80323411a,1577973468876,1577973466
0xdebb09673eca3137913deb586263273ddbef04b9b2fa14a436a536f80323411a,1577973468876,1577973466
0xdebb09673eca3137913deb586263273ddbef04b9b2fa14a436a536f80323411a,1577973468876,1577973466
0xdebb09673eca3137913deb586263273ddbef04b9b2fa14a436a536f80323411a,1577973468877,1577973466
0xdebb09673eca3137913deb586263273ddbef04b9b2fa14a436a536f80323411a,1577973468877,1577973466
0xdebb09673eca3137913deb586263273ddbef04b9b2fa14a436a536f80323411a,1577973468877,1577973466
0xdebb09673eca3137913deb586263273ddbef04b9b2fa14a436a536f80323411a,1577973468877,1577973466
0xdebb09673eca3137913deb586263273ddbef04b9b2fa14a436a536f80323411a,1577973468878,1577973466
0xdebb09673eca3137913deb586263273ddbef04b9b2fa14a436a536f80323411a,1577973468878,1577973466
0xdebb09673eca3137913deb586263273ddbef04b9b2fa14a436a536f80323411a,1577973468878,1577973466
0xdebb09673eca3137913deb586263273ddbef04b9b2fa14a436a536f80323411a,1577973468878,1577973466
0xdebb09673eca3137913deb586263273ddbef04b9b2fa14a436a536f80323411a,1577973468879,1577973466
0xdebb09673eca3137913deb586263273ddbef04b9b2fa14a436a536f80323411a,1577973468879,1577973466
0xdebb09673eca3137913deb586263273ddbef04b9b2fa14a436a536f80323411a,1577973468879,1577973466
0xdebb09673eca3137913deb586263273ddbef04b9b2fa14a436a536f80323411a,1577973468963,1577973468
0xdebb09673eca3137913deb586263273ddbef04b9b2fa14a436a536f80323411a,1577973468963,1577973468
0xdebb09673eca3137913deb586263273ddbef04b9b2fa14a436a536f80323411a,1577973468964,1577973468
0xdebb09673eca3137913deb586263273ddbef04b9b2fa14a436a536f80323411a,1577973468964,1577973468
0xdebb09673eca3137913deb586263273ddbef04b9b2fa14a436a536f80323411a,1577973468964,1577973468
0xdebb09673eca3137913deb586263273ddbef04b9b2fa14a436a536f80323411a,1577973468964,1577973468
0xdebb09673eca3137913deb586263273ddbef04b9b2fa14a436a536f80323411a,1577973468964,1577973468
0xdebb09673eca3137913deb586263273ddbef04b9b2fa14a436a536f80323411a,1577973468965,1577973468
0xdebb09673eca3137913deb586263273ddbef04b9b2fa14a436a536f80323411a,1577973468965,1577973468
0xdebb09673eca3137913deb586263273ddbef04b9b2fa14a436a536f80323411a,1577973468965,1577973468
0xdebb09673eca3137913deb586263273ddbef04b9b2fa14a436a536f80323411a,1577973468965,1577973468
0xdebb09673eca3137913deb586263273ddbef04b9b2fa14a436a536f80323411a,1577973468966,1577973468
0xdebb09673eca3137913deb586263273ddbef04b9b2fa14a436a536f80323411a,1577973468966,1577973468
0xdebb09673eca3137913deb586263273ddbef04b9b2fa14a436a536f80323411a,1577973468966,1577973468
0xdebb09673eca3137913deb586263273ddbef04b9b2fa14a436a536f80323411a,1577973468967,1577973468
0xdebb09673eca3137913deb586263273ddbef04b9b2fa14a436a536f80323411a,1577973468967,1577973468
0xdebb09673eca3137913deb586263273ddbef04b9b2fa14a436a536f80323411a,1577973468967,1577973468
0xdebb09673eca3137913deb586263273ddbef04b9b2fa14a436a536f80323411a,1577973468967,1577973468
0xdebb09673eca3137913deb586263273ddbef04b9b2fa14a436a536f80323411a,1577973468968,1577973468
0xdebb09673eca3137913deb586263273ddbef04b9b2fa14a436a536f80323411a,1577973468968,1577973468
0xdebb09673eca3137913deb586263273ddbef04b9b2fa14a436a536f80323411a,1577973468968,1577973468
0xdebb09673eca3137913deb586263273ddbef04b9b2fa14a436a536f80323411a,1577973468968,1577973468
0xdebb09673eca3137913deb586263273ddbef04b9b2fa14a436a536f80323411a,1577973468968,1577973468
0xdebb09673eca3137913deb586263273ddbef04b9b2fa14a436a536f80323411a,1577973468969,1577973468
0xdebb09673eca3137913deb586263273ddbef04b9b2fa14a436a536f80323411a,1577973468969,1577973468
0xdebb09673eca3137913deb586263273ddbef04b9b2fa14a436a536f80323411a,1577973468969,1577973468
0xdebb09673eca3137913deb586263273ddbef04b9b2fa14a436a536f80323411a,1577973468970,1577973468
0xdebb09673eca3137913deb586263273ddbef04b9b2fa14a436a536f80323411a,1577973468970,1577973468
0xdebb09673eca3137913deb586263273ddbef04b9b2fa14a436a536f80323411a,1577973468970,1577973468
0xdebb09673eca3137913deb586263273ddbef04b9b2fa14a436a536f80323411a,1577973468971,1577973468
0xdebb09673eca3137913deb586263273ddbef04b9b2fa14a436a536f80323411a,1577973468971,1577973468
0xdebb09673eca3137913deb586263273ddbef04b9b2fa14a436a536f80323411a,1577973468972,1577973468
0xdebb09673eca3137913deb586263273ddbef04b9b2fa14a436a536f80323411a,1577973468972,1577973468
0xdebb09673eca3137913deb586263273ddbef04b9b2fa14a436a536f80323411a,1577973468972,1577973468
0xdebb09673eca3137913deb586263273ddbef04b9b2fa14a436a536f80323411a,1577973468973,1577973468
0xdebb09673eca3137913deb586263273ddbef04b9b2fa14a436a536f80323411a,1577973468973,1577973468
0xdebb09673eca3137913deb586263273ddbef04b9b2fa14a436a536f80323411a,1577973468974,1577973468
0xdebb09673eca3137913deb586263273ddbef04b9b2fa14a436a536f80323411a,1577973468974,1577973468
0xdebb09673eca3137913deb586263273ddbef04b9b2fa14a436a536f80323411a,1577973468974,1577973468
0xdebb09673eca3137913deb586263273ddbef04b9b2fa14a436a536f80323411a,1577973468975,1577973468
0xdebb09673eca3137913deb586263273ddbef04b9b2fa14a436a536f80323411a,1577973468975,1577973468
0xdebb09673eca3137913deb586263273ddbef04b9b2fa14a436a536f80323411a,1577973468975,1577973468
0xdebb09673eca3137913deb586263273ddbef04b9b2fa14a436a536f80323411a,1577973468976,1577973468
0xdebb09673eca3137913deb586263273ddbef04b9b2fa14a436a536f80323411a,1577973468976,1577973468
0xdebb09673eca3137913deb586263273ddbef04b9b2fa14a436a536f80323411a,1577973468977,1577973468
0xdebb09673eca3137913deb586263273ddbef04b9b2fa14a436a536f80323411a,1577973468977,1577973468
0xdebb09673eca3137913deb586263273ddbef04b9b2fa14a436a536f80323411a,1577973468977,1577973468
0xdebb09673eca3137913deb586263273ddbef04b9b2fa14a436a536f80323411a,1577973468978,1577973468
0xdebb09673eca3137913deb586263273ddbef04b9b2fa14a436a536f80323411a,1577973468978,1577973468
0xdebb09673eca3137913deb586263273ddbef04b9b2fa14a436a536f80323411a,1577973468978,1577973468
0xdebb09673eca3137913deb586263273ddbef04b9b2fa14a436a536f80323411a,1577973468979,1577973468
0xdebb09673eca3137913deb586263273ddbef04b9b2fa14a436a536f80323411a,1577973468979,1577973468
0xdebb09673eca3137913deb586263273ddbef04b9b2fa14a436a536f80323411a,1577973468979,1577973468
0xdebb09673eca3137913deb586263273ddbef04b9b2fa14a436a536f80323411a,1577973468980,1577973468
0xdebb09673eca3137913deb586263273ddbef04b9b2fa14a436a536f80323411a,1577973468980,1577973468
0xdebb09673eca3137913deb586263273ddbef04b9b2fa14a436a536f80323411a,1577973468981,1577973468
0xdebb09673eca3137913deb586263273ddbef04b9b2fa14a436a536f80323411a,1577973468981,1577973468
0xdebb09673eca3137913deb586263273ddbef04b9b2fa14a436a536f80323411a,1577973468981,1577973468
0xdebb09673eca3137913deb586263273ddbef04b9b2fa14a436a536f80323411a,1577973468981,1577973468
0xdebb09673eca3137913deb586263273ddbef04b9b2fa14a436a536f80323411a,1577973468982,1577973468
0xdebb09673eca3137913deb586263273ddbef04b9b2fa14a436a536f80323411a,1577973468983,1577973468
0xdebb09673eca3137913deb586263273ddbef04b9b2fa14a436a536f80323411a,1577973468983,1577973468
0xdebb09673eca3137913deb586263273ddbef04b9b2fa14a436a536f80323411a,1577973468983,1577973468
0xdebb09673eca3137913deb586263273ddbef04b9b2fa14a436a536f80323411a,1577973468984,1577973468
0xdebb09673eca3137913deb586263273ddbef04b9b2fa14a436a536f80323411a,1577973468984,1577973468
0xdebb09673eca3137913deb586263273ddbef04b9b2fa14a436a536f80323411a,1577973468985,1577973468
0xdebb09673eca3137913deb586263273ddbef04b9b2fa14a436a536f80323411a,1577973468985,1577973468
0xdebb09673eca3137913deb586263273ddbef04b9b2fa14a436a536f80323411a,1577973468985,1577973468
0xdebb09673eca3137913deb586263273ddbef04b9b2fa14a436a536f80323411a,1577973468986,1577973468
0xdebb09673eca3137913deb586263273ddbef04b9b2fa14a436a536f80323411a,1577973468986,1577973468
0xdebb09673eca3137913deb586263273ddbef04b9b2fa14a436a536f80323411a,1577973468986,1577973468
0xdebb09673eca3137913deb586263273ddbef04b9b2fa14a436a536f80323411a,1577973468987,1577973468
0xdebb09673eca3137913deb586263273ddbef04b9b2fa14a436a536f80323411a,1577973468987,1577973468
0xdebb09673eca3137913deb586263273ddbef04b9b2fa14a436a536f80323411a,1577973468988,1577973468
0xdebb09673eca3137913deb586263273ddbef04b9b2fa14a436a536f80323411a,1577973468988,1577973468
0xdebb09673eca3137913deb586263273ddbef04b9b2fa14a436a536f80323411a,1577973468989,1577973468
0xdebb09673eca3137913deb586263273ddbef04b9b2fa14a436a536f80323411a,1577973468989,1577973468
0xdebb09673eca3137913deb586263273ddbef04b9b2fa14a436a536f80323411a,1577973468990,1577973468
0xdebb09673eca3137913deb586263273ddbef04b9b2fa14a436a536f80323411a,1577973468990,1577973468
0xdebb09673eca3137913deb586263273ddbef04b9b2fa14a436a536f80323411a,1577973468991,1577973468
0xdebb09673eca3137913deb586263273ddbef04b9b2fa14a436a536f80323411a,1577973468991,1577973468
0xdebb09673eca3137913deb586263273ddbef04b9b2fa14a436a536f80323411a,1577973468991,1577973468
0xdebb09673eca3137913deb586263273ddbef04b9b2fa14a436a536f80323411a,1577973468991,1577973468
0xdebb09673eca3137913deb586263273ddbef04b9b2fa14a436a536f80323411a,1577973468992,1577973468
0xdebb09673eca3137913deb586263273ddbef04b9b2fa14a436a536f80323411a,1577973468992,1577973468
0xdebb09673eca3137913deb586263273ddbef04b9b2fa14a436a536f80323411a,1577973468990,1577973468
0xdebb09673eca3137913deb586263273ddbef04b9b2fa14a436a536f80323411a,1577973468990,1577973468
0xdebb09673eca3137913deb586263273ddbef04b9b2fa14a436a536f80323411a,1577973468992,1577973468
0xdebb09673eca3137913deb586263273ddbef04b9b2fa14a436a536f80323411a,1577973468992,1577973468
0xdebb09673eca3137913deb586263273ddbef04b9b2fa14a436a536f80323411a,1577973468993,1577973468
0xdebb09673eca3137913deb586263273ddbef04b9b2fa14a436a536f80323411a,1577973468994,1577973468
0xdebb09673eca3137913deb586263273ddbef04b9b2fa14a436a536f80323411a,1577973468994,1577973468
0xdebb09673eca3137913deb586263273ddbef04b9b2fa14a436a536f80323411a,1577973468995,1577973468
0xdebb09673eca3137913deb586263273ddbef04b9b2fa14a436a536f80323411a,1577973468995,1577973468
0xdebb09673eca3137913deb586263273ddbef04b9b2fa14a436a536f80323411a,1577973468995,1577973468
0xdebb09673eca3137913deb586263273ddbef04b9b2fa14a436a536f80323411a,1577973468996,1577973468
0xdebb09673eca3137913deb586263273ddbef04b9b2fa14a436a536f80323411a,1577973468996,1577973468
0xdebb09673eca3137913deb586263273ddbef04b9b2fa14a436a536f80323411a,1577973468996,1577973468
0xdebb09673eca3137913deb586263273ddbef04b9b2fa14a436a536f80323411a,1577973468997,1577973468
0xdebb09673eca3137913deb586263273ddbef04b9b2fa14a436a536f80323411a,1577973468997,1577973468
0xdebb09673eca3137913deb586263273ddbef04b9b2fa14a436a536f80323411a,1577973468998,1577973468
0xdebb09673eca3137913deb586263273ddbef04b9b2fa14a436a536f80323411a,1577973468998,1577973468
0xdebb09673eca3137913deb586263273ddbef04b9b2fa14a436a536f80323411a,1577973468998,1577973468
0xdebb09673eca3137913deb586263273ddbef04b9b2fa14a436a536f80323411a,1577973468998,1577973468
0xdebb09673eca3137913deb586263273ddbef04b9b2fa14a436a536f80323411a,1577973468998,1577973468
0xdebb09673eca3137913deb586263273ddbef04b9b2fa14a436a536f80323411a,1577973468999,1577973468
0xdebb09673eca3137913deb586263273ddbef04b9b2fa14a436a536f80323411a,1577973468999,1577973468
0xdebb09673eca3137913deb586263273ddbef04b9b2fa14a436a536f80323411a,1577973468999,1577973468
0xdebb09673eca3137913deb586263273ddbef04b9b2fa14a436a536f80323411a,1577973468999,1577973468
0xdebb09673eca3137913deb586263273ddbef04b9b2fa14a436a536f80323411a,1577973469000,1577973468
0xdebb09673eca3137913deb586263273ddbef04b9b2fa14a436a536f80323411a,1577973469000,1577973468
0xdebb09673eca3137913deb586263273ddbef04b9b2fa14a436a536f80323411a,1577973469000,1577973468
0xdebb09673eca3137913deb586263273ddbef04b9b2fa14a436a536f80323411a,1577973469001,1577973468
0xdebb09673eca3137913deb586263273ddbef04b9b2fa14a436a536f80323411a,1577973470791,1577973470
0xdebb09673eca3137913deb586263273ddbef04b9b2fa14a436a536f80323411a,1577973470792,1577973470
0xdebb09673eca3137913deb586263273ddbef04b9b2fa14a436a536f80323411a,1577973470793,1577973470
0xdebb09673eca3137913deb586263273ddbef04b9b2fa14a436a536f80323411a,1577973470793,1577973470
0xdebb09673eca3137913deb586263273ddbef04b9b2fa14a436a536f80323411a,1577973470794,1577973470
0xdebb09673eca3137913deb586263273ddbef04b9b2fa14a436a536f80323411a,1577973470794,1577973470
0xdebb09673eca3137913deb586263273ddbef04b9b2fa14a436a536f80323411a,1577973470794,1577973470
0xdebb09673eca3137913deb586263273ddbef04b9b2fa14a436a536f80323411a,1577973470795,1577973470
0xdebb09673eca3137913deb586263273ddbef04b9b2fa14a436a536f80323411a,1577973470796,1577973470
0xdebb09673eca3137913deb586263273ddbef04b9b2fa14a436a536f80323411a,1577973471839,1577973472
0xdebb09673eca3137913deb586263273ddbef04b9b2fa14a436a536f80323411a,1577973471839,1577973472
0xdebb09673eca3137913deb586263273ddbef04b9b2fa14a436a536f80323411a,1577973471840,1577973472
0xdebb09673eca3137913deb586263273ddbef04b9b2fa14a436a536f80323411a,1577973471840,1577973472
0xdebb09673eca3137913deb586263273ddbef04b9b2fa14a436a536f80323411a,1577973471840,1577973472
0xdebb09673eca3137913deb586263273ddbef04b9b2fa14a436a536f80323411a,1577973471841,1577973472
0xdebb09673eca3137913deb586263273ddbef04b9b2fa14a436a536f80323411a,1577973471841,1577973472
0xdebb09673eca3137913deb586263273ddbef04b9b2fa14a436a536f80323411a,1577973471841,1577973472
0xdebb09673eca3137913deb586263273ddbef04b9b2fa14a436a536f80323411a,1577973475157,1577973473
0xdebb09673eca3137913deb586263273ddbef04b9b2fa14a436a536f80323411a,1577973475157,1577973473
0xdebb09673eca3137913deb586263273ddbef04b9b2fa14a436a536f80323411a,1577973475158,1577973473
0xdebb09673eca3137913deb586263273ddbef04b9b2fa14a436a536f80323411a,1577973475158,1577973473
0xdebb09673eca3137913deb586263273ddbef04b9b2fa14a436a536f80323411a,1577973475159,1577973473
0xdebb09673eca3137913deb586263273ddbef04b9b2fa14a436a536f80323411a,1577973475159,1577973473
0xdebb09673eca3137913deb586263273ddbef04b9b2fa14a436a536f80323411a,1577973475160,1577973473
0xdebb09673eca3137913deb586263273ddbef04b9b2fa14a436a536f80323411a,1577973475164,1577973473
0xdebb09673eca3137913deb586263273ddbef04b9b2fa14a436a536f80323411a,1577973475164,1577973473
0xdebb09673eca3137913deb586263273ddbef04b9b2fa14a436a536f80323411a,1577973475165,1577973473
0xdebb09673eca3137913deb586263273ddbef04b9b2fa14a436a536f80323411a,1577973475165,1577973473
0xdebb09673eca3137913deb586263273ddbef04b9b2fa14a436a536f80323411a,1577973475167,1577973473
0xdebb09673eca3137913deb586263273ddbef04b9b2fa14a436a536f80323411a,1577973475167,1577973473
0xdebb09673eca3137913deb586263273ddbef04b9b2fa14a436a536f80323411a,1577973475168,1577973473
0xdebb09673eca3137913deb586263273ddbef04b9b2fa14a436a536f80323411a,1577973475169,1577973473
0xdebb09673eca3137913deb586263273ddbef04b9b2fa14a436a536f80323411a,1577973475169,1577973473
0xdebb09673eca3137913deb586263273ddbef04b9b2fa14a436a536f80323411a,1577973475169,1577973473
0xdebb09673eca3137913deb586263273ddbef04b9b2fa14a436a536f80323411a,1577973475170,1577973473
0xdebb09673eca3137913deb586263273ddbef04b9b2fa14a436a536f80323411a,1577973475170,1577973473
0xdebb09673eca3137913deb586263273ddbef04b9b2fa14a436a536f80323411a,1577973475171,1577973473
0xdebb09673eca3137913deb586263273ddbef04b9b2fa14a436a536f80323411a,1577973475172,1577973473
0xdebb09673eca3137913deb586263273ddbef04b9b2fa14a436a536f80323411a,1577973475172,1577973473
0xdebb09673eca3137913deb586263273ddbef04b9b2fa14a436a536f80323411a,1577973475172,1577973473
0xdebb09673eca3137913deb586263273ddbef04b9b2fa14a436a536f80323411a,1577973475172,1577973473
0xdebb09673eca3137913deb586263273ddbef04b9b2fa14a436a536f80323411a,1577973475173,1577973473
0xdebb09673eca3137913deb586263273ddbef04b9b2fa14a436a536f80323411a,1577973475174,1577973473
0xdebb09673eca3137913deb586263273ddbef04b9b2fa14a436a536f80323411a,1577973475174,1577973473
0xdebb09673eca3137913deb586263273ddbef04b9b2fa14a436a536f80323411a,1577973475174,1577973473
0xdebb09673eca3137913deb586263273ddbef04b9b2fa14a436a536f80323411a,1577973475174,1577973473
0xdebb09673eca3137913deb586263273ddbef04b9b2fa14a436a536f80323411a,1577973475175,1577973473
0xdebb09673eca3137913deb586263273ddbef04b9b2fa14a436a536f80323411a,1577973475175,1577973473
0xdebb09673eca3137913deb586263273ddbef04b9b2fa14a436a536f80323411a,1577973475175,1577973473
0xdebb09673eca3137913deb586263273ddbef04b9b2fa14a436a536f80323411a,1577973475176,1577973473
0xdebb09673eca3137913deb586263273ddbef04b9b2fa14a436a536f80323411a,1577973475176,1577973473
0xdebb09673eca3137913deb586263273ddbef04b9b2fa14a436a536f80323411a,1577973475176,1577973473
0xdebb09673eca3137913deb586263273ddbef04b9b2fa14a436a536f80323411a,1577973475177,1577973473
0xdebb09673eca3137913deb586263273ddbef04b9b2fa14a436a536f80323411a,1577973475177,1577973473
0xdebb09673eca3137913deb586263273ddbef04b9b2fa14a436a536f80323411a,1577973475177,1577973473
0xdebb09673eca3137913deb586263273ddbef04b9b2fa14a436a536f80323411a,1577973475178,1577973473
0xdebb09673eca3137913deb586263273ddbef04b9b2fa14a436a536f80323411a,1577973475178,1577973473
0xdebb09673eca3137913deb586263273ddbef04b9b2fa14a436a536f80323411a,1577973475178,1577973473
0xdebb09673eca3137913deb586263273ddbef04b9b2fa14a436a536f80323411a,1577973475179,1577973473
0xdebb09673eca3137913deb586263273ddbef04b9b2fa14a436a536f80323411a,1577973475179,1577973473
0xdebb09673eca3137913deb586263273ddbef04b9b2fa14a436a536f80323411a,1577973475180,1577973473
0xdebb09673eca3137913deb586263273ddbef04b9b2fa14a436a536f80323411a,1577973475180,1577973473
0xdebb09673eca3137913deb586263273ddbef04b9b2fa14a436a536f80323411a,1577973475180,1577973473
0xdebb09673eca3137913deb586263273ddbef04b9b2fa14a436a536f80323411a,1577973475181,1577973473
0xdebb09673eca3137913deb586263273ddbef04b9b2fa14a436a536f80323411a,1577973475181,1577973473
0xdebb09673eca3137913deb586263273ddbef04b9b2fa14a436a536f80323411a,1577973475181,1577973473
0xdebb09673eca3137913deb586263273ddbef04b9b2fa14a436a536f80323411a,1577973475182,1577973473
0xdebb09673eca3137913deb586263273ddbef04b9b2fa14a436a536f80323411a,1577973475183,1577973473
0xdebb09673eca3137913deb586263273ddbef04b9b2fa14a436a536f80323411a,1577973475183,1577973473
0xdebb09673eca3137913deb586263273ddbef04b9b2fa14a436a536f80323411a,1577973475183,1577973473
0xdebb09673eca3137913deb586263273ddbef04b9b2fa14a436a536f80323411a,1577973475184,1577973473
0xdebb09673eca3137913deb586263273ddbef04b9b2fa14a436a536f80323411a,1577973475184,1577973473
0xdebb09673eca3137913deb586263273ddbef04b9b2fa14a436a536f80323411a,1577973475184,1577973473
0xdebb09673eca3137913deb586263273ddbef04b9b2fa14a436a536f80323411a,1577973475185,1577973473
0xdebb09673eca3137913deb586263273ddbef04b9b2fa14a436a536f80323411a,1577973475185,1577973473
0xdebb09673eca3137913deb586263273ddbef04b9b2fa14a436a536f80323411a,1577973475185,1577973473
0xdebb09673eca3137913deb586263273ddbef04b9b2fa14a436a536f80323411a,1577973475185,1577973473
0xdebb09673eca3137913deb586263273ddbef04b9b2fa14a436a536f80323411a,1577973475186,1577973473
0xdebb09673eca3137913deb586263273ddbef04b9b2fa14a436a536f80323411a,1577973475188,1577973473
0xdebb09673eca3137913deb586263273ddbef04b9b2fa14a436a536f80323411a,1577973475188,1577973473
0xdebb09673eca3137913deb586263273ddbef04b9b2fa14a436a536f80323411a,1577973475189,1577973473
0xdebb09673eca3137913deb586263273ddbef04b9b2fa14a436a536f80323411a,1577973475189,1577973473
0xdebb09673eca3137913deb586263273ddbef04b9b2fa14a436a536f80323411a,1577973475190,1577973473
0xdebb09673eca3137913deb586263273ddbef04b9b2fa14a436a536f80323411a,1577973475191,1577973473
0xdebb09673eca3137913deb586263273ddbef04b9b2fa14a436a536f80323411a,1577973475191,1577973473
0xdebb09673eca3137913deb586263273ddbef04b9b2fa14a436a536f80323411a,1577973475192,1577973473
0xdebb09673eca3137913deb586263273ddbef04b9b2fa14a436a536f80323411a,1577973475192,1577973473
0xdebb09673eca3137913deb586263273ddbef04b9b2fa14a436a536f80323411a,1577973475192,1577973473
0xdebb09673eca3137913deb586263273ddbef04b9b2fa14a436a536f80323411a,1577973475193,1577973473
0xdebb09673eca3137913deb586263273ddbef04b9b2fa14a436a536f80323411a,1577973475193,1577973473
0xdebb09673eca3137913deb586263273ddbef04b9b2fa14a436a536f80323411a,1577973475194,1577973473
0xdebb09673eca3137913deb586263273ddbef04b9b2fa14a436a536f80323411a,1577973475194,1577973473
0xdebb09673eca3137913deb586263273ddbef04b9b2fa14a436a536f80323411a,1577973475195,1577973473
0xdebb09673eca3137913deb586263273ddbef04b9b2fa14a436a536f80323411a,1577973475195,1577973473
0xdebb09673eca3137913deb586263273ddbef04b9b2fa14a436a536f80323411a,1577973475196,1577973473
0xdebb09673eca3137913deb586263273ddbef04b9b2fa14a436a536f80323411a,1577973475196,1577973473
0xdebb09673eca3137913deb586263273ddbef04b9b2fa14a436a536f80323411a,1577973475196,1577973473
0xdebb09673eca3137913deb586263273ddbef04b9b2fa14a436a536f80323411a,1577973475197,1577973473
0xdebb09673eca3137913deb586263273ddbef04b9b2fa14a436a536f80323411a,1577973475197,1577973473
0xdebb09673eca3137913deb586263273ddbef04b9b2fa14a436a536f80323411a,1577973475198,1577973473
0xdebb09673eca3137913deb586263273ddbef04b9b2fa14a436a536f80323411a,1577973475198,1577973473
0xdebb09673eca3137913deb586263273ddbef04b9b2fa14a436a536f80323411a,1577973475198,1577973473
0xdebb09673eca3137913deb586263273ddbef04b9b2fa14a436a536f80323411a,1577973475199,1577973473
0xdebb09673eca3137913deb586263273ddbef04b9b2fa14a436a536f80323411a,1577973475199,1577973473
0xdebb09673eca3137913deb586263273ddbef04b9b2fa14a436a536f80323411a,1577973475199,1577973473
0xdebb09673eca3137913deb586263273ddbef04b9b2fa14a436a536f80323411a,1577973475200,1577973473
0xdebb09673eca3137913deb586263273ddbef04b9b2fa14a436a536f80323411a,1577973475200,1577973473
0xdebb09673eca3137913deb586263273ddbef04b9b2fa14a436a536f80323411a,1577973475201,1577973473
0xdebb09673eca3137913deb586263273ddbef04b9b2fa14a436a536f80323411a,1577973475201,1577973473
0xdebb09673eca3137913deb586263273ddbef04b9b2fa14a436a536f80323411a,1577973475201,1577973473
0xdebb09673eca3137913deb586263273ddbef04b9b2fa14a436a536f80323411a,1577973475202,1577973473
0xdebb09673eca3137913deb586263273ddbef04b9b2fa14a436a536f80323411a,1577973475202,1577973473
0xdebb09673eca3137913deb586263273ddbef04b9b2fa14a436a536f80323411a,1577973475202,1577973473
0xdebb09673eca3137913deb586263273ddbef04b9b2fa14a436a536f80323411a,1577973475203,1577973473
0xdebb09673eca3137913deb586263273ddbef04b9b2fa14a436a536f80323411a,1577973475204,1577973473
0xdebb09673eca3137913deb586263273ddbef04b9b2fa14a436a536f80323411a,1577973475204,1577973473
0xdebb09673eca3137913deb586263273ddbef04b9b2fa14a436a536f80323411a,1577973475205,1577973473
0xdebb09673eca3137913deb586263273ddbef04b9b2fa14a436a536f80323411a,1577973475205,1577973473
0xdebb09673eca3137913deb586263273ddbef04b9b2fa14a436a536f80323411a,1577973475205,1577973473
0xdebb09673eca3137913deb586263273ddbef04b9b2fa14a436a536f80323411a,1577973475206,1577973473
0xdebb09673eca3137913deb586263273ddbef04b9b2fa14a436a536f80323411a,1577973475207,1577973473
0xdebb09673eca3137913deb586263273ddbef04b9b2fa14a436a536f80323411a,1577973475207,1577973473
0xdebb09673eca3137913deb586263273ddbef04b9b2fa14a436a536f80323411a,1577973475207,1577973473
0xdebb09673eca3137913deb586263273ddbef04b9b2fa14a436a536f80323411a,1577973475207,1577973473
0xdebb09673eca3137913deb586263273ddbef04b9b2fa14a436a536f80323411a,1577973475208,1577973473
0xdebb09673eca3137913deb586263273ddbef04b9b2fa14a436a536f80323411a,1577973475208,1577973473
0xdebb09673eca3137913deb586263273ddbef04b9b2fa14a436a536f80323411a,1577973475208,1577973473
0xdebb09673eca3137913deb586263273ddbef04b9b2fa14a436a536f80323411a,1577973475209,1577973473
0xdebb09673eca3137913deb586263273ddbef04b9b2fa14a436a536f80323411a,1577973475209,1577973473
0xdebb09673eca3137913deb586263273ddbef04b9b2fa14a436a536f80323411a,1577973475209,1577973473
0xdebb09673eca3137913deb586263273ddbef04b9b2fa14a436a536f80323411a,1577973475210,1577973473
0xdebb09673eca3137913deb586263273ddbef04b9b2fa14a436a536f80323411a,1577973475210,1577973473
0xdebb09673eca3137913deb586263273ddbef04b9b2fa14a436a536f80323411a,1577973475210,1577973473
0xdebb09673eca3137913deb586263273ddbef04b9b2fa14a436a536f80323411a,1577973475210,1577973473
0xdebb09673eca3137913deb586263273ddbef04b9b2fa14a436a536f80323411a,1577973475211,1577973473
0xdebb09673eca3137913deb586263273ddbef04b9b2fa14a436a536f80323411a,1577973475211,1577973473
0xdebb09673eca3137913deb586263273ddbef04b9b2fa14a436a536f80323411a,1577973475211,1577973473
0xdebb09673eca3137913deb586263273ddbef04b9b2fa14a436a536f80323411a,1577973475211,1577973473
0xdebb09673eca3137913deb586263273ddbef04b9b2fa14a436a536f80323411a,1577973475212,1577973473
0xdebb09673eca3137913deb586263273ddbef04b9b2fa14a436a536f80323411a,1577973475212,1577973473
0xdebb09673eca3137913deb586263273ddbef04b9b2fa14a436a536f80323411a,1577973475212,1577973473
0xdebb09673eca3137913deb586263273ddbef04b9b2fa14a436a536f80323411a,1577973475212,1577973473
0xdebb09673eca3137913deb586263273ddbef04b9b2fa14a436a536f80323411a,1577973475212,1577973473
0xdebb09673eca3137913deb586263273ddbef04b9b2fa14a436a536f80323411a,1577973475213,1577973473
0xdebb09673eca3137913deb586263273ddbef04b9b2fa14a436a536f80323411a,1577973475213,1577973473
0xdebb09673eca3137913deb586263273ddbef04b9b2fa14a436a536f80323411a,1577973475213,1577973473
0xdebb09673eca3137913deb586263273ddbef04b9b2fa14a436a536f80323411a,1577973475214,1577973473
0xdebb09673eca3137913deb586263273ddbef04b9b2fa14a436a536f80323411a,1577973475214,1577973473
0xdebb09673eca3137913deb586263273ddbef04b9b2fa14a436a536f80323411a,1577973475214,1577973473
0xdebb09673eca3137913deb586263273ddbef04b9b2fa14a436a536f80323411a,1577973475214,1577973473
0xdebb09673eca3137913deb586263273ddbef04b9b2fa14a436a536f80323411a,1577973475217,1577973473
0xdebb09673eca3137913deb586263273ddbef04b9b2fa14a436a536f80323411a,1577973475223,1577973473
0xdebb09673eca3137913deb586263273ddbef04b9b2fa14a436a536f80323411a,1577973475223,1577973473
0xdebb09673eca3137913deb586263273ddbef04b9b2fa14a436a536f80323411a,1577973475223,1577973473
0xdebb09673eca3137913deb586263273ddbef04b9b2fa14a436a536f80323411a,1577973475224,1577973473
0xdebb09673eca3137913deb586263273ddbef04b9b2fa14a436a536f80323411a,1577973475224,1577973473
0xdebb09673eca3137913deb586263273ddbef04b9b2fa14a436a536f80323411a,1577973475224,1577973473
0xdebb09673eca3137913deb586263273ddbef04b9b2fa14a436a536f80323411a,1577973475225,1577973473
0xdebb09673eca3137913deb586263273ddbef04b9b2fa14a436a536f80323411a,1577973475225,1577973473
0xdebb09673eca3137913deb586263273ddbef04b9b2fa14a436a536f80323411a,1577973475225,1577973473
0xdebb09673eca3137913deb586263273ddbef04b9b2fa14a436a536f80323411a,1577973475226,1577973473
0xdebb09673eca3137913deb586263273ddbef04b9b2fa14a436a536f80323411a,1577973475226,1577973473
0xdebb09673eca3137913deb586263273ddbef04b9b2fa14a436a536f80323411a,1577973475226,1577973473
0xdebb09673eca3137913deb586263273ddbef04b9b2fa14a436a536f80323411a,1577973475226,1577973473
0xdebb09673eca3137913deb586263273ddbef04b9b2fa14a436a536f80323411a,1577973475227,1577973473
0xdebb09673eca3137913deb586263273ddbef04b9b2fa14a436a536f80323411a,1577973475227,1577973473
0xdebb09673eca3137913deb586263273ddbef04b9b2fa14a436a536f80323411a,1577973475227,1577973473
0xdebb09673eca3137913deb586263273ddbef04b9b2fa14a436a536f80323411a,1577973475227,1577973473
0xdebb09673eca3137913deb586263273ddbef04b9b2fa14a436a536f80323411a,1577973475228,1577973473
0xdebb09673eca3137913deb586263273ddbef04b9b2fa14a436a536f80323411a,1577973475228,1577973473
0xdebb09673eca3137913deb586263273ddbef04b9b2fa14a436a536f80323411a,1577973475228,1577973473
0xdebb09673eca3137913deb586263273ddbef04b9b2fa14a436a536f80323411a,1577973475228,1577973473
0xdebb09673eca3137913deb586263273ddbef04b9b2fa14a436a536f80323411a,1577973475229,1577973473
0xdebb09673eca3137913deb586263273ddbef04b9b2fa14a436a536f80323411a,1577973475229,1577973473
0xdebb09673eca3137913deb586263273ddbef04b9b2fa14a436a536f80323411a,1577973475230,1577973473
0xdebb09673eca3137913deb586263273ddbef04b9b2fa14a436a536f80323411a,1577973475230,1577973473
0xdebb09673eca3137913deb586263273ddbef04b9b2fa14a436a536f80323411a,1577973475230,1577973473
0xdebb09673eca3137913deb586263273ddbef04b9b2fa14a436a536f80323411a,1577973475230,1577973473
0xdebb09673eca3137913deb586263273ddbef04b9b2fa14a436a536f80323411a,1577973475230,1577973473
0xdebb09673eca3137913deb586263273ddbef04b9b2fa14a436a536f80323411a,1577973475231,1577973473
0xdebb09673eca3137913deb586263273ddbef04b9b2fa14a436a536f80323411a,1577973475231,1577973473
0xdebb09673eca3137913deb586263273ddbef04b9b2fa14a436a536f80323411a,1577973475232,1577973473
0xdebb09673eca3137913deb586263273ddbef04b9b2fa14a436a536f80323411a,1577973475232,1577973473
0xdebb09673eca3137913deb586263273ddbef04b9b2fa14a436a536f80323411a,1577973475232,1577973473
0xdebb09673eca3137913deb586263273ddbef04b9b2fa14a436a536f80323411a,1577973475232,1577973473
0xdebb09673eca3137913deb586263273ddbef04b9b2fa14a436a536f80323411a,1577973475233,1577973473
0xdebb09673eca3137913deb586263273ddbef04b9b2fa14a436a536f80323411a,1577973475233,1577973473
0xdebb09673eca3137913deb586263273ddbef04b9b2fa14a436a536f80323411a,1577973475233,1577973473
0xdebb09673eca3137913deb586263273ddbef04b9b2fa14a436a536f80323411a,1577973475234,1577973473
0xdebb09673eca3137913deb586263273ddbef04b9b2fa14a436a536f80323411a,1577973475234,1577973473
0xdebb09673eca3137913deb586263273ddbef04b9b2fa14a436a536f80323411a,1577973475234,1577973473
0xdebb09673eca3137913deb586263273ddbef04b9b2fa14a436a536f80323411a,1577973475235,1577973473
0xdebb09673eca3137913deb586263273ddbef04b9b2fa14a436a536f80323411a,1577973475235,1577973473
0xdebb09673eca3137913deb586263273ddbef04b9b2fa14a436a536f80323411a,1577973475235,1577973473
0xdebb09673eca3137913deb586263273ddbef04b9b2fa14a436a536f80323411a,1577973475236,1577973473
0xdebb09673eca3137913deb586263273ddbef04b9b2fa14a436a536f80323411a,1577973475236,1577973473
0xdebb09673eca3137913deb586263273ddbef04b9b2fa14a436a536f80323411a,1577973475236,1577973473
0xdebb09673eca3137913deb586263273ddbef04b9b2fa14a436a536f80323411a,1577973475236,1577973473
0xdebb09673eca3137913deb586263273ddbef04b9b2fa14a436a536f80323411a,1577973475238,1577973473
0xdebb09673eca3137913deb586263273ddbef04b9b2fa14a436a536f80323411a,1577973475238,1577973473
0xdebb09673eca3137913deb586263273ddbef04b9b2fa14a436a536f80323411a,1577973475238,1577973473
0xdebb09673eca3137913deb586263273ddbef04b9b2fa14a436a536f80323411a,1577973475239,1577973473
0xdebb09673eca3137913deb586263273ddbef04b9b2fa14a436a536f80323411a,1577973475239,1577973473
0xdebb09673eca3137913deb586263273ddbef04b9b2fa14a436a536f80323411a,1577973475239,1577973473
0xdebb09673eca3137913deb586263273ddbef04b9b2fa14a436a536f80323411a,1577973475240,1577973473
0xdebb09673eca3137913deb586263273ddbef04b9b2fa14a436a536f80323411a,1577973475240,1577973473
0xdebb09673eca3137913deb586263273ddbef04b9b2fa14a436a536f80323411a,1577973475240,1577973473
0xdebb09673eca3137913deb586263273ddbef04b9b2fa14a436a536f80323411a,1577973475240,1577973473
0xdebb09673eca3137913deb586263273ddbef04b9b2fa14a436a536f80323411a,1577973475241,1577973473
0xdebb09673eca3137913deb586263273ddbef04b9b2fa14a436a536f80323411a,1577973475241,1577973473
0xdebb09673eca3137913deb586263273ddbef04b9b2fa14a436a536f80323411a,1577973475241,1577973473
0xdebb09673eca3137913deb586263273ddbef04b9b2fa14a436a536f80323411a,1577973475242,1577973473
0xdebb09673eca3137913deb586263273ddbef04b9b2fa14a436a536f80323411a,1577973475242,1577973473
0xdebb09673eca3137913deb586263273ddbef04b9b2fa14a436a536f80323411a,1577973475242,1577973473
0xdebb09673eca3137913deb586263273ddbef04b9b2fa14a436a536f80323411a,1577973475242,1577973473
0xdebb09673eca3137913deb586263273ddbef04b9b2fa14a436a536f80323411a,1577973475242,1577973473
0xdebb09673eca3137913deb586263273ddbef04b9b2fa14a436a536f80323411a,1577973475243,1577973473
0xdebb09673eca3137913deb586263273ddbef04b9b2fa14a436a536f80323411a,1577973475243,1577973473
0xdebb09673eca3137913deb586263273ddbef04b9b2fa14a436a536f80323411a,1577973475243,1577973473
0xdebb09673eca3137913deb586263273ddbef04b9b2fa14a436a536f80323411a,1577973475244,1577973473
0xdebb09673eca3137913deb586263273ddbef04b9b2fa14a436a536f80323411a,1577973475244,1577973473
0xdebb09673eca3137913deb586263273ddbef04b9b2fa14a436a536f80323411a,1577973475244,1577973473
0xdebb09673eca3137913deb586263273ddbef04b9b2fa14a436a536f80323411a,1577973475245,1577973473
0xdebb09673eca3137913deb586263273ddbef04b9b2fa14a436a536f80323411a,1577973475245,1577973473
0xdebb09673eca3137913deb586263273ddbef04b9b2fa14a436a536f80323411a,1577973475245,1577973473
0xdebb09673eca3137913deb586263273ddbef04b9b2fa14a436a536f80323411a,1577973475245,1577973473
0xdebb09673eca3137913deb586263273ddbef04b9b2fa14a436a536f80323411a,1577973475245,1577973473
0xdebb09673eca3137913deb586263273ddbef04b9b2fa14a436a536f80323411a,1577973475246,1577973473
0xdebb09673eca3137913deb586263273ddbef04b9b2fa14a436a536f80323411a,1577973475246,1577973473
0xdebb09673eca3137913deb586263273ddbef04b9b2fa14a436a536f80323411a,1577973475246,1577973473
0xdebb09673eca3137913deb586263273ddbef04b9b2fa14a436a536f80323411a,1577973475247,1577973473
0xdebb09673eca3137913deb586263273ddbef04b9b2fa14a436a536f80323411a,1577973475247,1577973473
0xdebb09673eca3137913deb586263273ddbef04b9b2fa14a436a536f80323411a,1577973475247,1577973473
0xdebb09673eca3137913deb586263273ddbef04b9b2fa14a436a536f80323411a,1577973475247,1577973473
0xdebb09673eca3137913deb586263273ddbef04b9b2fa14a436a536f80323411a,1577973475251,1577973473
0xdebb09673eca3137913deb586263273ddbef04b9b2fa14a436a536f80323411a,1577973475251,1577973473
0xdebb09673eca3137913deb586263273ddbef04b9b2fa14a436a536f80323411a,1577973475251,1577973473
0xdebb09673eca3137913deb586263273ddbef04b9b2fa14a436a536f80323411a,1577973475252,1577973473
0xdebb09673eca3137913deb586263273ddbef04b9b2fa14a436a536f80323411a,1577973475252,1577973473
0xdebb09673eca3137913deb586263273ddbef04b9b2fa14a436a536f80323411a,1577973475252,1577973473
0xdebb09673eca3137913deb586263273ddbef04b9b2fa14a436a536f80323411a,1577973475253,1577973473
0xdebb09673eca3137913deb586263273ddbef04b9b2fa14a436a536f80323411a,1577973475253,1577973473
0xdebb09673eca3137913deb586263273ddbef04b9b2fa14a436a536f80323411a,1577973475253,1577973473
0xdebb09673eca3137913deb586263273ddbef04b9b2fa14a436a536f80323411a,1577973475253,1577973473
0xdebb09673eca3137913deb586263273ddbef04b9b2fa14a436a536f80323411a,1577973475254,1577973473
0xdebb09673eca3137913deb586263273ddbef04b9b2fa14a436a536f80323411a,1577973475254,1577973473
0xdebb09673eca3137913deb586263273ddbef04b9b2fa14a436a536f80323411a,1577973475254,1577973473
0xdebb09673eca3137913deb586263273ddbef04b9b2fa14a436a536f80323411a,1577973475255,1577973473
0xdebb09673eca3137913deb586263273ddbef04b9b2fa14a436a536f80323411a,1577973475255,1577973473
0xdebb09673eca3137913deb586263273ddbef04b9b2fa14a436a536f80323411a,1577973475256,1577973473
0xdebb09673eca3137913deb586263273ddbef04b9b2fa14a436a536f80323411a,1577973475256,1577973473
0xdebb09673eca3137913deb586263273ddbef04b9b2fa14a436a536f80323411a,1577973475256,1577973473
0xdebb09673eca3137913deb586263273ddbef04b9b2fa14a436a536f80323411a,1577973475257,1577973473
0xdebb09673eca3137913deb586263273ddbef04b9b2fa14a436a536f80323411a,1577973475257,1577973473
0xdebb09673eca3137913deb586263273ddbef04b9b2fa14a436a536f80323411a,1577973475257,1577973473
0xdebb09673eca3137913deb586263273ddbef04b9b2fa14a436a536f80323411a,1577973475257,1577973473
0xdebb09673eca3137913deb586263273ddbef04b9b2fa14a436a536f80323411a,1577973475258,1577973473
0xdebb09673eca3137913deb586263273ddbef04b9b2fa14a436a536f80323411a,1577973475258,1577973473
0xdebb09673eca3137913deb586263273ddbef04b9b2fa14a436a536f80323411a,1577973475258,1577973473
0xdebb09673eca3137913deb586263273ddbef04b9b2fa14a436a536f80323411a,1577973475258,1577973473
0xdebb09673eca3137913deb586263273ddbef04b9b2fa14a436a536f80323411a,1577973475259,1577973473
0xdebb09673eca3137913deb586263273ddbef04b9b2fa14a436a536f80323411a,1577973475259,1577973473
0xdebb09673eca3137913deb586263273ddbef04b9b2fa14a436a536f80323411a,1577973475259,1577973473
0xdebb09673eca3137913deb586263273ddbef04b9b2fa14a436a536f80323411a,1577973475259,1577973473
0xdebb09673eca3137913deb586263273ddbef04b9b2fa14a436a536f80323411a,1577973475260,1577973473
0xdebb09673eca3137913deb586263273ddbef04b9b2fa14a436a536f80323411a,1577973475260,1577973473
0xdebb09673eca3137913deb586263273ddbef04b9b2fa14a436a536f80323411a,1577973475260,1577973473
0xdebb09673eca3137913deb586263273ddbef04b9b2fa14a436a536f80323411a,1577973475260,1577973473
0xdebb09673eca3137913deb586263273ddbef04b9b2fa14a436a536f80323411a,1577973475261,1577973473
0xdebb09673eca3137913deb586263273ddbef04b9b2fa14a436a536f80323411a,1577973475261,1577973473
0xdebb09673eca3137913deb586263273ddbef04b9b2fa14a436a536f80323411a,1577973475261,1577973473
0xdebb09673eca3137913deb586263273ddbef04b9b2fa14a436a536f80323411a,1577973475261,1577973473
0xdebb09673eca3137913deb586263273ddbef04b9b2fa14a436a536f80323411a,1577973475262,1577973473
0xdebb09673eca3137913deb586263273ddbef04b9b2fa14a436a536f80323411a,1577973475262,1577973473
0xdebb09673eca3137913deb586263273ddbef04b9b2fa14a436a536f80323411a,1577973475262,1577973473
0xdebb09673eca3137913deb586263273ddbef04b9b2fa14a436a536f80323411a,1577973475262,1577973473
0xdebb09673eca3137913deb586263273ddbef04b9b2fa14a436a536f80323411a,1577973475263,1577973473
0xdebb09673eca3137913deb586263273ddbef04b9b2fa14a436a536f80323411a,1577973475263,1577973473
0xdebb09673eca3137913deb586263273ddbef04b9b2fa14a436a536f80323411a,1577973475263,1577973473
0xdebb09673eca3137913deb586263273ddbef04b9b2fa14a436a536f80323411a,1577973475263,1577973473
0xdebb09673eca3137913deb586263273ddbef04b9b2fa14a436a536f80323411a,1577973475264,1577973473
0xdebb09673eca3137913deb586263273ddbef04b9b2fa14a436a536f80323411a,1577973475264,1577973473
0xdebb09673eca3137913deb586263273ddbef04b9b2fa14a436a536f80323411a,1577973475264,1577973473
0xdebb09673eca3137913deb586263273ddbef04b9b2fa14a436a536f80323411a,1577973475264,1577973473
0xdebb09673eca3137913deb586263273ddbef04b9b2fa14a436a536f80323411a,1577973475265,1577973473
0xdebb09673eca3137913deb586263273ddbef04b9b2fa14a436a536f80323411a,1577973475265,1577973473
0xdebb09673eca3137913deb586263273ddbef04b9b2fa14a436a536f80323411a,1577973475265,1577973473
0xdebb09673eca3137913deb586263273ddbef04b9b2fa14a436a536f80323411a,1577973475265,1577973473
0xdebb09673eca3137913deb586263273ddbef04b9b2fa14a436a536f80323411a,1577973475266,1577973473
0xdebb09673eca3137913deb586263273ddbef04b9b2fa14a436a536f80323411a,1577973475266,1577973473
0xdebb09673eca3137913deb586263273ddbef04b9b2fa14a436a536f80323411a,1577973475266,1577973473
0xdebb09673eca3137913deb586263273ddbef04b9b2fa14a436a536f80323411a,1577973475266,1577973473
0xdebb09673eca3137913deb586263273ddbef04b9b2fa14a436a536f80323411a,1577973475267,1577973473
0xdebb09673eca3137913deb586263273ddbef04b9b2fa14a436a536f80323411a,1577973475267,1577973473
0xdebb09673eca3137913deb586263273ddbef04b9b2fa14a436a536f80323411a,1577973475267,1577973473
0xdebb09673eca3137913deb586263273ddbef04b9b2fa14a436a536f80323411a,1577973475268,1577973473
0xdebb09673eca3137913deb586263273ddbef04b9b2fa14a436a536f80323411a,1577973475268,1577973473
0xdebb09673eca3137913deb586263273ddbef04b9b2fa14a436a536f80323411a,1577973475268,1577973473
0xdebb09673eca3137913deb586263273ddbef04b9b2fa14a436a536f80323411a,1577973475268,1577973473
0xdebb09673eca3137913deb586263273ddbef04b9b2fa14a436a536f80323411a,1577973475268,1577973473
0xdebb09673eca3137913deb586263273ddbef04b9b2fa14a436a536f80323411a,1577973475269,1577973473
0xdebb09673eca3137913deb586263273ddbef04b9b2fa14a436a536f80323411a,1577973475269,1577973473
0xdebb09673eca3137913deb586263273ddbef04b9b2fa14a436a536f80323411a,1577973475269,1577973473
0xdebb09673eca3137913deb586263273ddbef04b9b2fa14a436a536f80323411a,1577973475270,1577973473
0xdebb09673eca3137913deb586263273ddbef04b9b2fa14a436a536f80323411a,1577973475270,1577973473
0xdebb09673eca3137913deb586263273ddbef04b9b2fa14a436a536f80323411a,1577973476746,1577973475
0xdebb09673eca3137913deb586263273ddbef04b9b2fa14a436a536f80323411a,1577973476746,1577973475
0xdebb09673eca3137913deb586263273ddbef04b9b2fa14a436a536f80323411a,1577973476747,1577973475
0xdebb09673eca3137913deb586263273ddbef04b9b2fa14a436a536f80323411a,1577973476747,1577973475
0xdebb09673eca3137913deb586263273ddbef04b9b2fa14a436a536f80323411a,1577973476748,1577973475
0xdebb09673eca3137913deb586263273ddbef04b9b2fa14a436a536f80323411a,1577973476749,1577973475
0xdebb09673eca3137913deb586263273ddbef04b9b2fa14a436a536f80323411a,1577973476750,1577973475
0xdebb09673eca3137913deb586263273ddbef04b9b2fa14a436a536f80323411a,1577973476750,1577973475
0xdebb09673eca3137913deb586263273ddbef04b9b2fa14a436a536f80323411a,1577973476751,1577973475
0xdebb09673eca3137913deb586263273ddbef04b9b2fa14a436a536f80323411a,1577973476751,1577973475
0xdebb09673eca3137913deb586263273ddbef04b9b2fa14a436a536f80323411a,1577973476752,1577973475
0xdebb09673eca3137913deb586263273ddbef04b9b2fa14a436a536f80323411a,1577973476752,1577973475
0xdebb09673eca3137913deb586263273ddbef04b9b2fa14a436a536f80323411a,1577973476752,1577973475
0xdebb09673eca3137913deb586263273ddbef04b9b2fa14a436a536f80323411a,1577973476753,1577973475
0xdebb09673eca3137913deb586263273ddbef04b9b2fa14a436a536f80323411a,1577973476753,1577973475
0xdebb09673eca3137913deb586263273ddbef04b9b2fa14a436a536f80323411a,1577973476754,1577973475
0xdebb09673eca3137913deb586263273ddbef04b9b2fa14a436a536f80323411a,1577973476754,1577973475
0xdebb09673eca3137913deb586263273ddbef04b9b2fa14a436a536f80323411a,1577973476754,1577973475
0xdebb09673eca3137913deb586263273ddbef04b9b2fa14a436a536f80323411a,1577973476755,1577973475
0xdebb09673eca3137913deb586263273ddbef04b9b2fa14a436a536f80323411a,1577973476755,1577973475
0xdebb09673eca3137913deb586263273ddbef04b9b2fa14a436a536f80323411a,1577973476756,1577973475
0xdebb09673eca3137913deb586263273ddbef04b9b2fa14a436a536f80323411a,1577973476756,1577973475
0xdebb09673eca3137913deb586263273ddbef04b9b2fa14a436a536f80323411a,1577973476757,1577973475
0xdebb09673eca3137913deb586263273ddbef04b9b2fa14a436a536f80323411a,1577973476757,1577973475
0xdebb09673eca3137913deb586263273ddbef04b9b2fa14a436a536f80323411a,1577973476758,1577973475
0xdebb09673eca3137913deb586263273ddbef04b9b2fa14a436a536f80323411a,1577973476758,1577973475
0xdebb09673eca3137913deb586263273ddbef04b9b2fa14a436a536f80323411a,1577973476758,1577973475
0xdebb09673eca3137913deb586263273ddbef04b9b2fa14a436a536f80323411a,1577973476759,1577973475
0xdebb09673eca3137913deb586263273ddbef04b9b2fa14a436a536f80323411a,1577973476759,1577973475
0xdebb09673eca3137913deb586263273ddbef04b9b2fa14a436a536f80323411a,1577973476759,1577973475
0xdebb09673eca3137913deb586263273ddbef04b9b2fa14a436a536f80323411a,1577973476760,1577973475
0xdebb09673eca3137913deb586263273ddbef04b9b2fa14a436a536f80323411a,1577973476760,1577973475
0xdebb09673eca3137913deb586263273ddbef04b9b2fa14a436a536f80323411a,1577973476760,1577973475
0xdebb09673eca3137913deb586263273ddbef04b9b2fa14a436a536f80323411a,1577973476761,1577973475
0xdebb09673eca3137913deb586263273ddbef04b9b2fa14a436a536f80323411a,1577973476761,1577973475
0xdebb09673eca3137913deb586263273ddbef04b9b2fa14a436a536f80323411a,1577973476761,1577973475
0xdebb09673eca3137913deb586263273ddbef04b9b2fa14a436a536f80323411a,1577973476762,1577973475
0xdebb09673eca3137913deb586263273ddbef04b9b2fa14a436a536f80323411a,1577973476762,1577973475
0xdebb09673eca3137913deb586263273ddbef04b9b2fa14a436a536f80323411a,1577973476763,1577973475
0xdebb09673eca3137913deb586263273ddbef04b9b2fa14a436a536f80323411a,1577973476763,1577973475
0xdebb09673eca3137913deb586263273ddbef04b9b2fa14a436a536f80323411a,1577973476763,1577973475
0xdebb09673eca3137913deb586263273ddbef04b9b2fa14a436a536f80323411a,1577973476764,1577973475
0xdebb09673eca3137913deb586263273ddbef04b9b2fa14a436a536f80323411a,1577973476764,1577973475
0xdebb09673eca3137913deb586263273ddbef04b9b2fa14a436a536f80323411a,1577973476764,1577973475
0xdebb09673eca3137913deb586263273ddbef04b9b2fa14a436a536f80323411a,1577973476765,1577973475
0xdebb09673eca3137913deb586263273ddbef04b9b2fa14a436a536f80323411a,1577973476765,1577973475
0xdebb09673eca3137913deb586263273ddbef04b9b2fa14a436a536f80323411a,1577973476766,1577973475
0xdebb09673eca3137913deb586263273ddbef04b9b2fa14a436a536f80323411a,1577973476766,1577973475
0xdebb09673eca3137913deb586263273ddbef04b9b2fa14a436a536f80323411a,1577973476982,1577973476
0xdebb09673eca3137913deb586263273ddbef04b9b2fa14a436a536f80323411a,1577973476983,1577973476
0xdebb09673eca3137913deb586263273ddbef04b9b2fa14a436a536f80323411a,1577973476983,1577973476
0xdebb09673eca3137913deb586263273ddbef04b9b2fa14a436a536f80323411a,1577973476984,1577973476
0xdebb09673eca3137913deb586263273ddbef04b9b2fa14a436a536f80323411a,1577973476985,1577973476
0xdebb09673eca3137913deb586263273ddbef04b9b2fa14a436a536f80323411a,1577973476985,1577973476
0xdebb09673eca3137913deb586263273ddbef04b9b2fa14a436a536f80323411a,1577973476986,1577973476
0xdebb09673eca3137913deb586263273ddbef04b9b2fa14a436a536f80323411a,1577973476986,1577973476
0xdebb09673eca3137913deb586263273ddbef04b9b2fa14a436a536f80323411a,1577973476986,1577973476
0xdebb09673eca3137913deb586263273ddbef04b9b2fa14a436a536f80323411a,1577973476987,1577973476
0xdebb09673eca3137913deb586263273ddbef04b9b2fa14a436a536f80323411a,1577973476987,1577973476
0xdebb09673eca3137913deb586263273ddbef04b9b2fa14a436a536f80323411a,1577973476987,1577973476
0xdebb09673eca3137913deb586263273ddbef04b9b2fa14a436a536f80323411a,1577973476988,1577973476
0xdebb09673eca3137913deb586263273ddbef04b9b2fa14a436a536f80323411a,1577973476988,1577973476
0xdebb09673eca3137913deb586263273ddbef04b9b2fa14a436a536f80323411a,1577973476988,1577973476
0xdebb09673eca3137913deb586263273ddbef04b9b2fa14a436a536f80323411a,1577973476989,1577973476
0xdebb09673eca3137913deb586263273ddbef04b9b2fa14a436a536f80323411a,1577973476989,1577973476
0xdebb09673eca3137913deb586263273ddbef04b9b2fa14a436a536f80323411a,1577973476989,1577973476
0xdebb09673eca3137913deb586263273ddbef04b9b2fa14a436a536f80323411a,1577973476990,1577973476
0xdebb09673eca3137913deb586263273ddbef04b9b2fa14a436a536f80323411a,1577973476990,1577973476
0xdebb09673eca3137913deb586263273ddbef04b9b2fa14a436a536f80323411a,1577973476990,1577973476
0xdebb09673eca3137913deb586263273ddbef04b9b2fa14a436a536f80323411a,1577973476990,1577973476
0xdebb09673eca3137913deb586263273ddbef04b9b2fa14a436a536f80323411a,1577973476991,1577973476
0xdebb09673eca3137913deb586263273ddbef04b9b2fa14a436a536f80323411a,1577973476991,1577973476
0xdebb09673eca3137913deb586263273ddbef04b9b2fa14a436a536f80323411a,1577973476991,1577973476
0xdebb09673eca3137913deb586263273ddbef04b9b2fa14a436a536f80323411a,1577973476992,1577973476
0xdebb09673eca3137913deb586263273ddbef04b9b2fa14a436a536f80323411a,1577973476992,1577973476
0xdebb09673eca3137913deb586263273ddbef04b9b2fa14a436a536f80323411a,1577973476992,1577973476
0xdebb09673eca3137913deb586263273ddbef04b9b2fa14a436a536f80323411a,1577973476993,1577973476
0xdebb09673eca3137913deb586263273ddbef04b9b2fa14a436a536f80323411a,1577973476993,1577973476
0xdebb09673eca3137913deb586263273ddbef04b9b2fa14a436a536f80323411a,1577973476993,1577973476
0xdebb09673eca3137913deb586263273ddbef04b9b2fa14a436a536f80323411a,1577973476993,1577973476
0xdebb09673eca3137913deb586263273ddbef04b9b2fa14a436a536f80323411a,1577973476994,1577973476
0xdebb09673eca3137913deb586263273ddbef04b9b2fa14a436a536f80323411a,1577973476994,1577973476
0xdebb09673eca3137913deb586263273ddbef04b9b2fa14a436a536f80323411a,1577973476994,1577973476
0xdebb09673eca3137913deb586263273ddbef04b9b2fa14a436a536f80323411a,1577973476995,1577973476
0xdebb09673eca3137913deb586263273ddbef04b9b2fa14a436a536f80323411a,1577973476995,1577973476
0xdebb09673eca3137913deb586263273ddbef04b9b2fa14a436a536f80323411a,1577973476995,1577973476
0xdebb09673eca3137913deb586263273ddbef04b9b2fa14a436a536f80323411a,1577973476995,1577973476
0xdebb09673eca3137913deb586263273ddbef04b9b2fa14a436a536f80323411a,1577973476996,1577973476
0xdebb09673eca3137913deb586263273ddbef04b9b2fa14a436a536f80323411a,1577973476996,1577973476
0xdebb09673eca3137913deb586263273ddbef04b9b2fa14a436a536f80323411a,1577973476996,1577973476
0xdebb09673eca3137913deb586263273ddbef04b9b2fa14a436a536f80323411a,1577973476996,1577973476
0xdebb09673eca3137913deb586263273ddbef04b9b2fa14a436a536f80323411a,1577973476997,1577973476
0xdebb09673eca3137913deb586263273ddbef04b9b2fa14a436a536f80323411a,1577973476997,1577973476
0xdebb09673eca3137913deb586263273ddbef04b9b2fa14a436a536f80323411a,1577973476997,1577973476
0xdebb09673eca3137913deb586263273ddbef04b9b2fa14a436a536f80323411a,1577973476997,1577973476
0xdebb09673eca3137913deb586263273ddbef04b9b2fa14a436a536f80323411a,1577973476998,1577973476
0xdebb09673eca3137913deb586263273ddbef04b9b2fa14a436a536f80323411a,1577973476998,1577973476
0xdebb09673eca3137913deb586263273ddbef04b9b2fa14a436a536f80323411a,1577973476998,1577973476
0xdebb09673eca3137913deb586263273ddbef04b9b2fa14a436a536f80323411a,1577973476999,1577973476
0xdebb09673eca3137913deb586263273ddbef04b9b2fa14a436a536f80323411a,1577973476999,1577973476
0xdebb09673eca3137913deb586263273ddbef04b9b2fa14a436a536f80323411a,1577973476999,1577973476
0xdebb09673eca3137913deb586263273ddbef04b9b2fa14a436a536f80323411a,1577973476999,1577973476
0xdebb09673eca3137913deb586263273ddbef04b9b2fa14a436a536f80323411a,1577973477000,1577973476
0xdebb09673eca3137913deb586263273ddbef04b9b2fa14a436a536f80323411a,1577973477000,1577973476
0xdebb09673eca3137913deb586263273ddbef04b9b2fa14a436a536f80323411a,1577973477000,1577973476
0xdebb09673eca3137913deb586263273ddbef04b9b2fa14a436a536f80323411a,1577973477000,1577973476
0xdebb09673eca3137913deb586263273ddbef04b9b2fa14a436a536f80323411a,1577973477001,1577973476
0xdebb09673eca3137913deb586263273ddbef04b9b2fa14a436a536f80323411a,1577973477001,1577973476
0xdebb09673eca3137913deb586263273ddbef04b9b2fa14a436a536f80323411a,1577973477001,1577973476
0xdebb09673eca3137913deb586263273ddbef04b9b2fa14a436a536f80323411a,1577973477002,1577973476
0xdebb09673eca3137913deb586263273ddbef04b9b2fa14a436a536f80323411a,1577973477002,1577973476
0xdebb09673eca3137913deb586263273ddbef04b9b2fa14a436a536f80323411a,1577973477002,1577973476
0xdebb09673eca3137913deb586263273ddbef04b9b2fa14a436a536f80323411a,1577973477003,1577973476
0xdebb09673eca3137913deb586263273ddbef04b9b2fa14a436a536f80323411a,1577973477003,1577973476
0xdebb09673eca3137913deb586263273ddbef04b9b2fa14a436a536f80323411a,1577973477003,1577973476
0xdebb09673eca3137913deb586263273ddbef04b9b2fa14a436a536f80323411a,1577973477003,1577973476
0xdebb09673eca3137913deb586263273ddbef04b9b2fa14a436a536f80323411a,1577973477004,1577973476
0xdebb09673eca3137913deb586263273ddbef04b9b2fa14a436a536f80323411a,1577973477004,1577973476
0xdebb09673eca3137913deb586263273ddbef04b9b2fa14a436a536f80323411a,1577973477004,1577973476
0xdebb09673eca3137913deb586263273ddbef04b9b2fa14a436a536f80323411a,1577973477005,1577973476
0xdebb09673eca3137913deb586263273ddbef04b9b2fa14a436a536f80323411a,1577973477005,1577973476
0xdebb09673eca3137913deb586263273ddbef04b9b2fa14a436a536f80323411a,1577973477005,1577973476
0xdebb09673eca3137913deb586263273ddbef04b9b2fa14a436a536f80323411a,1577973477005,1577973476
0xdebb09673eca3137913deb586263273ddbef04b9b2fa14a436a536f80323411a,1577973477006,1577973476
0xdebb09673eca3137913deb586263273ddbef04b9b2fa14a436a536f80323411a,1577973477006,1577973476
0xdebb09673eca3137913deb586263273ddbef04b9b2fa14a436a536f80323411a,1577973477006,1577973476
0xdebb09673eca3137913deb586263273ddbef04b9b2fa14a436a536f80323411a,1577973477006,1577973476
0xdebb09673eca3137913deb586263273ddbef04b9b2fa14a436a536f80323411a,1577973477007,1577973476
0xdebb09673eca3137913deb586263273ddbef04b9b2fa14a436a536f80323411a,1577973477008,1577973476
0xdebb09673eca3137913deb586263273ddbef04b9b2fa14a436a536f80323411a,1577973477008,1577973476
0xdebb09673eca3137913deb586263273ddbef04b9b2fa14a436a536f80323411a,1577973477008,1577973476
0xdebb09673eca3137913deb586263273ddbef04b9b2fa14a436a536f80323411a,1577973477009,1577973476
0xdebb09673eca3137913deb586263273ddbef04b9b2fa14a436a536f80323411a,1577973477009,1577973476
0xdebb09673eca3137913deb586263273ddbef04b9b2fa14a436a536f80323411a,1577973477009,1577973476
0xdebb09673eca3137913deb586263273ddbef04b9b2fa14a436a536f80323411a,1577973477010,1577973476
0xdebb09673eca3137913deb586263273ddbef04b9b2fa14a436a536f80323411a,1577973477010,1577973476
0xdebb09673eca3137913deb586263273ddbef04b9b2fa14a436a536f80323411a,1577973477011,1577973476
0xdebb09673eca3137913deb586263273ddbef04b9b2fa14a436a536f80323411a,1577973477011,1577973476
0xdebb09673eca3137913deb586263273ddbef04b9b2fa14a436a536f80323411a,1577973477011,1577973476
0xdebb09673eca3137913deb586263273ddbef04b9b2fa14a436a536f80323411a,1577973477011,1577973476
0xdebb09673eca3137913deb586263273ddbef04b9b2fa14a436a536f80323411a,1577973477012,1577973476
0xdebb09673eca3137913deb586263273ddbef04b9b2fa14a436a536f80323411a,1577973477012,1577973476
0xdebb09673eca3137913deb586263273ddbef04b9b2fa14a436a536f80323411a,1577973477012,1577973476
0xdebb09673eca3137913deb586263273ddbef04b9b2fa14a436a536f80323411a,1577973477013,1577973476
0xdebb09673eca3137913deb586263273ddbef04b9b2fa14a436a536f80323411a,1577973477013,1577973476
0xdebb09673eca3137913deb586263273ddbef04b9b2fa14a436a536f80323411a,1577973477014,1577973476
0xdebb09673eca3137913deb586263273ddbef04b9b2fa14a436a536f80323411a,1577973477014,1577973476
0xdebb09673eca3137913deb586263273ddbef04b9b2fa14a436a536f80323411a,1577973477014,1577973476
0xdebb09673eca3137913deb586263273ddbef04b9b2fa14a436a536f80323411a,1577973477015,1577973476
0xdebb09673eca3137913deb586263273ddbef04b9b2fa14a436a536f80323411a,1577973477015,1577973476
0xdebb09673eca3137913deb586263273ddbef04b9b2fa14a436a536f80323411a,1577973477015,1577973476
0xdebb09673eca3137913deb586263273ddbef04b9b2fa14a436a536f80323411a,1577973477015,1577973476
0xdebb09673eca3137913deb586263273ddbef04b9b2fa14a436a536f80323411a,1577973477016,1577973476
0xdebb09673eca3137913deb586263273ddbef04b9b2fa14a436a536f80323411a,1577973477016,1577973476
0xdebb09673eca3137913deb586263273ddbef04b9b2fa14a436a536f80323411a,1577973477016,1577973476
0xdebb09673eca3137913deb586263273ddbef04b9b2fa14a436a536f80323411a,1577973477017,1577973476
0xdebb09673eca3137913deb586263273ddbef04b9b2fa14a436a536f80323411a,1577973477017,1577973476
0xdebb09673eca3137913deb586263273ddbef04b9b2fa14a436a536f80323411a,1577973477017,1577973476
0xdebb09673eca3137913deb586263273ddbef04b9b2fa14a436a536f80323411a,1577973477018,1577973476
0xdebb09673eca3137913deb586263273ddbef04b9b2fa14a436a536f80323411a,1577973477019,1577973476
0xdebb09673eca3137913deb586263273ddbef04b9b2fa14a436a536f80323411a,1577973477019,1577973476
0xdebb09673eca3137913deb586263273ddbef04b9b2fa14a436a536f80323411a,1577973477019,1577973476
0xdebb09673eca3137913deb586263273ddbef04b9b2fa14a436a536f80323411a,1577973477020,1577973476
0xdebb09673eca3137913deb586263273ddbef04b9b2fa14a436a536f80323411a,1577973477020,1577973476
0xdebb09673eca3137913deb586263273ddbef04b9b2fa14a436a536f80323411a,1577973477020,1577973476
0xdebb09673eca3137913deb586263273ddbef04b9b2fa14a436a536f80323411a,1577973477021,1577973476
0xdebb09673eca3137913deb586263273ddbef04b9b2fa14a436a536f80323411a,1577973477021,1577973476
0xdebb09673eca3137913deb586263273ddbef04b9b2fa14a436a536f80323411a,1577973477021,1577973476
0xdebb09673eca3137913deb586263273ddbef04b9b2fa14a436a536f80323411a,1577973477021,1577973476
0xdebb09673eca3137913deb586263273ddbef04b9b2fa14a436a536f80323411a,1577973477022,1577973476
0xdebb09673eca3137913deb586263273ddbef04b9b2fa14a436a536f80323411a,1577973477022,1577973476
0xdebb09673eca3137913deb586263273ddbef04b9b2fa14a436a536f80323411a,1577973477022,1577973476
0xdebb09673eca3137913deb586263273ddbef04b9b2fa14a436a536f80323411a,1577973477022,1577973476
0xdebb09673eca3137913deb586263273ddbef04b9b2fa14a436a536f80323411a,1577973477023,1577973476
0xdebb09673eca3137913deb586263273ddbef04b9b2fa14a436a536f80323411a,1577973477023,1577973476
0xdebb09673eca3137913deb586263273ddbef04b9b2fa14a436a536f80323411a,1577973477023,1577973476
0xdebb09673eca3137913deb586263273ddbef04b9b2fa14a436a536f80323411a,1577973477023,1577973476
0xdebb09673eca3137913deb586263273ddbef04b9b2fa14a436a536f80323411a,1577973477024,1577973476
0xdebb09673eca3137913deb586263273ddbef04b9b2fa14a436a536f80323411a,1577973477024,1577973476
0xdebb09673eca3137913deb586263273ddbef04b9b2fa14a436a536f80323411a,1577973477024,1577973476
0xdebb09673eca3137913deb586263273ddbef04b9b2fa14a436a536f80323411a,1577973477024,1577973476
0xdebb09673eca3137913deb586263273ddbef04b9b2fa14a436a536f80323411a,1577973477025,1577973476
0xdebb09673eca3137913deb586263273ddbef04b9b2fa14a436a536f80323411a,1577973477025,1577973476
0xdebb09673eca3137913deb586263273ddbef04b9b2fa14a436a536f80323411a,1577973477025,1577973476
0xdebb09673eca3137913deb586263273ddbef04b9b2fa14a436a536f80323411a,1577973477026,1577973476
0xdebb09673eca3137913deb586263273ddbef04b9b2fa14a436a536f80323411a,1577973477026,1577973476
0xdebb09673eca3137913deb586263273ddbef04b9b2fa14a436a536f80323411a,1577973477026,1577973476
0xdebb09673eca3137913deb586263273ddbef04b9b2fa14a436a536f80323411a,1577973477026,1577973476
0xdebb09673eca3137913deb586263273ddbef04b9b2fa14a436a536f80323411a,1577973477027,1577973476
0xdebb09673eca3137913deb586263273ddbef04b9b2fa14a436a536f80323411a,1577973477027,1577973476
0xdebb09673eca3137913deb586263273ddbef04b9b2fa14a436a536f80323411a,1577973477027,1577973476
0xdebb09673eca3137913deb586263273ddbef04b9b2fa14a436a536f80323411a,1577973477028,1577973476
0xdebb09673eca3137913deb586263273ddbef04b9b2fa14a436a536f80323411a,1577973477028,1577973476
0xdebb09673eca3137913deb586263273ddbef04b9b2fa14a436a536f80323411a,1577973477028,1577973476
0xdebb09673eca3137913deb586263273ddbef04b9b2fa14a436a536f80323411a,1577973477028,1577973476
0xdebb09673eca3137913deb586263273ddbef04b9b2fa14a436a536f80323411a,1577973477029,1577973476
0xdebb09673eca3137913deb586263273ddbef04b9b2fa14a436a536f80323411a,1577973477029,1577973476
0xdebb09673eca3137913deb586263273ddbef04b9b2fa14a436a536f80323411a,1577973477029,1577973476
0xdebb09673eca3137913deb586263273ddbef04b9b2fa14a436a536f80323411a,1577973477029,1577973476
0xdebb09673eca3137913deb586263273ddbef04b9b2fa14a436a536f80323411a,1577973477030,1577973476
