0x13f56900c2d2bb0daf50ad3936fc28b880bbe30f9747afaf151b70cb1a2badb5,1571042247632,1571042247
0x46f2e076c9e065520e480920a7c7c40b4be0d4abfd5993692908468fb0c0bda9,1571042247839,1571042247
0x62e35617324cf07728d95b733553bdd0e84290452a87bd8a282e32052cf5de11,1571042247887,1571042247
0x0925d77c09a37709712bd935e6a90411967776725a431e8bd19929dacaba1422,1571042247932,1571042247
0xadd4cf0310f385df2b5c3f1189249268f34fc56e03440c12cf624cda3b982084,1571042248001,1571042247
0x5dcfbbca94e4c010286241b6114a77a51153918e5f039ae99c1feaceb3129d05,1571042248051,1571042248
0x0bb0d5a1fb8bbed2f5d3f1698a7013c40ab0355b62dbf44b84a8c35e58ebff44,1571042248094,1571042248
0x3ca2e7ff0a3d6ece7a226e6fdbb5b561dca3f98049d04b3b8bbb740600d903aa,1571042248539,1571042248
0x46616179100fc30d47888448362ff2b3f8047632cf8818a700c20a3c587c5ba2,1571042248593,1571042248
0xcd7f76c6c8b8bd0af0240511161d2b5b2b9f196f6c55fb1bdd47babe075cd6a9,1571042248665,1571042248
0xfbdf601db105ffd281384508fce3b723e76254cab508a140f743f81ff2ec7ec8,1571042248742,1571042248
0xcf829fb2f444cede49e32ae5324bb35a5334580b188dfff81df92b8c67675bad,1571042248794,1571042248
0x28386cb68babde677035d6d589154c049fd2b526a88efc9d7dab2b8b77a6073e,1571042249513,1571042249
0x473305cc4d11d9868b36d5aad712764b6146b1045f54436bc10679ae4408782b,1571042249531,1571042249
0x0a74d4904066867a906c94caf040ed0e2d382b907a8807da15957e7a27bcd8e1,1571042249554,1571042249
0x955fbdf6c994a952f94592e2ac27f282487d87fa34b663f9a70ae6fd941f9fc5,1571042249572,1571042249
0xcc52284ed7509c87d47881c27cf6d5bda393b579d39b83e6e197f6bf2a3027f9,1571042249594,1571042249
0xafb0f94c083b140ea2c2f269484c273632816ae8f7c6fb2416c2640b4e79301a,1571042249617,1571042249
0xbc94db6a7163ac4dbcaac9014321312e2ededb7ca135b9a2d108feeeb1bf5501,1571042249852,1571042249
0xb0a5b71bc67490869fffbcf12648bbf51a6f61eb5847aae24ca59f4ea4085073,1571042249879,1571042249
0x2b16696d506f06f83299a05498059d2b214ae96e5da29aaa9186820d51664c15,1571042249906,1571042249
0x3b1a19e38c8385701341421ff519eb0b38148481e0d11bc083ce344af923122f,1571042249931,1571042249
0x397f0a532258a5548cb4ee00c51cbc519ff0385a14cd2998dcad1ab63150d422,1571042249972,1571042249
0xc473f8238b4831033e105912b72f54d92acd601abca4a2091a5165113506ab20,1571042249989,1571042249
0x014825662221e2b66931fbd922028d8f8d7297b649579e4b0cbc91ff28413ae5,1571042250021,1571042250
0x57c5b8ef4ba5a7ceb6ecbc2a2bec44e1058eaf159d2db16a9962ec65bf61f245,1571042250079,1571042250
0xd7dda607e40983c84cfa2db81cbe815b89e8a9de9c19cc40a75c320338044a54,1571042250099,1571042250
0xf507cc5e06f5ed61d8800d61feb375d0c8fe5b8bfa9b7eb44270a9ef8b342f23,1571042250123,1571042250
0x8cc98dd95eefdf4d20909a3866a419dfc108516e91a471d077249043e0ae5b63,1571042250149,1571042250
0x17aedd73103c94c1f0409896d6ee8daebdcfb9d5bb1068bc9cecc285c4c806f0,1571042250175,1571042250
0x7e0012e3e92025e5418812042b40b37564df4a1d017fb9d2335abeba7aaa93e4,1571042250195,1571042250
0xde409d885917029cccb131f0ce204c837e4629e5c808452ffa442a8515f30f79,1571042250217,1571042250
0x67d4756482f8e0a9ff733cdd145e50e6b55c025b268f5e175c1c05076bc5b600,1571042250249,1571042250
0xb2769ee25d3dd8a2b381ac57e8e60c06eac3e3b2167c45600d46ec78c3ce084b,1571042250298,1571042250
0x3f7e8fb67fa5f4e1a3dcb5db3bc96256fcbb15baa5c259c50fb525e1a25a5f16,1571042250324,1571042250
0xc91872af69e9f14b6f94efc7965d12f327a3998f18f562b9cbda07ac48de37b6,1571042250350,1571042250
0xce0db77d8c92d1898a089e0e83ee562860e67840ee455744bd3dc3c83f3b5896,1571042250374,1571042250
0x362042e0c8c3c805b5216d2ad455ea5ca9080fbcc3bb17ee7e2a3da52f3be3da,1571042250393,1571042250
0xbb012d3be15d5d8c73a8d78dec9af933bcf622dbc5a931633ca701859643363b,1571042250416,1571042250
0xba4ecb942f7e765f69d303d55510db9b27fcc99337ed533f206bd6d7f38d437c,1571042250440,1571042250
0xa45e2b1b661dd72bbe5ede66c780f4b3b4ae0ba12f51e5febc1e30d17d3d46dc,1571042250467,1571042250
0xc67a59c9db909fe179897132314315c86a53458752a00ee1fac48078a266d936,1571042250492,1571042250
0xa09fbdd8789fac66c7ca0205a8b6cc611e4e84749f2dbec0a470d06f86ca0f46,1571042250553,1571042250
0x775f10f135b5863c7da12d6111b51e0d600253537e3479bd8f37833748410a26,1571042250576,1571042250
0x82aca76e1c3908285fc0a81496a46c402db0b04d0c1d732d235dda7827ffb953,1571042250595,1571042250
0x7302539530984968d34d1fdda1e698c827520cfc64043e08f2ffd36b3e12cdfd,1571042250614,1571042250
0x8c2262eff8533d0e6ab7332f1ef5ff6d6fb8dfbaacfe73a88722f4d54e688ed7,1571042250640,1571042250
0x9e700ec28b6804faf2bf967bad51ddbcb579e445316dd7fb935053c62918a064,1571042250667,1571042250
0xda1cce3fc5415c5ce13aa57ababebd1613669a57907604eb1d6d08fb2de1ff19,1571042250687,1571042250
0xa2654af61eb59d3eddb190d94ca123eadd9e0b7bc9e531609073559b0457f087,1571042250772,1571042250
0x1108a47d4a6949b292cf2ff4601958e32dcaebc48b8d00ab36c8093c4a2a89a5,1571042250792,1571042250
0x4e94602450390ee4caaff0af9850b79124f6183208fda24891207d0ba9391f0e,1571042250813,1571042250
0xf4090945513719e2cc3d2bfb62bf51f71c02c899f4490f22925736c2c7832645,1571042250844,1571042250
0x43b82103bc2d32b8d579a7b40afec363230f1f908ebacc2b264e3a320e36921c,1571042250877,1571042250
0x23dc2ba260421defca6b759f7eb18dcfbd2f608c672310b68db2a5757a0ac81a,1571042250935,1571042250
0x817a344db4748d63b66238b367e13c68977db12d52342e854c84c64099453ee9,1571042250968,1571042250
0x220583bfd3e61484df2bd7379a7b4b58cb8824161b8914d34d535555987c63c5,1571042250990,1571042250
0x5e37ccf6906ebdac1ca6fefca87e1047eb77e35ac2ef4201d36acebb5a6f31b5,1571042251010,1571042250
0x9e84a27bad5800c27716fd98bc15d81ea105d05df5094cd6a97534cc7acc0c0f,1571042251062,1571042251
0x2736a403ea488b6e59698e7aa91bc0e077e3e9ea2eb08650fd5d557258ca5c62,1571042251090,1571042251
0xfbc28388d207ceffd4aa311ebee92339f9d174b5f782612a8279b4d4a49b5a65,1571042251117,1571042251
0x476149d925218233b302afcc1d728bd78604d2ef8fd03b68128c95d9794d6996,1571042251149,1571042251
0xba17c4744489a942c5c2246e0f7b8fe8271e85eb3c6949933a07bab8ee147ebd,1571042251196,1571042251
0x4013214712b9fe84e62d2a9367a9a1c76f02b0ac10a19c0cfff755992053b166,1571042251226,1571042251
0x8ba939ff826cbde88f3adb76e5fad166fffad553757666f1728620a8b2689a4a,1571042251262,1571042251
0x83a27a0d7705c9c72f25e5e12d68af430b62210920c163752e55ec7ecc07e3a3,1571042251288,1571042251
0x00b406f532f15e602be95b1b8bde6164df551056000fc037914947f929923b23,1571042251318,1571042251
0x62caaeb6cdaab127f45e95a89f57d7ecd53f2a6294ac4a5d464be58947698416,1571042251342,1571042251
0x18ef3154004b40195673348d2b1ce100bfcd50a9021d9fb80f802f4776ecc0c3,1571042251361,1571042251
0x2668941b879d894e0e900482d62cafe47a42c5d0b6424de885444d5b49b0ae9f,1571042251379,1571042251
0xaa8e3d029f462e95ddd807a738f6104e829977756f13fbdf605bd2bbf3310745,1571042251396,1571042251
0x002ce956c0b5983cfd82811de6a9eaa4f46f54e2a6b11e4ba98802206d736aea,1571042251414,1571042251
0x68da249af3544e0de3f6dd7b37fd000c8d600fa279490966a979d5d860e67c11,1571042251432,1571042251
0x5d304e499515925a79d876b69517952885d0aebbecb63b5ad3387aa61d519f9f,1571042251450,1571042251
0x316bb33663d5b0232e86e78ec8d099b619a487ed849b832d5464d8eb57b90625,1571042251469,1571042251
0x99efb16b8f9ef639c5842919c2b17a774993c906720e72d102da79da17661074,1571042251491,1571042251
0x809bf49d3691cddf99bd11808a102c488888f50be7727abe7937a06b7b28cb7f,1571042251508,1571042251
0x04007178dc5ee3f862edcb3655d6fc5a89c467ff6e1dca3c6bd0d0d3e8a50845,1571042251527,1571042251
0x54703792ce9446059a113f20da5fa4ac933f088f7f69bdf811ab6926ad849686,1571042251547,1571042251
0x0411ab7109829b4ba8ef923680a027ad4a158dd1890f20776ccafc8e36836b0f,1571042251566,1571042251
0x6c37aab80fded5030f89ee3b123cfac889436622af7437c6dd2e4e803254950c,1571042251593,1571042251
0x338cff9c65d75afdf34eff38dd2597147a4167647dbdab8b72b582b6a006c25d,1571042251624,1571042251
0x14abb9479feaaabcc559319c591effe78ab54a699b4354468ea9f494c3ee8bcc,1571042251650,1571042251
0x998ef6d0a8be12b4d44481a6bbec37b5e77e13e69ee012de40c72fa5e84b42e3,1571042251669,1571042251
0x7e1599d4a07ba27bc082ed47a289a54a320cb880e580a3789aa01672715a7021,1571042251693,1571042251
0xa3d330097a642d4d3c0277a8f01c6fac30462008db73840a9fb387d94498cd80,1571042251714,1571042251
0x2ddf23d787a7ace3b4a6cd5e1097ae6b8a89b3b336e383ae4ca4a31ab074377b,1571042251733,1571042251
0x984362e8209734261489045d938f78dee063f98022e06465c34166eb31ed5805,1571042251755,1571042251
0x4670e029893991ac57e71e6b7c3167d14366c4199c08181e2e8941f7ea505a3d,1571042251774,1571042251
0xf8e2ee01cc8986f7fe8f844d5fe59858b7c54b13ced134e873a9b1345ef340ba,1571042251792,1571042251
0x708745e4ef20dcc69e935424d4f1267c14547480c8e8b24e44d1e8417fa8da42,1571042251814,1571042251
0x6c0dcc1a2ddd1765152660e58872d720ea31da957a8e61d86bd23813cc69d503,1571042251840,1571042251
0xee28869a66ea30f16f09b7d181b976dcb5351b29709226d578fdbe099df0b7e3,1571042251866,1571042251
0x8bdb3df53f411f1b9003ce3bacba19f45c25550e0ca96ebb0ff513700bb77dbf,1571042251893,1571042251
0x0ed773f13a9ea231058d975177d4da8cb1bfc92cc873f995c2da0f3047fb2a78,1571042251915,1571042251
0x05f667ae79584f37468177a738aea7975a71487ca380fc1b44317f792099c21a,1571042251946,1571042251
0xdee6c8ad3d414789a33f9deb1a0f623e663bc291efe1a5c8bf918edd52b8d40b,1571042251971,1571042251
0xad33ad9554138ddc505ae975d5bb3e8ce1c2833157a42116fc0802c2a4ef8e91,1571042251994,1571042251
0x56e1dcc656da369deedb4691d92a125cd1fefc437bb89df05abf5072c3d37fc6,1571042252017,1571042251
0x6e8afa2a68557df3926af477ca25cacb9f557d7f7ddd66474dc5c5419ee59cbe,1571042252037,1571042252
0x46dc4245f0fd3ee16310b1564e820d15855dfa7f84d3d4e230392f9448a69d6b,1571042252058,1571042252
0x0bc6653d6cf93076245e13edefb4fa70947b2d21100a6a4cd3dd1aeadf6350a5,1571042252078,1571042252
0x6f28b546f802ea603ec00e0c2173d374d04732cd156c6f0af89b675ad69b8b8c,1571042252097,1571042252
0x8981867e9076ee7e7496e2027a44aa88090b1f9808a8227e2eb060ee43dc3b0e,1571042252117,1571042252
0x689e15ed85aac935b2cb6a363faa17dc34ed1345a8e59602b9906a3f35b2c62e,1571042252141,1571042252
0xb2a9797bfb0fb7921c4c48c677ef8746e5a1ca9b8b9ab97a4ca6ab34a3e72028,1571042252161,1571042252
0xc5c70b909e6af03781a38a67ff13f474d8aa69675e839f4e34ab48d38b1559a1,1571042252183,1571042252
0x58c1317782294835c5256f69878987145454d6d00c7bcbac51b59c6219dcf26d,1571042252202,1571042252
0xf021060fdbeea4d386098c758e18801bffcba35275613954eeb0f52755c21253,1571042252220,1571042252
0x04b73b2ad4662a9c8f6ce736f19ff229b3373281b8e631a087a6798e6c695722,1571042252239,1571042252
0x78c0e8238b5b5681c2aec815b2e4cfc1f3849f9e6e7f30ada7922926429264ce,1571042252258,1571042252
0xfd633938fd42b94d5b798813342a915e13451f7b847d933141577567dbbb7d2b,1571042252278,1571042252
0xf7928c405e51ef9089eef10e6cd7e6ac5620db92db1a46b28478e0b067fc6412,1571042252296,1571042252
0xed9b6566ad1d76415320778bafcd299a61bd93bcf2c904ba5e616cacf76a9e03,1571042252317,1571042252
0xf5d04fe51d012cf6502bdb6af096754f14563869b9fe8529139d43ec301b9474,1571042252337,1571042252
0xbb89323e06c5eba921be7ef87f1ae118d307ee3e8ff0668a3d5755cfa7137ff0,1571042252359,1571042252
0xba735dee1dc667142e4409873a25af149e1e9ad59bc39c7be043c41d33094c14,1571042252383,1571042252
0x34b93e0c4f5acb8feb4db8e3336227be720b10e6ca195d940c2fa09909e679bc,1571042252403,1571042252
0x7eda904ea93a27c148bec35ae0828e6baa0f517c9b493586f3c300425af55512,1571042252429,1571042252
0x729b66543d19d5c1441fbaf431936857a5bafb9cb670fdb912e8eee4ac8172b7,1571042252449,1571042252
0xbf0e5cd94b388889f8a8ba0b153a0c1db1cc462b6f9ce37ccc83881a5f609067,1571042252468,1571042252
0xe074cbf062b8f6dbe34416e21f593713e3eed4e314da29800fbbac34cf883cc7,1571042252488,1571042252
0x6c348e9aa30b3f3e5ae9d42349ece5b140800e693f879c8a037d7ec039fc8646,1571042252504,1571042252
0x4581493405f1cff67a7c06017594149bc0600dc735a31bb579bd0abf312d2ec3,1571042252523,1571042252
0x510076ab6a2871f72cd19b6324aee48045bcd7478d2aaf74f6eed4eafefa722d,1571042252544,1571042252
0xeeda1f51f1da012d23464168f074115ee69d7ab4bbbea755d316642b9e8335e0,1571042252562,1571042252
0x1f75a8052489aa9401e8d1e21fd1ddd87f4dda5cf65aecd77197d79fd5557e29,1571042252580,1571042252
0x69c290be5554312bcafea522c8b52b0fa7dc2007651033232c3009620711e5a8,1571042252604,1571042252
0xbbd9fde65cadb620e73490d0c06b6a083ee4d3b75cfd2d53db8ddc38573c3d17,1571042252624,1571042252
0x6c38d5eab9bb9caf6cbea9054e7dc19917980d670047e1445206161c8af61e53,1571042252645,1571042252
0x60f451de8f71f4b999722dc9136bd765ec9af176a04b1c87e34f9731c92274d2,1571042252664,1571042252
0x25669bd5ac0253e93f216e214355be76bb7585065d635e1476d4f55577d93902,1571042252682,1571042252
0x342b109f3f6d0f286e4bcf637c61d2c375e745f965e5030f36f23ac4e28a5201,1571042252698,1571042252
0x9a3553cca97a6711171bed316686010bd777416ae1ed225af43a3cf8b2c9bf56,1571042252722,1571042252
0x3bbb4eabdee5fc327ea5ceafa71fb83bc8c650a1db78b4568f26c181d6fae1c9,1571042252740,1571042252
0x75b664c816886fe1e885e7eed01230ccfc694b35e891bd300f61acde222b6cfa,1571042252760,1571042252
0xf938b3281abb864cf9c708416ffb2d9f88c62faffffc5b1f445870f42a5764ed,1571042252780,1571042252
0xc32a003e44e814cf1d050ff39a3a71efec41ba585bb07e77c8f813c7ef362dc6,1571042252801,1571042252
0xd34d1b970c6a7d7702a936ba7162dcfa2f0d87484ffd9b65a1b984211f683e57,1571042252818,1571042252
0x9d0566b49423b2a295246f291de304b01dcc15161d00e68d0326752a8bb25779,1571042252839,1571042252
0x30335ba1681ee644d7e198fa4c40c3e313ab61aa1e522dad6f6ff03e2d87554c,1571042252855,1571042252
0x82f297cb2d5a73e8ce4599559fe3d415569b4fc1cc7cfdd10778597079d75d12,1571042252872,1571042252
0x300bd600438b2dc63f81e502abf41a49185f1387842c1a2151bb96a929b7895f,1571042252892,1571042252
0x534af8cca5cf8e535f744346a5004386c0cdf1a93abcc9b986750088de5cf1a2,1571042252910,1571042252
0xfef7d22816c99b500799948bc5d7a2a47eec6ecc70c210bc0caed255d3c260ae,1571042252928,1571042252
0x9607e8b2ed97191e5e87250b7f22b4f34cf560fcc3d5b26c0403bdc143694afa,1571042252946,1571042252
0xe80097272be4090a89e3997e352985fa675986673bed74d8a79ffea67ce5df80,1571042252963,1571042252
0x263eb946f1f93d9dc17b27d028edf123f96adbf20192703266d60275fd508d71,1571042252987,1571042252
0xc95c3ac83575dfbcf046a1bc78fa4ddf7b2b7edc0e51a6fdfe1d432b97b871dd,1571042253004,1571042252
0xf95f896383a12f2bbd05150e19483db4149f88509c388720e344224925ba1903,1571042253021,1571042253
0x070bad5a0969523af2d0811d915aef49b0d840bfcb8a1189f1fbd8423c919412,1571042253040,1571042253
0x9e268b53eb18b878cee6fb02e4fdf5f29e5390c5a6baada3c5d7488ae8fbbda8,1571042253059,1571042253
0xe60ba9f55e6c5165a8eddd4fa097b538781e61cc3c030a23dc67341793a6ad3a,1571042253078,1571042253
0x97b6f048c9c47272c426b5f9860bd13ab70402df92309c17f6b58340bc7b26d7,1571042253099,1571042253
0xe8c4906841e1cf5651bea072cb3d35bba665277530454e4db653545f94c2081b,1571042253121,1571042253
0x0add14c30c86d00b73e5d5c9467232328514c59d889cef63580b8fd9a1a44289,1571042253138,1571042253
0x02478a7eec944dd2650d415ea3b7560e8345d98423eaba0fa354d6ebf413a588,1571042253158,1571042253
0xd1c24eb44d565101f729455cfef4b18e36451e3dd97285188d178200f3d1d213,1571042253179,1571042253
0x0fcdc242e88aae18776921645d98de3680c437cc99948e2c5de2558f368b1916,1571042253196,1571042253
0xa855100c7ac9bc6b1438554e29e568d16bf026464348ad66411fa850be6ce46b,1571042253218,1571042253
0x0fac469c1a2393370bd91ee88a3756109d531a362ed80985a8c7601187e48259,1571042253235,1571042253
0x1577176bcd44efb4501efb3335589fd877a17f7f9e11b919c874f7486a24a09e,1571042253260,1571042253
0x4ee23d68efa5bf7e054ff536e3ab0d031618d5cb56fe4e42c69e1ab97b27e317,1571042253279,1571042253
0x02ccc6215d7c80a03019bffb2ea033531bcb237c91103600abe2fe098f0eb914,1571042253295,1571042253
0x5a227fd24f7c28cc373f4e8739b3909638b46a2d06660c1ebf4084ef8722ebb6,1571042253316,1571042253
0xda18ce71485811865ea2157e43d8ed873aa71bfd153e3b33a1c707be23313e07,1571042253335,1571042253
0x49105da1aa42a3d10ce7319c483347772df1ae38aa20b82401bfb52c4c8f6c82,1571042253354,1571042253
0x73f7eaf6db2d296760078b557143675497d7316577e2c90d9c69b630cfd72cbb,1571042253373,1571042253
0x6bbaf20ea322a4f80b9f580601e15b512d100f131b44bd5b669807d44bdb532c,1571042253395,1571042253
0xdd99e03c5b07b5563a19b8032b0845b6e3699990e77739d445dae1e8317b9e4f,1571042253415,1571042253
0xb6dbeae469a7e9f6ff10abd6c1f29b30f018051c04899941c323d2a4f0c1b336,1571042253434,1571042253
0xaefabfafb799f4b550c3c255a3b8c8d31ad8a9bc0ac011912cf9c899a06aa858,1571042253454,1571042253
0x81f9d8ae67a9eb8efb5bd5d42115207a81a72d42326e7c6809f962fd6a12e236,1571042253472,1571042253
0x75772ff3ac915d072f81167fdbb68719f5e4c69caa47a2dc96bc8623883c9d2b,1571042253490,1571042253
0xcdb8f59ddc45fdf3ff2e8ab2a34bfaae6781b0836e0fbd8df3702eff450cf99d,1571042253508,1571042253
0x4af52aa1a72463f175a21834d1495d3408092f0bb354415018b850b3d1cf4a08,1571042253525,1571042253
0x3bb1925cb9133278b9b206de7e661551e8683e2db62cc8e1339e8ac051a38961,1571042253546,1571042253
0x24fd25f77934b7c57bef156ec409ee07e95e3a5a91a4a548326ce28092223436,1571042253564,1571042253
0xbe8da74ee9804d0071c9d7e896f1ebdcc40d8fa8455de205215d2abcd953517e,1571042253584,1571042253
0xb4a32e1105b4df6ba1d148dbd26237800d39d50176309574e7a3db4682bc3500,1571042253605,1571042253
0x858290267a2c17bb9d52c9f9e20297c92596d1841165d963f2dcd0a33c7a95a5,1571042253625,1571042253
0x9c58d9de4fdd52da63ede7f6670b09fed1429fce6b593df5a8bd87700fd5505f,1571042253642,1571042253
0x1f3c7e9d5a4bed4fcb93aa3ad626d9b40ead0e1343bf94bf926e938b699b074c,1571042253665,1571042253
0xa459437296b85efcde2c004fe4f24f352b59e8022f73c32f457459e6fa1ff816,1571042253683,1571042253
0x1a97b1f27fdc5b6ce89a0237c0b5a44a571f1e8308b186bb3e03653f5e7218c3,1571042253704,1571042253
0x6257bd71d90ab8f1d6d66312674596d1f3f8390565c59f8eec252e4344eeb6fb,1571042253726,1571042253
0xd494e1a549b396cded83ab350b258581f3ce9e0d70bbe59a548eb66226e088a6,1571042253744,1571042253
0x2ea90a64c9e062892e14c5f29f219f333e6e50009715eaf5d9abf2f423e9822c,1571042253761,1571042253
0x0c4d1aef6ea561a3baf69da10eb8f23dfc3a36b8219056da0b41aee5ab347d87,1571042253781,1571042253
0xd1b6f9608074bcc612a00a06be85008ddc62121e9436a2d91cae60818be9547b,1571042253799,1571042253
0x5191eba44797e4e633a1a128267ee3c6f24b5a265df9985e32f6b513606324cc,1571042253815,1571042253
0xa65b222305d811f999878260ebfa08dc180e01dab372d9a9ee214f05d81d8719,1571042253834,1571042253
0x735b81c176153ffed77235a9d5049b6ca4761122115a00d9909d83d1a38943e4,1571042253853,1571042253
0x7d3c602b8b2cc61e4757c58e787abb6f7f371c601d7b1a84e7a293cec7390775,1571042253873,1571042253
0x026b046bc64170ef3c98dbabcc08e4df4d086347825184d522cce6b95bb949ab,1571042253889,1571042253
0x8020c471308b058b57941c6a6adc349df4c263246c8db5af46ee43ffa5a4db3e,1571042253906,1571042253
0x1fbe2c244de1accc8ede5faedad658f61a6ebc77e89bbafe94dd8bcc807acfe7,1571042253926,1571042253
0x20db47ac1e89b37f3955475f9300ae0b84cb21b7f9ea9ea55b99a6122fedbdf3,1571042253942,1571042253
0x51369751cbb416ac8be0750bd531efdab6dc2a79e88618573ad9d2d8b25433bb,1571042253960,1571042253
0xb777a6431b54b253f857d71dbf0824d37b84ba1381bc6e40cbbf078a00908a2d,1571042253979,1571042253
0x89c6c72a7b5212937e8bdc8cca378f531554f2b616cb3d2a3e27c33077029f3f,1571042253997,1571042253
0xe57a2b3627654c08979fa276aa396b1641f739356bcdc7aaf7316bd75c379917,1571042254014,1571042254
0x888fd1c3efe597293938981ce49da966b2cf8663267a038435947f899b666c34,1571042254032,1571042254
0x4ad81119366a82232cac8d5ec56d26d22dd12868215cbe31be3bf4c7e45b7994,1571042254050,1571042254
0x67296a2ccdba390df4ddf63c509e8fe1b06c4fe03450f9bdc042e0cac681f3f0,1571042254067,1571042254
0x9d6010703b58a3d864337adef5e84cff3e0cc6cb8575d4c724214f1c84b991a4,1571042254090,1571042254
0x4a9425b608863d8e9913715f7b458d8845e4b2a38db027486f66a3069d98fb53,1571042254112,1571042254
0x23ef0b513b3789e2deaf22035b560703812c3e39a69380bc3e87e16cf9c24ad2,1571042254130,1571042254
0x453d03cd44bb289d5ff08370b9893bd74fb989b63348f384cf7ce49d1178c11e,1571042254149,1571042254
0x682fffe769036f6f09ebcdb53855b3f74d75c1fdeee3f344558425ff7b2fd452,1571042254169,1571042254
0x01df53eef95f0be0afc06ba3d83d8025d215b5a89cdb7729e77a08ee46d0bd12,1571042254190,1571042254
0x1930b14f832ef55436830733bd456c536f7c33bdefd29e5a7e32496f41ce6ecf,1571042254209,1571042254
0x00a8d61249005cd22eda28f09457c64294013799a0f3d695cf9d1233324bf110,1571042254225,1571042254
0x256e851be642580670260511ff35ca67fc72a911911a2526dd40b0b5f1a8e9f5,1571042254245,1571042254
0x4e086b82805a9efa44f6dcb14e761cf35859b2bd01f3120d3f8b0883a7ec66fd,1571042254265,1571042254
0x72e42f2a3df45bf0b202fc5cacb0c0438b66a512327eee5664a63aa14469cc54,1571042254283,1571042254
0x251ffc1c056988ac9362327286f8973ff68619866b55f2bb7d7d2e5434fc3ed3,1571042254300,1571042254
0x3eab9e3d1a4da2610b1793171cbd772b05907b7c23eb466d563358f11a6a9807,1571042254318,1571042254
0xd2b6d91e35ddf2185316086160594adc60cc027d92e31321850586e53ca162b5,1571042254337,1571042254
0x8d1b25a9f0e246247221e27ad2621b9464f82ccccba8b0378eb5c7fd296d8f8b,1571042254361,1571042254
0x7c0f0e6f6512d506973edd1c6c76efd48d7e89e1cf17d94cd71fe13f5264e8d3,1571042254378,1571042254
0xda9955542905d65ec0905b8bca1119a3569d9e8e9d3c91d83efb1c11a06686bb,1571042254394,1571042254
0x0e20e957b5cc929060df4b9ca755398b1caf457c4770d56029c99ded6f353cfa,1571042254415,1571042254
0x82e8a48f7f61f1f012a72f5f1d621322923a9232697af579393d72192a813ea7,1571042254431,1571042254
0x97e956ca8297fd3147825579ffbd14df4bd309b9b558cf9e796e48ca3abfc969,1571042254448,1571042254
0xb26d133cd7b6fe153f3e8264b489f5026a989db8293ba4298bed2e07921c03fb,1571042254469,1571042254
0xfb603e083b88e7f6f8bb602db799a3f8a9dd4bbb2f02606caa5a6d3bd489b189,1571042254486,1571042254
0xb5b91d3abb65bc9bdc1f47b4e091bcc2247edc1a9244aaa2db31680dcfd5d91f,1571042254502,1571042254
0x2f772701152c88825de031b398bf8f597e6bd295b35758ce745a785893e3d2b6,1571042254523,1571042254
0x43a35142f097d99fea2e9c657f6aba68339ba4a78d0f65553a62e659fe6c0d6f,1571042254542,1571042254
0xee5beb77c114206109f51b64184d39a5df37bc48b1502934bb43b893371da91b,1571042254559,1571042254
0x1f729b352e5783d452d22496129a216318d2db30f9fad4950a5a0e5d0f065fad,1571042254578,1571042254
0x2e6fed91c13fa0861803d60431f933290edd2711bd15ed9e8c1eae52da085eb9,1571042254599,1571042254
0x5ecd8332ef7d06cd123782e96e9721097b654377135fa4e07ac9b8298b1b353c,1571042254617,1571042254
0xd27332d4b9581d13e146de29fbc9c077dad365ecf7245b3b136e18c14fadc128,1571042254640,1571042254
0x930eb544c6cbf7a02fb74ce0583f94ffab83c9b3f7d63add21bf9a63f5a36348,1571042254658,1571042254
0xa2b5e3a8a02c81cf6acad451d7addb0cb199ff0939046c34e4d0867a0cba4a2a,1571042254677,1571042254
0x94b481d829fa70978f0e92593889d5a1dd50657f1fa7859ff6b779f81a832494,1571042254697,1571042254
0x8a5e4e5be852fd2eb282ee81caaefd279750affc84b2cbe40b5ae8a728678c9f,1571042254719,1571042254
0x4ca1ef046b30c89bdacf93dcc37dfeb4ac15d53c71be0a6ac38d3aac26fd181b,1571042254740,1571042254
0x22a1585179176168f6b83471b50f15a722ffeb4c479c400e6727bcc27327a125,1571042254756,1571042254
0x0372093ea92387ff1aa22e5204264f633629f79f926fe9488eb79c9da536c70e,1571042254776,1571042254
0x30bcf69e0014f570aa08ca150b0e7d0abad431b028ba4d5d02184536b95b4fbf,1571042254794,1571042254
0x4a6693d0d208591a85687dd970a6b2990e4755315478033aee1b0e54ebcb23e2,1571042254812,1571042254
0x4cb8bf99052dd82eea020df6f35a87f64f7c14348c9dc1bd0024ea1e75c7e5b7,1571042254829,1571042254
0x3075ff68c886fb77b0dc8822c62293ebb6013f2fbd8aabf8ad0a2c26af472a7a,1571042254850,1571042254
0x515f4be7fe443558c264c6bffcfce04d61c399b0d75943929d36e7ad0d3cdebd,1571042254869,1571042254
0x018ce788975d8e40da3c0a7cb589d4cfbf4bc69bb2e3c6aa9da1e27bbf025725,1571042254891,1571042254
0x05078e86ca5911c4c06207e8436bd69241919e52ebc68fcc1b460915efc1f6a5,1571042254915,1571042254
0xc39f44d59d65e129b55dbabdd092b7a4a0a399f44633b735d442c7093775fb04,1571042254934,1571042254
0x4b3b374ad461ab2118114b5a2da0e0416a9e40283f9269830666e08f68335d46,1571042254955,1571042254
0xafad36e340f0322a1b63b1b540a7efb9111cb3d19d22deb841c456c20cd32526,1571042254977,1571042254
0x7fb648999e101f420ba8c3977094f40ef7b6c64402cb1d2cdbc71fd9226850ea,1571042254997,1571042254
0x6851a91a30e779e84390a6a2fb8d52e06dcc0ed9f8efa1f0717131dd76aa1737,1571042255019,1571042255
0x53077f586962888aec42236bde1a7ccb3ef0bdc6f2ec512f61da369d28dd9bd8,1571042255041,1571042255
0x5ae59c3ab6b7efc31818137d05c556aede463a77ac253205491815e55dd5c89b,1571042255061,1571042255
0xc0cbcd0774ff11488799fed331daf4f863ef31ffb0d3b4ebe204d0e0506b3b64,1571042255079,1571042255
0x7fba8d143389f2bd517a323427829fd6367b84edb5372b15dda170f63eabc375,1571042255102,1571042255
0x82bc76c7f24ad4dadd5bf96205711036266536b4b2c2e610629f7d20080c8333,1571042255120,1571042255
0x49fb15a0edf3ea13ff028da7272a9680eed75bc031f97b6549fe065d9a73217e,1571042255139,1571042255
0xf432486445cea93e6f530bec7fb3c44cc59bffcf244d7239b27d61cdd5feb65a,1571042255160,1571042255
0x08d172be103d43d7486a0d8081c014ce2c230d3aef73ec2eceb3b2a327d258ce,1571042255177,1571042255
0x8d045e986f9705bab05390f0bf0b09c18c614931c068f1fca60c597a05134067,1571042255196,1571042255
0xfaa81e3184f8943be27ca627f58e3c96c18359ee4b89d764b91c8d1b884ed3db,1571042255215,1571042255
0x63636a1aac3478559e93a2e480f2ade765b401c6ccb1a23c07789b5a91dfa1ed,1571042255231,1571042255
0xc089deaeeb62f0c0c94240d1594d345d1f304413a0c8f4bf5f54a2f9de96e3b9,1571042255248,1571042255
0x500a204acc9f68d4f3748ad6180b2a01ecac4d94ecbb2f96666009c26c5c7661,1571042255266,1571042255
0xb53f1715debbbab5ef738e9ef0d41665ca31fc7b8ffc63e0dadc1fb6b712aeb7,1571042255283,1571042255
0x8d07827c49810aed815642c2eb74c0b8109822ce05142fb0adbf6228fc388abf,1571042255303,1571042255
0xf46f5ee85d6c10550381994cf7f53300fe907e64b8b95a0e56ffec695d8a2a4e,1571042255322,1571042255
0x707c2cc4a247018b106574cc79e76e329994cb80500b4cdc6ff45885e0013036,1571042255340,1571042255
0x8e32bb2aa583cde7c97e03bf9585413d50929d97f188136e6befcd6fdb1a34d2,1571042255357,1571042255
0x92d3dd195dbb1111d014e1317dad33dec68e7e28297536fa5c1d0fc119dae811,1571042255379,1571042255
0x7d2f773c1bae322c3e00c9b7414b54c5a491946df16a6d6462e274b78b3407b8,1571042255395,1571042255
0x6cd13714bdb6c60264b05e904ca0934df8aad4771b7efadeba41c941393fe21b,1571042255413,1571042255
0xf6f362306ed8291c210bcf19f8cb4607696e707d4c3c1ed623ee798212d977d8,1571042255435,1571042255
0xf3be07e562015212562a026c47cc72b7ab855da49462db09b240c4f83f0b290d,1571042255456,1571042255
0x38581c7cf1eb0a39a06106e5b3086033aa6e619d0cc057c748b249795a92b69a,1571042255476,1571042255
0x442ffd3ed0d37565c6593b8a457b8407e3dbaf4896e0a8422941fdc251fdc85c,1571042255492,1571042255
0xe7bf95a18398dc34db09939fca93b8722271e6c444c0717adc321b8222782546,1571042255509,1571042255
0x866dfb86873a039e06b5488d1337203c10a00bcd02766f2e339e5ce2618f5947,1571042255526,1571042255
0xf654d80b6e39105368b0845ef856ca35dcc1c187c9c74d668deeca2e2df46193,1571042255544,1571042255
0x985bbdb4550de6b770df19106a1cc7c58f6daf4491f0c34ec6d4af28d623f923,1571042255562,1571042255
0x74ed784eb51be6be82fbf99d6b482569d9fc8dc2c5624eedc0317580e7354772,1571042255582,1571042255
0xf3c200b7d4d3b8814263e2e440b2882f9d3b0233631bdd1e834c831a7bae116c,1571042255602,1571042255
0xbf87dbf20919a0fe9b08db3c4e3102787d32653ee5f2525316e506f4422a09f6,1571042255621,1571042255
0x22db5ecc5f79cde4dcf5d71b4bfdcddcbc19d20627332391e1132d3c6aef9abb,1571042255644,1571042255
0x5ccb13a1c498a68698c10403901a52c1e695b2ab46c1808967d846517c16aec4,1571042255660,1571042255
0xff5bc689b40ffa58137085c580dea35d5b2543559abf5d4f59d3822cd30c7c09,1571042255681,1571042255
0x02dc5cd235e4ad7103dc653f4e3218128167f925f0cae918123a4259d8c7177e,1571042255698,1571042255
0x6b57ab08a2691a9d60467c706ecaea13164b751744d1eb85b9dbd7b01f88a10b,1571042255718,1571042255
0x878c826526e005adff495130370937e581911c511109466072a5a53ee41c8e66,1571042255739,1571042255
0x2ff8f01926c939fa1ede82fdec76444d65ea8a204f39255680573f19cbbb7103,1571042255756,1571042255
0xde7d633dafb9863bfb865ae669be76fd1c455fc78690c82191262049431dcc82,1571042255774,1571042255
0x439ad4a91497fa5a9776431dbfa121998b948d454a975afcccd5f2e156604ca9,1571042255793,1571042255
0xc3806ab4b6b65769c9c613099e259144461dd5b88aedcfc277ba9441091a0f12,1571042255815,1571042255
0xb69df1f01841d1ef99172941af058f8b71b18aa6c03c9b80fcb4b2118dd760f2,1571042255834,1571042255
0x3511cfd1df959961e3bd085383948ce4de2953655f111c9e7f90f6bdc4f66714,1571042255864,1571042255
0x51c6322e6e52e7a04c0734198c322690227f84d354ac133aad671f0f50d923f6,1571042255893,1571042255
0x17cd42664025c182d5632d0af98e01abec3efcdb855419184eb5922229c76990,1571042255936,1571042255
0xa71d4f18a664bfa4fa5c5dbbdf5a0eb47f65d23b4af30a049b0f3ebe964c3cb2,1571042255980,1571042255
0xa4507f67139017d179d9bc96125665a6e9559370feead673323c7e1494e6b68b,1571042256008,1571042255
0x992eae13ce253e0429741e8444b7d67bef5c1bb102ca9fa1574f6c6393a0c9cd,1571042256035,1571042256
0x491bd61304bc7363467afcf5b08625987586a7f367b70618587484dcd65c8094,1571042256060,1571042256
0x7ceedd16486958cc99accac6a04e4eecadd699fc17b0a4c43c7519a74a944d81,1571042256079,1571042256
0x7a066a1818363142b5868760dd0b477e1b9cabf077524e34759c87fa29649cbe,1571042256100,1571042256
0x78b32bb89ec0af7a5d0828ec082b548bc46ed7d05394eede18e937c4619dbac8,1571042256118,1571042256
0x3cfb12280ae471644a993a9168fea7b96db48e378834cb9f06d3343812142ca0,1571042256170,1571042256
0xca3f1909afc115188e4c6ccff840b2939bfca56e9e5398fe1f7cdf8d2b82b083,1571042256197,1571042256
0xa6eda13da96d2b9bbcd62cedbb48494d15c37e90379b426057f80c4eb8b600b0,1571042256223,1571042256
0xf082ce78eacb994afd4756426d2f3f5af1ea49d6d1abab1e08060cace9d8208f,1571042256248,1571042256
0xda0fc436bf1e183c31059f7835c81bcdb262d53c14823980445c3a1df8caa941,1571042256274,1571042256
0x7d6b6302f99bd458a58557d2cc85f04e336c2db9b5c575e5dff291aabf7b6cdf,1571042256299,1571042256
0x30e43195960aa57af64d7dcca6f0964d28f3bf0bd14aae4e4ba57e34f2188f0b,1571042256330,1571042256
0x7d61322743ca96631938568f7dd9d14d9d1c8d6dbcfa9ea97cead3f5f560273d,1571042256356,1571042256
0xf37c4fd6d221c2d8a2fa8bd7116c2d6061a4f8469acb352e4413d1a125e66b84,1571042256383,1571042256
0x640032ae0c4156aeca542b303af0817cd7f0eb6d99be3a5bb6e67851bea33318,1571042256403,1571042256
0xf5620b4b1b91c117806f44468c9eac52c888093b059313e24ee505e29d73c168,1571042256438,1571042256
0xa3f2792350e481ff8f7bdb6b21849879a61818400899deb659ab629e13d9f557,1571042256472,1571042256
0xa695f0b31d0b2c5007504902652dc2fdec7c5ef61c069aa577cbb624d63b9fab,1571042256503,1571042256
0x1ca83ab5e218739ae8e1377e4168344864b65f86c4b99c2ab2c659a37928de31,1571042256531,1571042256
0x1f57ee43fa3770bae85ddb84b6852b0a1c34b39528b3282cc6685eda4297cb89,1571042256551,1571042256
0xabf26305137fdeb5efd4bf61f4fc318050df196aedde15d50e5743286c8d308b,1571042256573,1571042256
0x727181a6b129694b65f965a93e2a784360091d38548ce7d3388fd2c1a0e07ddc,1571042256597,1571042256
0x83f276352a5876d59d8e72cd5fcf9e2c8448bda5170a1c7a5dd5adee88dee382,1571042256618,1571042256
0x2c5530c9450486e48d55e2e08d1027e90d4d2ef30cb536fa2a8a082130e03e87,1571042256646,1571042256
0x3fc70be0fd301c422406697da7be9d57ca0d2d35103a912ea3c7031ae97a9373,1571042256667,1571042256
0x1833098ac5badb6bdc170951ee925703cc7f5e5219245af052bdc77888684f83,1571042256689,1571042256
0x79d93f386b7d65ac2523620d3879ab4018d82545374fd5ee139af601954b2ca8,1571042256716,1571042256
0x07d26a7d762f9dde3ed4e0b56b35db60487a26a1fbad28b5e572696c0a6ee014,1571042256740,1571042256
0x4c84274ed521805053304bbe4eb76e568db1f72970d818a47d5823471d4f1a6a,1571042256761,1571042256
0x74ab2269e0b6dc4192305d343a90546305d502f26d28bf0d3b94309ce7e1263c,1571042256801,1571042256
0x107a648b07f2d279c478867eca78663621a1892a6a41e47b7106def59ed093ec,1571042256820,1571042256
0xbcde3188f8b6f50bdf152c9e25a5ece640058c58bc895d3133be2055dff81751,1571042256839,1571042256
0x144821fd8f76000371f3dd5e651a649ec7040297b7775e28592873ab446ffb20,1571042256861,1571042256
0xa8607bc6ac27931b2468cccfeb1572148a08c2c8187b3d25de7c13e875195de8,1571042256881,1571042256
0xd15b6f929394f5542db35b7688f1c74379faa8a9d46acf798c38cda69695f42c,1571042256903,1571042256
0x78c68a64161f0e44a2005a583b109883f3b6614975bffc7e15d112bd22aca99f,1571042257014,1571042256
0x2c9cd31416a38de2ff8cb88d93dfc63016dac5c6799ccb0e33ac6b36a6218553,1571042257047,1571042257
0x531b4cabf8d0a84d559d28a84ff94e335172e2ed8aef805d785d0f45fa21adfa,1571042257082,1571042257
0x8021e7f1127b8550ea7e54dbd36e9d659f7faef78d3d1cb152efe3763b47df6d,1571042257109,1571042257
0xa86a4a72da5292e48f1d53a4be8a4888924df2f92a5da6375caa3279b42d60c7,1571042257152,1571042257
0x73759a0188e93cfe1e459383d36389505b8195394dcb448b61cc568e6094cc08,1571042257211,1571042257
0xcf9a108e37835a6210ffa59050c2b98db9f56340d395859ca18f764fcc82985d,1571042257231,1571042257
0xf045f4d3a8017732ab97f440fa22a70d9e71212a0014185f57429e5c44ba595d,1571042257248,1571042257
0x698afc8d32792998ccc2228bf17834615c61dda01db16c69b2ae3b6704ce7b61,1571042257268,1571042257
0xb67240be2897d8d799a76818e9eed74545dabcef38f8e4bac16fd2fc668aa93a,1571042257290,1571042257
0xa9277b966e62deac20cd24432fbd9ef2ab3f9722a43897aac5e13d4cf8f05caf,1571042257312,1571042257
0xe58364e10e328c1c1eb694d54ee7cefc14dc1fc1507dff654e75fddabbfbe344,1571042257330,1571042257
0x141fdc3086457b1d7d3ce293437461f58b029210a931b2277083ec8be5a80081,1571042257357,1571042257
0xfaf10e240870729152ab14baeea0a5770c98be01e232c621ba7c1f78cafa052b,1571042257376,1571042257
0x7e0146c1a478aef5665bad2ba6ef164cb0a984de3a706a2682f754649e7028bc,1571042257397,1571042257
0x8b54cdf9b7ee73db4e0ee809ea93dfd8e838885eb809eacb0404da6c6aef44d3,1571042257415,1571042257
0xf6f2a84979fe9230124aae23c71640f3df8c522c329d3fbc4a5d48814338a8c9,1571042257436,1571042257
0xb3d10ab8d9ee629724d186bb82f1515ff34cf818ca0047ea9a43f99df18b99e9,1571042257464,1571042257
0xd5c473d5e3f15788cf8ed9b9ea29ff82e634662ae92564316820165e8ad83f09,1571042257484,1571042257
0x31e9273eebc8d64886de566eb7ddeb60a67c57295a8176936d268778222ac9f7,1571042257512,1571042257
0xbbd226dcdc62e980c4e27761405c77f216a91e4679c912a243e1b6860f67fe24,1571042257543,1571042257
0x812ff54415b4b104a54fac3d30085ee8fbc8a97ca0f53570bda06ba2c3896cf3,1571042257567,1571042257
0x50d7c8c7adb4cc9c342478953cf4b3ccb7a5bb32977d43d391c1693a04d3c9e5,1571042257590,1571042257
0x37817fbf263e9937976202d557f9919c6172af13feaa9858d63408b56ee39588,1571042257617,1571042257
0xe05d48ea19d44cfd0e43f4ed229d1ac045ed49656ae70c6f5099148735a9de24,1571042257640,1571042257
0x40f4cb17d2fa9814423f1d01326898d394b856065e857cd493d9929e965bfc18,1571042257658,1571042257
0xa50d95f15df58fe517ec4316464423a3178750b9e24e3cf4092fc68a32bd006a,1571042257681,1571042257
0x01738963f4df6023aea0187e69ad4f1ed5302ab9f6f46dca6d3ef521764b55ac,1571042257699,1571042257
0x7b16d1b8f2f672ffe9419eda804545a1401e75e9feac690181fa4f354459021b,1571042257721,1571042257
0x2c511c213a83ef8891952e8deeb6053dc7c4e800301a39e5db715144fe5738cc,1571042257740,1571042257
0x06da4531e5d493afba46a02226b4f6a994eb84c1fde7e903fc36584c6520be30,1571042257761,1571042257
0x6d863c68a8ac07c552df9b3ae6f5cd00723cde124737fa9708342e0bfac5a77b,1571042257781,1571042257
0x2c840177395f43ed811ac9b81c61bb65655270dccb6a7b890f6f78f1e0b0b968,1571042257799,1571042257
0x3351f3a022dd02a4a4da05fc1dfac7b86e59d4a3de3b7c8a0dedc7bc5cd28582,1571042257818,1571042257
0x1359386b76863e0a757aed5bdcfcc27ccad593267798307568e53da42b189311,1571042257845,1571042257
0x9520652c9c531c8b21a72a85dac0e31532d78cdd7eab25d0a94aa7fdeba379ed,1571042257864,1571042257
0x15f213b2e6b0fb33065de08dd90f5f4b242889887d505ceb029c07d43e947529,1571042257882,1571042257
0x1f67c69965f6b0f751817257791e688d1d2e36559c71207284244d3362907f8b,1571042257900,1571042257
0xc2e0f924b9c1ba13d2e50cbc9892c6dd93ece52e106620f48dc9e2feb336833d,1571042257917,1571042257
0xd1e7bb6741257057b96a19647895fa59694c60316e37c6999e5ecd8eace26e6c,1571042257933,1571042257
0xdd4ceca54152c9d2747f1227ea0e8e0df88cd2a6615dd2f637642b50f482b1ec,1571042257954,1571042257
0x817bd9f48d6180f592a8bc3c840f68c06a8c7e18b176372b640f9cfd033e9dba,1571042257971,1571042257
0x0cc62589a1c0e8e073cca61301e5cf0adcff98ba8c8e3e99596e97636cadd723,1571042257988,1571042257
0x56bf273fd6ec3d5f01c1221f028b24fd56d3cc1afec50e29104792ff01365ea8,1571042258013,1571042257
0x388ac42b75226d9b9d92069b2d3075d03cea5c932d95fcf0fa6bec8070800f7a,1571042258029,1571042258
0xd040a2509da96530e537e0729f3d0facfa5515345eb8c37fbe29e7fb4a71ef40,1571042258047,1571042258
0xba4a9c41c16247adce6d39ba50377858963ddf87b3ba72b019bfe0de9395800e,1571042258066,1571042258
0x9b925a8edf324902dbb634537de658b812ba834fbdb18b452e34b6908a81908e,1571042258084,1571042258
0x47d0f3164bcd8b833fcdf337882f99f68c384cd7fc31277efb608cf8dd367a7f,1571042258109,1571042258
0x53ee9eed8a259ca6891fea4caede403de6e86ffc2ddeca9f050aad84ba6b108e,1571042258125,1571042258
0xd67f252a44676055f0b7cf75fd966602cdfa952e358337e02ee11b8f370f87c6,1571042258144,1571042258
0x3b8b8edc1627da24fe4a96d1106b470f1df43cfe810d7aa52e1cbcde3e99799a,1571042258163,1571042258
0x1a9f5c856844470b881f43d7fbcdbdb4777deb81eb0e4494e7778e0d1405f072,1571042258182,1571042258
0x915cfddb8315b306d4b30cb11c220e27999785f543a8d9174f70f4474e2259fb,1571042258199,1571042258
0xa2e2e018fca19d5cc87961d62e67fe9fb9b145ce8d590a810bf5619fae868231,1571042258220,1571042258
0x47d0d40e6ddb1ea0b7a22557b7fe87e79db620768d1b4f8214c030cb7d3975e5,1571042258237,1571042258
0x620cfeb488e23afbccf3521c7e6499c49c2ad682d28b3587e9b3513be631d511,1571042258256,1571042258
0xf2259be92d9b48e2909cbcf95b432f3a23fc028c1b963b6bc187244a0f07322f,1571042258282,1571042258
0x90ba86c57b8f7fbebf007743a1d1c759a9d0f3ad9eb412eb71c9a2f35b74154a,1571042258298,1571042258
0xaee78fbb1bb14fbee5ce61ffcc326ff9cab7f7f703c4f82aad6413d1d49031d3,1571042258317,1571042258
0x68845d9076282c91e70ae20bb92bbabd82c60aa0b4463f1de63dcd597e611ba0,1571042258338,1571042258
0x8f5ef0e18d0a1ae6065bbb366b3f06163651101d4200d70ae9c456843a067ae9,1571042258355,1571042258
0x2a5feb2c0391c8d76507b8d8a74bf189949781e13364216751b1a6a403f14aab,1571042258371,1571042258
0x7d7670d422531bb2dacaef65ba20bb3903cda9e4a84eda1f65dfea9004c9cd99,1571042258390,1571042258
0xfd6aa2d4dcb474ae32608a1fbc0ebc08ca8fb948753e4bd162cb8ea7f1d7db5f,1571042258410,1571042258
0xfaf1ffed985baf19023e75260c7aa6622641b4fdccd555335d7b29efd54b08c7,1571042258427,1571042258
0xe8fd1d48602cbf1e2c396b7b1671cec667a5bff700f1b7bbf46a5bf48943b324,1571042258446,1571042258
0x009c91c27371b92959c51e5cf9cc1fca7f40bf773bf492f34effd8a4a8557eb5,1571042258465,1571042258
0x80a08702876fa7c32257718c667abcb336bd72c78c1e08339234bdc1785e16a0,1571042258483,1571042258
0x60f1af7a164e0ad1aeb6cf2a400d0ddcca9045e8fb02f7eb452563683af08a34,1571042258502,1571042258
0x006a2cbe0603938e8133da7777c5516ae87e2dff6a051816e6574cd5925aa727,1571042258520,1571042258
0x0c0623fa29fd0721432d2745567568ddc36871c0d24f3f7080a29cc9c425aaec,1571042258539,1571042258
0x7efdd5fbe7b7f15e66d81037f4ca2b3ed90e372624e86fc6f1bf186d9cb59117,1571042258558,1571042258
0x365e21f02941b6c150e1eeb865db36ddaa715e796e323e7b7132e02e662b9b3f,1571042258576,1571042258
0x615d90d6f7d8083474eef8c6a4d1001df41a5ee714752dd4af8185697806e1a4,1571042258597,1571042258
0x4acdf5267a5d7c1fc0977421c8c32900ec17e1633848cabe83896abb1a8a5130,1571042258619,1571042258
0x68527d8ba018ae1a874be8351502c011b3a61bf8adadc166f9c81acb0d8feac2,1571042258638,1571042258
0x3f95dd19dc97a63e8ef988354055e044004c93d2ec9ee6404f57eb99c5869b85,1571042258658,1571042258
0x7748dd7bc6810868803039bd6ea61823c9fe93948a261f40b6e48b5c7c846b2e,1571042258673,1571042258
0x116281ee1f66ef609ec79d169196507324602abba256b258afa53ff95c3b1a6d,1571042258695,1571042258
0x24f8f0c084ef963ee94540e4f4a1dd7530529a754e307d98d812e89418942edc,1571042258714,1571042258
0xb1e085e20c3492c3339b81e00554ec88e51faad74db6cca85fb9bcc4dae053ec,1571042258732,1571042258
0x122dd72e02716303dad6fbdacd73ec8f5eff9b740250d737c63f892932e744d0,1571042258751,1571042258
0x218e4913e29a7d5034466ed063e69eb7e8cba0aaca4b01e6beef3a59afcad8c3,1571042258769,1571042258
0xf2ca92c7d6dba220479d6a4baf6137a77405d955414642f98863ff4f0f5c0a6a,1571042258788,1571042258
0x40003821f0e5516272a398ecaf7c52bf1cd42e70703d194a77188a410a693b49,1571042258806,1571042258
0x657b44acc6997f0e7ea561671ae429e3661b7db08df4c03d829a451236ba4e8c,1571042258824,1571042258
0xefd7c84be1a2da552373be87e5be0895d9a882a3af4927bfb99d5dcb3b0ed839,1571042258840,1571042258
0x297f23ee92140ece017e7766f387e347833cc35431f4e4746bf9734d79e24934,1571042258857,1571042258
0x4904172175e02fa902fa970bb9d63c41dbce6567ffda3ef9cf189a0f20bb028f,1571042258874,1571042258
0x7161faf74652b686d2c5b656a0ab9c637d5c73e0f969099b0effaca5fe49cf23,1571042258890,1571042258
0x4bab4f04350ad65704e4e1c317e636e7edf44cbc56ba21d005b22a1afc048bfc,1571042258906,1571042258
0xea0ee44aa8ec5a02ebdcb358f43fea6b2c68e099ab4be84d7cf8190c9757b133,1571042258924,1571042258
0x03b30dfcf7417abeb377daa0b2bf73bd7fad6066365e797ebcbe0a7665543b41,1571042258940,1571042258
0xc5a698a76b20a1364de076c6a50e225bbee4273667866975a5f4f92d457a7c6c,1571042258962,1571042258
0x1b17f36115708c805a1de237ed828ccf781b0d9ee37d23b1f47ff21e451cd4b1,1571042258981,1571042258
0xe8a455d012be3751156067d1f41fdafe4e3a01e80acb0ed78361912947f3e5f5,1571042258999,1571042258
0x074d3592b72d45b970e80e2b790af5f7a4a43c254d3c368bceb4a1d63b9f95f6,1571042259021,1571042259
0x4a581cc60d6029996c2a6903086d605777c99ebd7f337559bd83cb7b02ac9515,1571042259038,1571042259
0x506f136d0e99b16e801c0b5b9f54e97f72fb9ea2d10d0aa62b5ea1df9a10f4be,1571042259056,1571042259
0x63ec6bd09d3a0840fa93c3e54674c281b073519829184321aa099af2aaf35c65,1571042259073,1571042259
0xb2582f667b84f55cc08d283abf3fc0a485ac5243726c0ba0262107f038ec6326,1571042259097,1571042259
0x073307e32bbcba5873074c984b945921ed1bcc869500c1d6ace7c65c393b7f22,1571042259115,1571042259
0x61d337c2caa02885ee64aaff22fc25b6ea4d3a4413eaffe1e9ef18c54374af17,1571042259132,1571042259
0x71992f41dc56d86a2566425dea3e15b4a4517db41a7b2bc31ac30eae7571261f,1571042259152,1571042259
0x094f8c09b141363ad89388f934d879d3405f42a0e0359b7ac371ca0c2538f72a,1571042259168,1571042259
0xedf3b5281b2c5e351634c0b9e9f592369d15b52712767e0ea83d39bb788188b2,1571042259188,1571042259
0xa7db455bae15ad8843d7e86fcacb01cccf7bbddf205945883cb2c888354652a9,1571042259205,1571042259
0x455c86acce67051572fd0972b5c3c55b5a3019e92ccb85f4088090fcf0c509ce,1571042259221,1571042259
0xe828e949dd52f12220796a4fb431c6c8aedc5f86e1bf57961efd5b57c411af2d,1571042259240,1571042259
0xc4154aa18c05072d65fed466d95a0ec182390e8d0d664308adc923b941b9820b,1571042259257,1571042259
0x6ff1f70bff47b5a14d5874892643cc41a6eb1694748adf746205762a27af80c2,1571042259272,1571042259
0x768a3f0ef269b96213b5fbe4c3b40236e0c5257ba2af9c31c771cf2c99b0028f,1571042259291,1571042259
0xb86030067c84bb8b9d7356ff3fe4d2feef8584e9bdd8f0155562329f39cf6bf2,1571042259308,1571042259
0x9da03d90eb9faa3e5242554cb914076bcf5df4b1a9743b6a85565b5af7a60f27,1571042259324,1571042259
0xa4b9bb5d50fef14334cb02c9906a9b243a1ba0def7eba598cc93aa12bc1f5ca1,1571042259342,1571042259
0xee87a9eda5166636d2985741be2e5a2591480911c6836f4baea3588fb39e54c5,1571042259359,1571042259
0x4f931c7aa76a66b6e6b789f2cea4129aed7f4ffdbc2b149c6411adac0f7a79e5,1571042259377,1571042259
0x897a9038de96e0e5b47e5c396b94c0ec6b6e43e609f6ba29d8193d66384632bb,1571042259396,1571042259
0x7b147dfe596811989415c3c46ebef0d690ff7dcfa0288de9406f7f58cc3db0ca,1571042259413,1571042259
0x37397ec3dd224b8ccab24a29f65c9e4bc0dc64247bf86c0ec7a53cadb7eb06e4,1571042259431,1571042259
0xdac2ade470ac959d58a901d1f782515723ad072867bb3df2dd3c6310978b0211,1571042259449,1571042259
0x7193527f38562bb94b5cadab21e46a5108d1f9d29e16707757f396023522b48f,1571042259469,1571042259
0x3ebe3cb5c4ef911447b5a3687832f62fc263babca40d5787b1f7ed2fa7ea2d61,1571042259489,1571042259
0x8cb41e2f2f6caaad5ef2573e0312fe106a7f6184a426b55b7226e7b81fd47248,1571042259511,1571042259
0x3dc27fab210040ed51e0e8b1948711cc0d33ee904e4b51248f6f5e70b4a09ecc,1571042259529,1571042259
0xb7ac67d97c275aaba35abd5184364c17dc7e7bdd2acb548a1ad725d5c2ae4f1c,1571042259545,1571042259
0xb376768426d73e3579cf1aff46b12ab7f595c47cb9ed47f2765614fc091ebe10,1571042259564,1571042259
0x3e00bc5f8a108950780f45599d8ddc155d0e42331620d360ca7fdaad2350ef71,1571042259580,1571042259
0xb8133f2104f076e7ade2ea8a459998fca7aa0487d8eb6f53f5dcc37423dda64e,1571042259602,1571042259
0xab05ddbe188794128214ab99c8a1a34fd9a0c76dff219fb7cac6acb869bc2dae,1571042259624,1571042259
0x50230d79cb4a10220cec5f03a3826ffe5e560e9a52b1d5fbf9ba1f39c754632d,1571042259644,1571042259
0x03c70c62f02a7a39922a2982e56a6c31f15577e220643a6a73ddc78776ab50a6,1571042259664,1571042259
0x88dee23141d8ffe958ce87e6098bea578965ac08b6d953f1a35fa7d7f87eb327,1571042259680,1571042259
0x7283d0fe890371eecfe3fa9613fb67c8194dae624f6f7ed1a698573878aaf34f,1571042259698,1571042259
0xa483062af60e6e7ef3ad483dc91f905a3b2a6c67a45978787561972e940b7d58,1571042259717,1571042259
0xebeb95c6c6113eb7e7b0e9732cf43ba9b455f60a36bc51a8ec8cd5384664c994,1571042259735,1571042259
0x5cb46bd9a723201cd49f80ea5f27c1620c9e9390041e3d9270f7c01b323e330f,1571042259753,1571042259
0x637f8b7014258fabe64dc0253ebae4307d8058de7b1cab457e7ad937c7025407,1571042259774,1571042259
0x85bd345be702d8a0d1648523540119a1c3355b45651f9f1195fe908849855008,1571042259790,1571042259
0x3e6852714d5e96d84adcfffd75c2d62f2e9b63a431d4caae1db06e90838033b5,1571042259809,1571042259
0xb06f540142ff7c2622919134b1828cbf4b3458ddf76d30e737e612a0fd18c1c4,1571042259828,1571042259
0x75329e3ef4168614042f02249d93fea7a0d53026004ab9df653ac1a80c91331e,1571042259847,1571042259
0x5d7bd720f8ca62c65c62d5698d3d79f7887123dc1ab578e17ad4ea072af1e128,1571042259865,1571042259
0x0b71a2886fea3d87c7e8db5772ce97a046fa73597b869423e82fe7a5709d9877,1571042259886,1571042259
0xc1bedc92c0d15f4fd9eeb8f8800bd71d12260eb012a3ce227f2f72ee3ec2434e,1571042259906,1571042259
0x92a77327895279016e378b48879d91a110bdaf876f21cd181b835f68176ce879,1571042259924,1571042259
0xefa5de351fca2d9fcaa91b98a3d49c96e253d6f9ee70c60c59a751e16932216f,1571042259945,1571042259
0x25e21ed7edec56ba3e0988ae070dae9e24af0f6c809d51081fc53f9df080a185,1571042259964,1571042259
0x24ed583b84f105ed02cd2b18a66ace3659d6a0d77fe1160d373e83c6eb5025df,1571042259980,1571042259
0x1bfd8c2fc4e3482da61e576735d9fc17057ca161fc0485e21ff84ca207d3a1e8,1571042260000,1571042259
0x519cd625f79a6fe1510c94fb1c5c1dcb5324b561faf0ce12f96f93324bfbd808,1571042260018,1571042260
0x894593d76e96f7ea81182f16fa2018fceeee9b5a6830d8934b75f3ff503efe18,1571042260034,1571042260
0x748aa2b07c29dff5c4bd5262ff0d8d3537b649aa2405721d9c221cb8a527a358,1571042260052,1571042260
0xc13b5067c5c7a5ce82a421b057be365edcc60b1500a1925d2a0fffafdc8660d4,1571042260068,1571042260
0xe85deed66be92defb8c1872a3140d21e107dc2ae0da5dbf12e53116e56ca5b56,1571042260086,1571042260
0x240da1c613b4e6d3b6ef18bd84963913034d714838728a8866163e307e2ca75b,1571042260109,1571042260
0xb265a890db733b33c63f9bbadb299be0b450850dfe3ede7900d12c801d913e5a,1571042260125,1571042260
0xe13af9ebba652132eb4bcb4e111d717cfae2fa9c7a527d60060394218aa37355,1571042260147,1571042260
0x575933534ccb890f5cd0e72b6549eec095dcd68539e98e97f2ad90341112c366,1571042260168,1571042260
0x0c6749ae5d473fa9321d4a7200c1cc06e3d2013b63588923fe061c8ef6052dfd,1571042260186,1571042260
0xc345b59234e96e2080301e161e567af19ded0e89daa31a71d7c5db4bbd26942e,1571042260207,1571042260
0xd06864fbb0ebf80c41c71090d30704484f08db0cde40c0fe8b49a6998a99ca93,1571042260229,1571042260
0xc7d2145476828fb040e8bf4cd40dbfd0d588258d70c144ecdfbdd2194b99e98d,1571042260247,1571042260
0x1604e887cbcba7809cf869175e61931668aee8bb8e5a26c6ef0f4947ac8c9d78,1571042260263,1571042260
0x4592342a091391d5d89982d32b388f2f6c5723088c89c9e5a0bc93c222a35332,1571042260282,1571042260
0x6045ffb7a0d25cff1f64f444ebced69a5feb392a0c3d6731fe4f45cc164ca2f4,1571042260417,1571042260
0xc1f2ea273bed5f2f568b402f1319930ed69aa54e3d69bc88d2abbbd6f1febdfd,1571042260438,1571042260
0x5377009f2e7c2bf80100fd5f9f0a949b7db1f70320a87e906698657f2b87ac75,1571042260458,1571042260
0x5d4b6d04e1d1a51e4deb8ac40be3447956c4fce52df91320818ae749aa344aec,1571042260478,1571042260
0x6e9cfaa1430a5663f5743fa6de3ecde7d438212d2570ddb629ed70dc292d7df3,1571042260502,1571042260
0x3af9b796de83cdaab4ed952350e8d5e604c515480c053fa7161d3828ba8fe32a,1571042260521,1571042260
0xd3cad7d578befdaf8dc1456f8ceb13618b5dbb84c59f01ae3d1741f9d75a29e8,1571042260547,1571042260
0x3d8f97ef0e8c06b167f4e1bbd9d124db4f2b0a63f0e6cf9fb2d74d453e3e9c7e,1571042260568,1571042260
0x63a3ae9160ec93edf699dd8d8bb8626a016a093c4f70f4cc153d7995a8a5381f,1571042260589,1571042260
0xf0d33f434a68b1ea41063e40f1350d5745875ce577a3126dfd8af536a5dec576,1571042260609,1571042260
0x34bc86209758e42e929fb360d32bcd0b4173fcb7b0ea3b6e9a945180b0dc47f6,1571042260631,1571042260
0xd5d0d9726e721fa66413d6e01d008333b1b9a1be1e771ac6775385e88894731b,1571042260650,1571042260
0x6f95bd2df8217d5239addfee7479d4ddff0d357d041c8acbc4d58714214bcdc1,1571042260669,1571042260
0xf6ee936c217e02a87ec416304c02bd569346cd5ecc8ba35a15841b493e4184be,1571042260687,1571042260
0x2bae619e57d80018f551c29f384ca56cbc7bf9eee23e29b61a23fa35bdea292d,1571042260703,1571042260
0x9a9b127c5737f717478165a51172b3065a8ebf17013a67e497157fd1a6d1faed,1571042260723,1571042260
0x41d9853bb9062528ab8f46481456994dfcdd64450d4f766d206d1a954ddcc12d,1571042260740,1571042260
0xce9a1159c95054bfec1e91c3891f81853d6ca8db12995f6a22816692731ed4ee,1571042260760,1571042260
0x587ff2bc7fffb1b2a20e4370caf828c5b2cc8ef4c6550c13bf09fa104a877aad,1571042260777,1571042260
0x09fbb8bb06f769e29822a1fe52cac2e0ef138eed905344da84860531b11c2e19,1571042260794,1571042260
0xc2096b6d986086fb8e01303b485b02eefba94f1afbf9c0f9fcbe06b4027b66a7,1571042260815,1571042260
0x816efc371936553acaace4d6fd8f21c3b193cced110f4494d9376786076e7081,1571042260831,1571042260
0x49671e7870a35449cc88800ae4ce2d0679207c4a25cb5d62049f0fcb556faab3,1571042260854,1571042260
0x5e6a205e659642ffddae928a36ea2234acb7bb6d5d30425fb8e37eb6234b1faa,1571042260872,1571042260
0x2f2c09c1a69ef279473c312ed3e076400c88cbb7e4a9d1f97d92f52c32a05f0e,1571042260891,1571042260
0xc6d2fe4514d8cfa505b0e53eb548d0d95dd3f8e05b9949cf3070accc023c2405,1571042260908,1571042260
0x8c49d70a607ff49d26080ca73c9572d02edfe20aaa960c388bff89df59ebcb5a,1571042260925,1571042260
0xbc7c8ea904430f409aebf776dff75460fff213d187d63ded21667e79acc1cc24,1571042260943,1571042260
0x3f760b1d2391dea8dc81cfbbec26ad3d7735825883a4940919f6a69f04d8b9ed,1571042260961,1571042260
0x6e82837ca828abdf60a44a4407a5454ff25d9cdf6825d69e49bb139f16414d56,1571042260977,1571042260
0x0257f34f91b13532a82948f1f250bf3f4e8d77bbc272cbe9a12ca487a6d889fb,1571042260995,1571042260
0x8a12e045a6d07cb1c3915e21605ec9b8d80cdf6ccbe4583bd735e249c52a8a3d,1571042261012,1571042260
0x330b1c3a2034aa55564c66189f5f014338b67be46ebd1a221dc6b6ef2d4f25de,1571042261029,1571042261
0x0c959a4d9049b448502d4a4d1c9cf1eafac2b098c2d3f32f3465549baafbbce3,1571042261047,1571042261
0x6e4c0d2607a7098c3059bce7a404a5736d5e5ecdfcd6ee173138e4c14990ad1c,1571042261064,1571042261
0xd90f27a0ec0f0d487e1faa43668eaf0596005eaf205618fb7e7bc0f038d90ca1,1571042261080,1571042261
0x532b4adfaac559229f6b558f064338641443f4ce04842fef00c3154db8be40b0,1571042261104,1571042261
0xec9a8c3c7717df2aff0695bc5d9759fc63f43bba71351d5c51779d506746a709,1571042261123,1571042261
0xd9c6207a5e64fdcba47c4cbcadee0daee21f9a8542663369209a169327428f0b,1571042261143,1571042261
0xf3a7a82b9a03b4115536c2600ed42d3c1e6538e5ca9df70557768f240647c7dc,1571042261162,1571042261
0x5fd9cd89940ab57d4113c4a8aa1b2b9d97f31d9416eac8add77ef477c63c799b,1571042261180,1571042261
0x15da9064eaf93bbf5a7fb8722d4ad1fb6944f9ba0eb25f2db62cdf2af9cd99b8,1571042261198,1571042261
0x17cca124dee6f5acb1724aa51263abfdf60357f8cb355faae11a43231e12d57f,1571042261220,1571042261
0x49ca210923a1d2f70678f94800ca62087865fb57707964642aad39e7f6976ca1,1571042261239,1571042261
0xba12ebafe7a14101c9d88f747be0850ce1e3d66af786b33bd429e7c69002a034,1571042261257,1571042261
0x417b2313a7cd834ce8f1adce8fbe6974b03e5d7e90de84102e010396baab62e8,1571042261275,1571042261
0xd26d0ee71979681c440a23beca9b03efc08f68d0ab47394b50a26c3654bca1b5,1571042261291,1571042261
0xdc6cb20dea8b1ccce0657f84bf973ddb7d42425c8c7a98fdb9483c1a352c2ec8,1571042261310,1571042261
0x768483eea80b5461d26f87af6775089493233e654290839864f37e6f54b2d8b8,1571042261327,1571042261
0x398f73a3748160acee78149a912d6913619a0e7feed5650706a7e23ae9c0cb5f,1571042261343,1571042261
0x8543938c575292e04134ca461c015bb52b8245597d67ef38ce0cff60dfc60d29,1571042261363,1571042261
0x97bc7871b2f6fffbc9a8d27480da5aa3becc85b65114b5adf966d1f58cf942d3,1571042261381,1571042261
0x28a3dc34f61bb91c928f8a873ba9e882d45ffd388f78a1dea36e7e134f6b8f4f,1571042261400,1571042261
0xc5908f9c599d0cefddffc44d5abd3ee8cb86ebca064665944b2976c4556f4f3e,1571042261420,1571042261
0x3b79c2e1f0414970a751f6278a3cf642241e0a236a6bca2acc7afbdb2abdfa9e,1571042261437,1571042261
0x97999aabe0703cc5a263dea3fb0396c65e4800c4b60ab2ac58f90f7c08b84b6b,1571042261455,1571042261
0xe725088f46fdd4fac15c94680c3ee1b51f5c8f280a26954394b088c893360122,1571042261474,1571042261
0x7e00561210adfd5d9e8c167b82a53d3b79cf0ed8068fae31d225fca841b7e061,1571042261491,1571042261
0x7fafbad29bc7e298c80053607b4ab09e343ca78bcb867400f2b8cfff8ff02c92,1571042261510,1571042261
0xa0fb7ed42003ef42673353c3958d700ba906313d43f7b0cf9f0a84726ad9be4d,1571042261533,1571042261
0xa366e0135544a308d2fec78948dd11e3a139dab5ecbaa2c51275686784da173a,1571042261549,1571042261
0x13b6f704e9454d4ce06ed6b5b6e8533476fcf6ad4bacf350c65a2908df6f9136,1571042261568,1571042261
0x720080d74d30296eecdcd4ac8bceb01dcf25245ce925a10ca5d2e9fc2a600bb8,1571042261589,1571042261
0xe93deb5031202d7ea11c7f2c84a0991580a2303de1e9733f169be5a432f76c17,1571042261610,1571042261
0x23023a63e452e5df7dca781dd7cc822d94f5532c6fd6a8b2ecb9793e0cf9c7b6,1571042261627,1571042261
0x434aaa310db3bd296db7103b8a30cf4b58492004ca943a9e0209744c9a03ce39,1571042261650,1571042261
0x38f449d4c59aaa9ff52e0c87229ba91f80fa9a456b680a912dd4b1e314c416c6,1571042261668,1571042261
0x429b77cae7c8ec9d9f6d31e96cb425fd329d7df458ac029a83b57fe359ab50d4,1571042261687,1571042261
0xab93b7e18b570651c6ff388fb072a1b7549193815b07435cee7042fa33c2ff43,1571042261709,1571042261
0x33c4264c83277c073745d9ab788df1f9069fbe5e1774d1fc98d684985c4231ed,1571042261728,1571042261
0xbd893f6cda8bd0bd4d0cfcf5a56f69d9310f45271a8fddab45b0bd889182a2d9,1571042261745,1571042261
0x8b0813a240df6affbda2fb600e8feeefc5667c90a8de5089a3522ff039f8c218,1571042261764,1571042261
0x361a6b422cfdeece08b43b152a72d6e7499392989c4734ed746fa7b467981181,1571042261781,1571042261
0x783be41a816c4e50f8ab71a068b52f49dda3472c8b4045785d72a0d6a75995ce,1571042261797,1571042261
0x92f4141bccb5e85b2846b51f32215fded41fdad30886ced0fb6c8b0c2fd93d33,1571042261815,1571042261
0xbbbfb2d627f0a0a73ca2152cb7a0283f25b811ddc3776a3c16cb04ba1b78f236,1571042261833,1571042261
0x12ca55e127b2e5775016fda11575c4e788c4762bf4730357401572e0fa21907c,1571042261850,1571042261
0x9276f7dfee5232d12bf42e6e9a67a51788b24903761393b62dca32746a97fa74,1571042261867,1571042261
0x1dba21175b2b970bd32c09129f0af350d29dce121198462d50c15174a418c1ce,1571042261886,1571042261
0xa1f00aa014f69ab3df0d26f20d7d97d9470663bb84cde1a25c7e780e431b33e5,1571042261906,1571042261
0xd3a944806782ce98f03283497027b3ce8e419d2e7b4fdb116b97b426b84a6948,1571042261921,1571042261
0x47928e222c9395d8612a38e330e8db3e8b7c410a9d05301e5fdba4e805e338b8,1571042261939,1571042261
0xd1587ed8631899c5a316e4665f300aad141478a8a2f9e69f933e8addb0d27e9d,1571042261960,1571042261
0x825906c21c2beec39abe066eb8d9d0c42f2bac5e77d5b440c6ddcdfe96ebaf2c,1571042261977,1571042261
0x9e100cfcac0b1ac8bf97b1a155f50283bf23b5b361c472244625e48b64218973,1571042261994,1571042261
0xdf6a1335bbdf74dec7d2759a1d127829428901d427cbfa98c55b6741ab3f6cae,1571042262016,1571042262
0x309de56a07ef53cb244d6c6014fa819f279d84b417a5cc654b58758d5a708862,1571042262034,1571042262
0xec53bfb1a0767f7ea687c08e6a552746542c5a73d3175b4e8fe6028bdcdb2be6,1571042262050,1571042262
0x324e16fc780a1ca2f087d9a352e2d9294f53dd69cb8bf1e151fee90c3f36b65a,1571042262068,1571042262
0x4db5029a0e12369682a43714f2c351a1b9edbbe1b96aab77305352a7cd1fc256,1571042262089,1571042262
0xd0716ee7d5da2047741614dbee597415fecc31e66dd993acc9c0bc300c3cabda,1571042262108,1571042262
0xd09ae94f7ba0fd1c944fd2fb17fad9296ecd3a40b4afe14f381b97daa18fcc69,1571042262129,1571042262
0x6c3834e544c45023853df7beffafd54b155c3e07c0a8f3c93458ea1d5207eee0,1571042262149,1571042262
0x298af85e93e94d85e3523567d1b16c2dacd84f0f45511ba12f8656a214b3e2cd,1571042262166,1571042262
0x724206f9bdc21aba7b771c0ca4a44953d8933bc69ad301c894df5ba8cf8f0743,1571042262186,1571042262
0xf9071bf2d72898d9c9df6656bad3c523d17f9f55ce6030dd7b0f5ca1b887416b,1571042262205,1571042262
0xf4bf0731ef4786ae11c479cb65a38d91776c54924adb26ec908c8d2a8d6ad3b2,1571042262222,1571042262
0x67d15d582609b829bad12209ca38f53c28bbe9c2d813493dfd46a884dffc834c,1571042262242,1571042262
0x7ad4c55b3ebe4e1712a8591de1263cd24aa67390adbcc51cdd6bfb51dfc05367,1571042262261,1571042262
0x4371684a6ae7dc18025484db4304be6fac97d633b5e505e57c020dc482b6cbb2,1571042262279,1571042262
0xed3374ecf4922bf7e011209146ed00e4fe2eb22034eb8d2accc7014f594d6547,1571042262301,1571042262
0x777e2e9c5f6662807d22275ef69bb9984dcce0f435addcbff435e2e2dc290fdf,1571042262320,1571042262
0x3ceb05f9729af757be5eeb9db6dcab13b0b6e876d98587926a9d540f7989a264,1571042262339,1571042262
0x84ac58ea1a04fc06343651eebf1a0f7068b4e8989fc8fab9dab4713fa6d334be,1571042262358,1571042262
0x4c8dccfd414ddea2a6184371397de13b24b418f720c08d7909f0cef6c7639a51,1571042262377,1571042262
0x9e617f123141420f44947baeb99422af45805f908e209cf1e6a11821cb1fdec4,1571042262398,1571042262
0x20a72095d5199d90370b59f9461e7ce18d249b5e68a33a395336fd33322b133a,1571042262416,1571042262
0x5843fcd2e046ed0af9ac26ec9dcda11c4008c4b990b0f862b65fa3990a8b716b,1571042262433,1571042262
0xac8ee23a6815e43fecf3fbe3e20019ba4237c723b368347f0c4f585d01700bb4,1571042262454,1571042262
0x85931389e05c8791b311c454fad7c3d64174549143063cc8928464c0dcd71396,1571042262471,1571042262
0xa91adb41b5c5fea2aad1726b486a06e1b9b01e2a15b70751b8b53b40c423406c,1571042262488,1571042262
0xe588a6262149cdc7cb23b6a5f93fbfe81893534310e7865de012a5a888923839,1571042262509,1571042262
0x88922329bf487493c52e339a47b850af08d4fe0e94c00c4ac3e77f14592aea5e,1571042262527,1571042262
0xf7a2346edbfd3314ee848864d6928ea84b72edc2944d08475aefb8a9e270f1d2,1571042262541,1571042262
0x56be39be45f39d34c350076e8910f8d3d95515e11eb82d51f49706afd546f794,1571042262564,1571042262
0xf6d7297d17f722d60bd758ca64ba9206d57c9ae951d785b7840af347375876a2,1571042262581,1571042262
0x5189da902ce40b33c47c7c9d64942018d0972131d9291a0c0ecacdfc9833c9ee,1571042262598,1571042262
0x590886e3604c54f67ab55c1be66244214c0804aa3d0a86d6ba33db35e3064e23,1571042262622,1571042262
0x0fe5fedba3790e4f826bd29485fa2dbc912f22662e85451b7ef4c01123b0a86e,1571042262639,1571042262
0x8cf9f3c22c4dc49f2ae9f972fca15afb9be714c28d07ae24fa9a95000c289700,1571042262657,1571042262
0x7310d66006b219d965af4f167d4cd5adfff8ad5a0ccf8ce870143d194cb4c9e6,1571042262675,1571042262
0xaa5f92f53cd3ad10c3cb083dab38e1027f2dfc8df5906e93f4e9aa157b23e560,1571042262695,1571042262
0x7057af279915eb6698700b205921e25c6acd40be57336eeb473c8850ead9ff7b,1571042262715,1571042262
0xfe8a3e3bad51c9ae765b27ddf7fdce1367e398ae4573e7488d65f0871baf86ca,1571042262733,1571042262
0xc5d0cff88c183d2f81dd610095fd2ac73701f1a4eda887edbfa0d24e0f3c96fd,1571042262753,1571042262
0x244b8e0eef0769774c69aa512b455c128719031487bed606a692f745e8ea22ca,1571042262772,1571042262
0x0227eb1197b4c6d298870b5a26cf984690f15ca5a9eb97392c027c81979f72f4,1571042262791,1571042262
0x6534bf6e828365378cd63dc5cc30730234c2c9f6d6b9c51d227daeb65988f011,1571042262808,1571042262
0x5c5f7a481dcce6c0c5513b8b0a669f95f210300b66174c15a428d175b3288222,1571042262829,1571042262
0xdc6637e582d33cd9d639f948d7231e39e29e63ffc4494a9e68a595676f5a9ce4,1571042262852,1571042262
0xecd1a4000e86249061ec37a491d52c2f3a5ddf5fdc34e66eb0087db75661ffbd,1571042262869,1571042262
0x9215d4285d071deb210ce283d90677ef8556a82167967ffe53255af41f95c2ea,1571042262887,1571042262
0xd46f41a27c2058a3fff384d92065cf2f84d734ff3652247b8d7520f29f8d111a,1571042262906,1571042262
0xbe878f9ccf579c05e842fcaeef9f2b5c61ed085be255fe5873923b46ae160972,1571042262922,1571042262
0xe83a59e8698fc797ba705e98e5384d6119bdbdbc95e13744616067084a2f58ff,1571042262941,1571042262
0x0d34da58807fbd35bc118b2125eeec35b7fe7755c23f6aea11ccb389988d337f,1571042262957,1571042262
0x5adedaafec80f74fa2363dd5c848859542802ae6b7e93fc5b8bee4ae956bc0f6,1571042262977,1571042262
0x212c3dbf691329bd9ddc1aa9b74fa02729c4933fb4468ff6dd91ec8a5af8e288,1571042262996,1571042262
0x9624a4e9e9a27cdc7e44e14c53f37485b440aee9d061d8d300dc69547cec31ce,1571042263013,1571042263
0xe9a828edb3be3c62d97674ce002b8fa69589f1d7fcfce921c61efe08d4979451,1571042263030,1571042263
0x23be1ee7996698b052040f522a81845276990729177b8413fd3e7f19fa1dde55,1571042263048,1571042263
0xffee816e3e136d5f5dc3a8e7f161086d28c87ae5a04606fe5dfd942af4b0a0d8,1571042263066,1571042263
0x83c810037a58a4456f61fb8ebb13f2f631eb8474eb730f5a482cbfb7ec9d8dc7,1571042263085,1571042263
0xf85423fb3e101a98af904481cf847702396468b577d7c89263a6b4bfad20626d,1571042263106,1571042263
0xedb3e3a37a9707d7aa1b366e4c80d8e3c9b74e9301aa95d291d5ae5e7a77fbca,1571042263123,1571042263
0xabbcee39450eb82468559edf22f6833612d0dfb11c77386b27aad7ba6f252de6,1571042263144,1571042263
0xa2d2fd4466f402f2bea0c364e90cf83fca90f014104d6561cd69824a8ed7365c,1571042263162,1571042263
0x81752ad23e9e8b14f8480fe4d12d6798edc5914061614705a63e56202fc5d149,1571042263179,1571042263
0x01430a425d48e06fa730405827487427c48e11abb2b8c03991c27e430cb7d9a1,1571042263198,1571042263
0x320ee56e6a1624534d6f615438355567c1db3d347776f36cacdd571b0fc4dbab,1571042263216,1571042263
0x5f703f35b866b01ebbb36712d73e4c8d1b0fc786d14bcb638f6b8752e1a8c161,1571042263231,1571042263
0xe91cc430e237ccf8e6060d6ae85e59eecda25e833b9b0bd85c4d8caa6aec7ee8,1571042263250,1571042263
0xf9ebdaf71a1e8569b273e4711e882a5fb85cadd3fb6b45a9c1475ad061d37972,1571042263267,1571042263
0x8232a24425e8a5bd90a11fe5b846e72175bb3dedffafd1ba7dc0fdaaeb7fdac7,1571042263286,1571042263
0x5456794fc1bba6025a3455b8cd7aad8051635850176f7338a0d62cbe2a6f6b15,1571042263303,1571042263
0x851ad906d21116c8c0e64f133ef5f0595791dcae730a547e8bfc97ebad0956e7,1571042263321,1571042263
0x77835ca053c6bc234c46c134586563479b3ed6375b86ea98c861110f877a2353,1571042263337,1571042263
0x1fb31f316d8965e8908a9de20e72e4bf1189bd46999290387d67acd27586a969,1571042263354,1571042263
0xbb199fa87eedb4056a766841876ecd370af151a48ee3326b25740f8a3894ebce,1571042263373,1571042263
0x593c8cf43ed99a0cd2aa6bc7d113f542f7e7726ed26648583eff3f310f88ef21,1571042263391,1571042263
0x84533bdf26e271b02fa9c1573fb581ff1a357707bc23b4f6ff5c985dca9765c6,1571042263412,1571042263
0xf25791ccace9cc3ae1723c851f5aba67cf7f8d35ea3381f6eaec064180473dd7,1571042263429,1571042263
0x8fafb2f90dc511a067d37a537e4435ff22535086155062ae7ab5f540d7a19832,1571042263447,1571042263
0x55f0d9395c2f8f498c7dea949e9b34e629d67a2f00ca96b6a78e340e57a380a0,1571042263465,1571042263
0x7a9432e6fafe257b2c8e29d4adcada8908b81b4d46e4894aae2e80c5fa817361,1571042263482,1571042263
0xf4ba2c27c01c098d9805bba53c4c639651d4adda50d66149e6caacfc8a1bd291,1571042263500,1571042263
0x7d9f9ea23aa395dcd1be947192d103ffe442b5e6f4872ae35192d0d42108a1a0,1571042263519,1571042263
0xd87f4d1e8bb4f5753a9625e4297ea8f68a073fdcecc5df5a5972482fdbe111fa,1571042263534,1571042263
0x78a535f919c1747a19ecfcb031056f3bc1ca5f7d4396ed6501b6240f1c8ddd62,1571042263551,1571042263
0xe182d1576496b108e364117b3450c59397a76feaa0b47d55f6f542006b5c442e,1571042263569,1571042263
0xd174468ed5fa83e6564d6b857147cd272df576cf484a2fa569a770bcb6264c12,1571042263587,1571042263
0x455e0332071bc07548620acc52e8434a927500d9fda9f7faaf51cca323fa013b,1571042263608,1571042263
0x0705a8be217484365b064c3fb4c9c0026fd43c67b958da84dba9ca431bdfc4e7,1571042263629,1571042263
0x3434b112de741a2a65e6109bcd03c8b66a43464d39e99af90eab1ed42a37befe,1571042263646,1571042263
0xb144374be2141e39346281eecb2e9948145a6f4d75ad57eff0dee63b3f74ef82,1571042263664,1571042263
0x0fde017651324b5ebc4413d0c406dddafae795dbee24301695ee5ada40925b64,1571042263683,1571042263
0xc1ae4cb6fe93b938b9788694be430ae3d1078801d44757300f2b544ee0b81aa4,1571042263700,1571042263
0x3c7c87d691b3befddbab8c66b10306b1028ebb70cd0fe250e060c97c41cd451f,1571042263722,1571042263
0x3cea5284163058c8a4cc89bee5c19b4f84160c336ce984af79d2269f35ae5a4e,1571042263757,1571042263
0x1bec18db5673543dc4a4382af41b4c9d254e7320cbe648d603311ab2d7e86ce6,1571042263812,1571042263
0x46e68fafc14d12021473bcea4a05643cb258a379942f96c8bee8dbe64f4b0f7b,1571042263830,1571042263
0xcb4035c26439a487abade3b73f30700d8409e1acabc0af597587636a4c4eb6a5,1571042263848,1571042263
0x2c8274f18aab93f2d4badc8a1eb91809545601330c99f17e555d11dba4586000,1571042263864,1571042263
0xcb73bbd8c26063f8092438df5efa42092e9ea9f8993b82a8fe607d72d18e5853,1571042263882,1571042263
0x349121db9f6278e30c99ec5525a26ef8576b81440dab74c6d1b8d6617128dc5a,1571042263903,1571042263
0xbdf7afbfa57de3bafe423b5aeec92045e1b17ba1fcefd0e6f4fc64358dd830a8,1571042263922,1571042263
0x1c80b61cc1a90ff036f985dc3896d284d809abf6eabd6512b605a7f92e31fae4,1571042263938,1571042263
0xd2e26d4ac35ef439dcea011449368f7dfaa2ff558dd691e1fc0feedd9bb1fa6a,1571042263959,1571042263
0xa65a1119d9979d52e8a661fd2b336526d9a4e4c061403eb1b1a07552d56dd13c,1571042263976,1571042263
0x8b785bc9e2c4449b19d0be689160062e151d7ecc350ba446c8dffd1cd51f737a,1571042263993,1571042263
0xecf9786a80c8b6ed56b26237a73273abc8ec206b77cbd006cbfa4f279d0d0a47,1571042264011,1571042263
0x745d3bc7d7d705ae7e9ce772643ab430143f68033370203eaab786ecd7aebffb,1571042264028,1571042264
0x9b7f18c746e0aaa80a89e9b7dc139b128d7ba32c04f44d5eaf4e648b847f3132,1571042264046,1571042264
0xa8a4e34b916e88ba578791f375daa8e91ea0816a8203aa9f7034c60d9cdb9a32,1571042264064,1571042264
0x62981e4b18f0edab2878ad6e43c3b55635c4caf737723dd4755f55fb0b4b882d,1571042264081,1571042264
0x234439856634e0f5a5645a5dcc70ed3eec7eed264e4fa23dea7d4bd9e3c2e97f,1571042264100,1571042264
0x926c9ab3951d75b50dd206d96c535ba28d40d1918a9cd7ba472fae91f2616d7b,1571042264120,1571042264
0x4b2f3d174135fa23066cab7b3a7ebf84a515c936cbf29e246ddf37d2698badf4,1571042264136,1571042264
0xff60b1365aec0251ad36bcc275e8fbd709957e7a0bea04aa739784569ef743c7,1571042264155,1571042264
0x56ac086ac12ee7bbe3c997fe2fe677e26742f9d75c006e72be2a4cd1bb243c21,1571042264173,1571042264
0x86ea6890c86fd5a2f4f13d6fb74c5f61936429ef9fd5bf1a346e2e230df5687d,1571042264189,1571042264
0xa1cc3fb2ad30e3814634766b0bb3e17f423381e14730671c4a14601ae8c29547,1571042264206,1571042264
0x4aa99bd1667f37983a41dcedb1664045c52db1d279b0c5cfb0064ac954093004,1571042264231,1571042264
0xf5f9895d99300e1d204e0263d3b0b818469fc83826477cac6aeec802351b36c9,1571042264246,1571042264
0x29b113fc62a1a1f40154383f5ca5fc903459b41a250be5a9c5604bd26b166405,1571042264264,1571042264
0x81cb7079fa8885e0f3f584dfe824fc8847b7e3073b5bfb8e063b4877fc65a121,1571042264282,1571042264
0x0bda680d72f792ab5578c820bb10fcf50b8da4c5239f4ab888573a596c131bcc,1571042264299,1571042264
0x4b8c4ec7709097b87809abb2f8cd78c10703e1a4d3e086a841744174cb150f7e,1571042264317,1571042264
0x6af959f7636f76a441aa4a59236c2cf42bca8e27159f9198695f7e9b0ccabbd9,1571042264333,1571042264
0xe5fd57398cfe84522a2ea028c37111b2b170d3b195ed16a0ebb5daae542efcb9,1571042264351,1571042264
0xbfe21ecf7db1a1e35b88f8561d9d493199db1fbe85707427ea820e6ec8abc49c,1571042264370,1571042264
0xebf43c36b189b5de8915b33bf6b447102617309070fe9a6069796510b6c397db,1571042264386,1571042264
0xdab878018202b3e2e6371ff4aa45d37e117cc48622c7c92fd1861a71127f3097,1571042264402,1571042264
0x81ed1e2559397413eef2eb6a381566c95a5d69ee1a23c191f588c6f945288c3a,1571042264421,1571042264
0x22392ac0494f691d460dacbe73dc0cec04a65e18a813d9f94fcb3fff942db5e5,1571042264438,1571042264
0xc39d03ae8d5a98f94a3aa297318e575335a39f3bc52b91ba8e328931c57f10f4,1571042264454,1571042264
0x34cada91b89276ee17db3dbcd0bee3a2d3b7802f430e92394d108172d01d7694,1571042264472,1571042264
0x9b2a170180a3448b36347abc7f9b8c7c72a82126648a62428a53d7a58452c2f0,1571042264489,1571042264
0x295636b676fdd3e1994e4485af486237046f50b996c493d3b81394e150fb57f0,1571042264512,1571042264
0xa7b49aa0b2022f380e868c6e99f2fa6b1f7e187f48722e9aafdbaf544cd2504d,1571042264532,1571042264
0x4289481c6795b0626d9192748156ce40daea54d1c7a00badc7c4e355b3abb41e,1571042264549,1571042264
0xc851b8f3a84a49549a24bc3e7d69c90d588f802cbae0f496f390648b794862d7,1571042264566,1571042264
0x78b87783c13078f4d5d766faed7db88d9f6030374cbf6421ee54633dcbbbd6f7,1571042264592,1571042264
0xd01a40ad2c74fb03d93db0674ef6aa207b9760a58b29ee78eb95db631cfb3247,1571042264609,1571042264
0x4619fd3aecec65b56ae94a54dc89475dbae732d7f68ddb1d5a72cb6d8cb4ed49,1571042264625,1571042264
0x5d17984c9964fd30a5aad66316fb9f511797afac82d5a11576fbbe16ff7810ad,1571042264645,1571042264
0x639a3e13dddf5082e8bbcfc856be0ed1bcd05576a979a2e483b24a8fb1297caa,1571042264664,1571042264
0xb30f99d240cddf01d4a0f8052119499d4169fd73109ecd3fa48fee48b6c9ed77,1571042264680,1571042264
0xb897793c34117b6fdf1143fe61f9f159096b666078471149314f3275546a2fd6,1571042264698,1571042264
0xabbd293e76a43ff083fea5536d338f16ac4622f01fc0b27338abe68bd7302fa8,1571042264715,1571042264
0x2e90aeb4355c7c2c3b052cd7c7cf21fcebfe187b335a7999a0427e7c71add305,1571042264730,1571042264
0x6404db253848af6601999e0f4b1ae8315d5963793e18e7514f0bfc7f9b2e9dad,1571042264752,1571042264
0x1d8a7c35149e69dc40eca714ff71a8d9722b917ac3f4cbdc3cfb4a3e10ad498f,1571042264769,1571042264
0xdbc82fd984236b84cbdb67c0b9e79897578f95a7ecd3ba01cd2a28451dddf2c0,1571042264786,1571042264
0xe84ca772cee72bd234fe3b12312844adc203243fa11be407e183fe8ce8e2101e,1571042264806,1571042264
0x4f6d0428ef7c6ca26d2425f53e0e2ac24ef5472416ffdf6c30579e217c8c90c8,1571042264823,1571042264
0x8b0200ab8f7a8cef2b90b2aae5061b5f3a130a82f59508c4daccd065698e8576,1571042264838,1571042264
0xaeeb0afb3574040c9cb923c42b9a5870799ed64726ff5501427c7440dcbd51a8,1571042264859,1571042264
0x6306e397017a508164a413019545d6c085ff132588eab6bcca2fa263bf1ad552,1571042264877,1571042264
0x493ae59f8314b8bfcb036f63f83e9965c6db5ad23ac9c94513ad5c9455ce4536,1571042264902,1571042264
0x8a1a8d5df7fda0c85dd11028b7c78f10dcb232d571338302c12673b48619eda9,1571042264923,1571042264
0x5fc39ac42c7fc9eeaaeb62172534b75fe575baa6070d2141d12e62a63a91bc06,1571042264940,1571042264
0xd7d5f4ebf12aae10295da88ac7b7828123dde29acfb20cb4f38dab4c2c7d98a5,1571042264959,1571042264
0x9e4a5e4c98f069e9fca2945283443a1f969c6d39cbb705d8b3f8be6c31585048,1571042264978,1571042264
0x8878251006f73167448c89660933c0862854e9ce148e445636e244e457990150,1571042264993,1571042264
0x6880340c2ef825b0020a24968a1fb1c9be960612db60aaef5b083bffcda09d28,1571042265015,1571042264
0x3cc3236d1c92ee4d44e1c976e55d943fafee210755e5298c7efff76c2102f0f9,1571042265032,1571042265
0x3c48c316a1ccdcf28b872352f143671692159758cb5b42606fdcae7458e10387,1571042265050,1571042265
0x72bb789907a2618e58de616b3e5442ee4cba14b742fca88ea76000a57d72a63e,1571042265069,1571042265
0x31c26c954ee6bcb56f304f51ea944aad8b81270d9f05af5f6094bb7d906d1e80,1571042265087,1571042265
0x53d666c48e34bc3ec33ffc0aa72e154e1f75ef3d3a57d35cd4720fa65aa156fa,1571042265107,1571042265
0x1e54f411e99e976e1e64a1f8bcd1cf907713270a2b808248111084ff0269bcd0,1571042265125,1571042265
0x726ceb7f568a2000492e08ee8fb7c3538cc6d75c10e27cf1f9c757b8493a9788,1571042265145,1571042265
0x458b05cb45661609b009a621c3b929f29190fe1c079f19d2a8784de2e7c1b378,1571042265163,1571042265
0x0cc2965a69daea57ce9d6172076b4d920ab2d9d461de418096beb35833f06c01,1571042265182,1571042265
0xb89df45b1956a388777622faad0307deeefdeb01c8aa9ba0099ed7e1ee3e12e0,1571042265199,1571042265
0xdf5350ec8a50b6e41c46f2a134c3e077dd99bdb4fc895bc00cc6c21243cbf19b,1571042265217,1571042265
0xa7b6e9376ef949916813c20e80ebbb2b84017329365a69eb27ab8f2531109b37,1571042265237,1571042265
0xbcff27b156104b11a83f7503c53a2fee08f69c3288a29a983b3ae8a2c0ee9382,1571042265254,1571042265
0x285054792e45dc7a644920e2b679f7694200f61aa5541525a0f3b87849c92745,1571042265272,1571042265
0xca19ae1f858db466b0bdb361f60aaab63e2a20b0bf839a914a7a5ef3ce5cfb27,1571042265290,1571042265
0x837b57d075742bbf681d4e4952e573556283be7bdbc962d050433d8107a91306,1571042265308,1571042265
0x6ad38e490ef97156eb5caa45bc332570f7fd9c7759273c919b802ceb19996e76,1571042265324,1571042265
0x55b05e92055353a9b788d8367d5722dc68811500ddaff5f9aa305702bc2b0fca,1571042265341,1571042265
0xb9418092d5a348ea99c4e0a9c82599a295939215639629b06cced381259c7ea9,1571042265357,1571042265
0x213f1984e6e3431a40475ec4a68fd0fc3f655abea958b02f7c63dd6c9af15118,1571042265374,1571042265
0xfb1c37388bca456ad62522b7e6949e10e58fd5dfd1e54a10565f39925bf5ff5a,1571042265391,1571042265
0xda50068fa346dde5473dff078a70181e30837e2ce408f74e6acb6e643a8dec25,1571042265407,1571042265
0x93e3dfb4d2e18481b85e4398091cce8fc9c0b4ac998be1f18157db77e8a89321,1571042265427,1571042265
0xa11c49062a9a8c7dc18f0b1cf14b5f5c952dfb2c6650644e91ec8e0209f0ec7d,1571042265444,1571042265
0x9bd3f29a4e0cde7cd2b97bef591273fe67270ae63175c2ef3e229d2d76e90c0f,1571042265463,1571042265
0x26dbdda62de232a88ee387331731796b58d2e4add886911f48b4e500eafa205d,1571042265481,1571042265
0xed87e35087225e0f0e03dad7d0a1cc8d797bac10a8313f4d2bd12129af4f0b12,1571042265501,1571042265
0xc3089b4af0b4bbddea87cb4a4e5d46547998e468bf8463acaa80c202f87e6e5e,1571042265522,1571042265
0xd180a4049b7151020b7364f55c538e4dd9f5dc2656b72798717caec7f65d5ce5,1571042265541,1571042265
0xbf8f4eb1c6a1d2de4f12ded61cc5059294e29d0596e043b4458ba0e4deeae12c,1571042265559,1571042265
0x2ccf2801fe4541f053c39ac00b136bf21d05defa3245faebb89747ca7ffa3eb2,1571042265577,1571042265
0x90085894abc672c7028376e37e6927014c401a0d1829f585f0b7f15749c03416,1571042265596,1571042265
0x88cfa9db9e4f63185bb62ee3cdb7e5a4ae2404c9ffb35fea3db214eee46e3154,1571042265614,1571042265
0xc5ff30417aa8eee023ff8c1167ce5d24394a9488775e4de9e98b96876d43e255,1571042265632,1571042265
0x578e99d742cee2ba79f6af484bfe2afaf260b75b379adbfea82c7aee94e62115,1571042265650,1571042265
0xee167532b9e9f17d87c26e7d18f5326e502023e53048cb0ee4d19585d1ccd241,1571042265667,1571042265
0x2c6d2fccba8fa362043d6d3804e1009d31bf00b4bdd11d413be52adebe302c4a,1571042265684,1571042265
0xb0c8211299fd419569511c2e2dda138ac03da845912c2e1c90c8bf3ffcfef1dd,1571042265708,1571042265
0x8f5ffa38ad727966a057bc7b71e0630ec2e5686b51e2c3e98b20625e4cc27255,1571042265723,1571042265
0xe4a16697254da7379b779273e9604599a5cf43dd00e8bc8ccdb15894e773f6fa,1571042265741,1571042265
0x8ab95eba287c92432637f7e5b8d756e8569e2cf06e9911f30973eb36bd055bc8,1571042265760,1571042265
0x049e496d87a2350c547e260d71ce739a92ffce160e69fe2c1c1731d29c06e6b7,1571042265780,1571042265
0x930a68762ec378be8812b0ed39b56e7be5d731dd702e785e67fe9c9186057ba8,1571042265797,1571042265
0xdc4a8ddd017b6e3cbc478acba32bc9b8dea5e3d9483275570d7cc76f609da175,1571042265818,1571042265
0xf68d87b37b7540cbb40bf6c053f6a67023e9562292b5596dcb8e668a3da8600e,1571042265833,1571042265
0x2dd139e0a488b60de18f0243efeb43a704d36429a5f03d6b1c520e405dd9696a,1571042265849,1571042265
0xba65ada91061a467b876279a0ee20d9a041c91f98aa6781eb9195b3ab50c6ca4,1571042265868,1571042265
0x99ea471c1d3ab4effb57ad7de58a7b8c16c290d9684f85f2af79536074b3b987,1571042265885,1571042265
0x49789f4146e773ca41460219588020967d064a4aaea4395db8d7938607e06e1e,1571042265906,1571042265
0x0292e458582d8a9a58057eb344ef54ffdd92c29a231b0fcecab27e0eec16d293,1571042265923,1571042265
0x11c11a378ff653238c5ca0338145cef382ac7ee0a013023a4addcef4dc4db878,1571042265942,1571042265
0x5e37bd975396d163b97ef0e21e7f4e8a9cb5a5d61062722879ab6058b3e52b9e,1571042265964,1571042265
0xafe4f45d5ea1fe279fee12986730a89453118597559657091d79f786b684b0b5,1571042265981,1571042265
0xc69ef71774ba8e31dec9c7abf7d36257ba20a01bac9d120be76fe9d9496a8855,1571042265999,1571042265
0x080fc89cd5ce6e54cd158d442fa0e11a8a5ac18923f87ca29b4c3de935b90546,1571042266017,1571042266
0xb5a5dd2963a378d3b402befa6609f5a38b7cc6473423b24e6c07ff162042ad0b,1571042266033,1571042266
0x3d66f9e35887c8b9e875a634a1c3575fc639045ddf00d11690d7b5e11225a0ed,1571042266052,1571042266
0xf9f7d555e9c1103e06076b0d8a4ae0ca2e7b28c42f46f9d9e92a70358bd41313,1571042266075,1571042266
0xf64e52cb02888ce1c5a1c5876bb6ece87c28e81dfb5e90641e0d0dbb0b0bd10a,1571042266095,1571042266
0xcb67be8392a2702800441e5fa7b847f25c82100cd35cc509bd42149bb9b923dc,1571042266114,1571042266
0x9100154a2cd814b08eb9145b13ada86467b0819f6735f3a2a02de07c655c5834,1571042266133,1571042266
0x5673bda186edbcc50af8a9d34673cf54cfe10a523844b4555a9f8ecb762a316f,1571042266151,1571042266
0x22d9eff051c65e1260e26ad5f46098dfe8962301ba145ab2d83d3ee04de7f1a2,1571042266179,1571042266
0x49f8e55d62ba7d86e80551ec4e1c02312815be4925e1cb6f16836f896871ab68,1571042266218,1571042266
0x5a21b97ee5f0dcbefb38f4a59f2bbd2e9c331006a250051efe3005ae39c612a3,1571042266234,1571042266
0x62410377a2bc325650338f3d1189cb26552dfcaea6199af898f69914a6c9096f,1571042266255,1571042266
0xd0f5b2cb4d6c10ca8361203a188fd571b57b8d36f67645217ca7c47915b2d089,1571042266274,1571042266
0x2eb0eaba45cd8cbe6ba5737447e0d2c096dab6ec6c41f3abe43a718a79908204,1571042266290,1571042266
0x9b1e29aa2c58d12212b70878355df8a75418ea1f27f93cc4d2fa3b11fc6ab463,1571042266311,1571042266
0xd90bb869edee9e6dbeb93fee42252142d07bbde74bca2a964c23b4acf9527cdf,1571042266328,1571042266
0x28d1e9f7e2e0456741c9abab8054899cd8c9664442738b8b904ad5e1b405ad36,1571042266348,1571042266
0xee4e8949e79bbe4fafcc6c56f130970f5b6a7a865e0da67475ecd2fbc96318eb,1571042266364,1571042266
0x15d9c8f2b08bf341482dba6220e4924a6a6656849ce06f369ff6f6997a0d2e69,1571042266382,1571042266
0x90f3ce2c0052c81b047f36ec265abffe69d14143a094726c27ea747cca06d81c,1571042266401,1571042266
0x5d0eea20fafb0e36f40bf08dddfa8eb7180bd07523a69509d3933c43839ad583,1571042266418,1571042266
0xf0b40f9a0f461ccd160d3ab21d9e3d27515ccee34030862706eab0cd80dabe29,1571042266434,1571042266
0x60a6deb231325c4443f2628e8d2f125922d660f415e30d8fac1e6897a46a4fd9,1571042266457,1571042266
0x13f420a6d97ed8887dd5367d61d0aa758e43742318a66c94668047d11ed6fbbb,1571042266474,1571042266
0x1f2ef4b833a450ad8352c7d3b8ca786cb33f9995e734ce7a824a83b82bed7016,1571042266493,1571042266
0x121f2c04447fef730b2a9a8601054d3f4b27d4e5cdfff0fa5066ffee2403c008,1571042266511,1571042266
0xd05bc4676ecde6dc557368fdf3e508a1d2f229b1d36d7c4df8c3a8d69622216c,1571042266529,1571042266
0xc7e4060c33e689c81ee22bbd9221f6fad66d4dd631ca67d2aa2df12604ac606e,1571042266550,1571042266
0xf93a5342d8f166f6742ca9ea527f119b413a67c2145d2713261168d2bcbce783,1571042266569,1571042266
0xc62099fd0a486b7f88dd9b35334635ab9c7aa0a007f2156f649bf54e767585e5,1571042266588,1571042266
0xbe7da4cf94725a3c65305511deff2bce6a05df9d5f6712bf24c4cc91b0758fc3,1571042266608,1571042266
0x7f929e75fefa97209100995011cb8caf98044d12f8445fed913ef9c210ff7fd8,1571042266629,1571042266
0xb896bc57b345c0b77862dc1b0afe5c8f67918679c2e932d3347882c3d949b882,1571042266651,1571042266
0xed8ee358ea8a0475862525dbebeba20e7d55a18b6d0f969dc39221223d3fe27d,1571042266669,1571042266
0xc30fa366071a2d49e6df3a0e892a47a1972a3818b103edd41e66ec7e7fc2cc5b,1571042266688,1571042266
0x7ffd256fece0e3339cd4c1aab34ea5eed1c84886de53e52d38a8e3b23628dc8e,1571042266707,1571042266
0x3d1b44ba277c70abb364057ffb537aa4806c5f6a9f38c34c1a6a5183ba858cfe,1571042266723,1571042266
0x5b8e00676c9dfbb785e80b853ecfd2ae068e6f18a12d0bc99106bb9f4de7855b,1571042266744,1571042266
0xf54304e0074de5255e2dd45bf1ec0ecc38ad4e782e0aad6ffc8e7ebe468b096f,1571042266764,1571042266
0x8c50d9c99a87dc775d3aee75fee8441e1c851d36d75fa4c778895767509dd19e,1571042266781,1571042266
0x3cf190bc5a93c7849262eeab458202064c54fa1dcb02ac5708756561f5981556,1571042266802,1571042266
0x6eabcefcffea3e44bdc6e0e10c87e2ec5bda41c87cef400a350130088ccdab20,1571042266818,1571042266
0xe687eead98076f4808d5dd386b08bf407d4691fcbf0619586360c4aa7e64a74f,1571042266834,1571042266
0x5cdb36485c3f52b2a45656a69b44a9cacbf639e0d2dc6e65aa48ee314a86a115,1571042266852,1571042266
0x43c76edb9ed19fb2c6de64051b63b1282973db063207f9731d903598218ad296,1571042266869,1571042266
0x25be6591403e3dc183e24d8bd3202d904809daac01dd4b58429327873074fc2d,1571042266885,1571042266
0x40c98013c720661fa76cd9e950a28b66023d1b13a74fb0c5da5569e475fb2f45,1571042266904,1571042266
0x1f048917450257e79f9016153341b61b57449ea4ee45d069c9a840a5d0b6ceaf,1571042266923,1571042266
0xd08001baff62276ca48f9663544e7477abce511cbd4bc7775b79580cc1a4829f,1571042266948,1571042266
0x690dfc98140e50a64c4151147932e094e19855aa352753442544d9bcb9013587,1571042266972,1571042266
0x591c58534445b9831616df4fb30fa3d2b5a507a53a558bb12aba793054856cb9,1571042266993,1571042266
0xd94a93c16d0f6dfb2f0540a89c48c1b7ccc2821d05128c4fe9ad907072b596f8,1571042267013,1571042266
0xaa2123a4ac2a37b25f2f513f7db1d070c2b88aa02ede80e22c67f26cdd2e9f91,1571042267031,1571042267
0xec384d12c5f23877f5c7ee810d4062544d7fbd9cd51a7066ef9b4dc6e94ef6ef,1571042267058,1571042267
0x830e7ffadd619adc8d1ecfc099fe5e403ccb8b8b41bd00955aebd967dee0df58,1571042267082,1571042267
0x8273fd656d1bdf43f9dec039a44517415519c584f4ca91135d0b9c79dc800fe8,1571042267116,1571042267
0x60b985817e3d45d17ec6204a3c61134d3c78a31e1f80b54ab47d6eac7dc1321e,1571042267139,1571042267
0x966955b388739d8a0cebf8b647ceb272b4b015c8eee21f5089be50f9bbb2634f,1571042267165,1571042267
0x2e3887a37e552caca1cc0a6eb2fb6f9a1f6ea5736a74e07e061674735edbfa68,1571042267185,1571042267
0xcf23ceac35f243bdff1ebf95f43ebedc695331b65cbc3152b72e3ccff4d76c1d,1571042267212,1571042267
0x3b5ac676cf754efd0040d1668e62ef6b4ccdc5663d801f8101ef5e139ea99377,1571042267242,1571042267
0xc964ea93205e56a86fe4b24b19a54d7a387359ec0572e33b7508c3fce006fd34,1571042267271,1571042267
0xedb54044ce41949dba42853d352da8b898d831dbf80ae106b8d1886b0ae2a871,1571042267293,1571042267
0x8327945dbdb00112e96b4edfa749722901e41b20af2dcde104f01bf6dd5dcb2b,1571042267319,1571042267
0xa5495d3a5c1542131a52f9af6b9f72e1252f68650eec4c062c4769590c5cbea7,1571042267341,1571042267
0x7d4cfc2520279ba5e1d1290adab1ed61133e9a855d46522ce784410e250ef7fa,1571042267364,1571042267
0x06383dc480884d802920bf9349d7f2a1ad09f09479f0faa764c42a2825317d4f,1571042267389,1571042267
0x6a6c4aa587a3a4eaa309ad2e31fd6bf12bc2784343de8e751c4f8c13f4e464f8,1571042267505,1571042267
0x24d058785c712e29214035c63d6dbd6e2b0016244074385140e1dcee541c7374,1571042267527,1571042267
0x4f124c4359b4a3b01fd572ba9b36cf2588e131a6b77a4f2c00e0b5c16d526dba,1571042267549,1571042267
0xe6645d6f423c4716a98394d9487cee08d146cd52c93eceb50ff9a4c14d7df08a,1571042267570,1571042267
0x432c08363a7604fead273bae679cf9fab5a64c06b9bb8fb23aa68f2ccaa9ee60,1571042267588,1571042267
0x59f5eae7d57a98437f7143bd8076325d38e42be6a5aefabd97169a4ddb0c34ec,1571042267611,1571042267
0xf72e058c294e5a9b6e2022bf7a531fa005f4bb51ba5a7eaac3300ba94ecb1025,1571042267652,1571042267
0xd74cde90818fe72c7cdff3be972a341402d5aed09c7ee472fba92dc326377eab,1571042267670,1571042267
0xf8b9fe01ff9f986a5161d3505fef943963cb0da708e71eb4bc2dce04c4329777,1571042267690,1571042267
0x7b40b71df58ca30278a36c78ec2ce6b177e55da1de7d09f9b35b960284ec0e2e,1571042267708,1571042267
0x26c9c538a478c3b6867cb1b0f453e8a4b5725ce0d6d3f17d462c0f3c33c1f90b,1571042267730,1571042267
0x97166389ba1d688256add72004506c0dd7690d5c4bc49317c5b134bda87250e5,1571042267750,1571042267
0x6b7949838da257bd1c3ed2ca769131d64e23cbe2f3092898c0bd9b5927ff7afc,1571042267770,1571042267
0xa4a4c5852d1a7418f7afd026980f8e67fe1aea7008c04c98bfa60615b0d4aaa8,1571042267791,1571042267
0xac53fe0c6f28de2d24ddf11941adfd00b9ef9830abc8a27f7258d4b7dee78fbc,1571042267812,1571042267
0x0ca9cf63d2473924f19e128c32e9786f90698440efd6cca4dd9fd0f753ef6ce9,1571042267831,1571042267
0xfac433b459f47d7a5640f05f7e0804df6fab0dedf4fa610656d93f70db67ac1f,1571042267850,1571042267
0x315a52e7a63de23e81ec2e8034cdf142e833dd3137ea32335d86750e282fe162,1571042267869,1571042267
0xce7848aa35d18012e9c6fd8368ace37e3bf164fda556acd3831185caea91e498,1571042267890,1571042267
0xc265177dbfae28d3b7b6720a303913a341a2994b67af1e9b03fc6443d98fb06c,1571042267911,1571042267
0x0d1c71f236b7d2f41b1879d02beabdecb116174c5b89ab30b6479ba5c371667e,1571042267930,1571042267
0xc1d50c61d6685535a5844b9201cc44020d8cca8568a6b668cc32200436285ba1,1571042267948,1571042267
0x138bb3449efca21053d7468ff04d48bd9fc0e6189056350fda0c8ea885d37ffa,1571042267969,1571042267
0x060f6ef25a6c98e8ea00aae7d6eb14754ed960f2305d45e1bd1d6c06f7ec83c9,1571042267986,1571042267
0x81c92b888057d53c1a340265d7320e13b6e912fa19fd2d44c988d6fc79872b3e,1571042268005,1571042267
0x54c12465b1f581baf6dc45022693c390b82775180a755431a84ea596ff9de078,1571042268026,1571042268
0x2655ae92622e1a7c8e9b48096727b9b759bbd70f7518b309e4a885b26f3ee39c,1571042268046,1571042268
0x4663c57470f368e90afbd2c96e42bbbe05c649f2bdd1648686cc306fb3d8e07e,1571042268064,1571042268
0x2358efb1e76d5a202fa14096eedac55e1ba073709e4c5af3b591307f136818a2,1571042268085,1571042268
0x8a8822bfd267595e45a681c1be2d00cedbd6a9d63ee7be0aff67d922436ec0c4,1571042268104,1571042268
0x5588b815982b29b6f813265bf533a91dab2511e9b8d2eac2874d11f642647bd9,1571042268122,1571042268
0x4c7ad59f7414ed3e3c1b9d39512f3288e4b7573dd2a32cfaedb141f90de509f8,1571042268144,1571042268
0xe06acac37dab3916ae924908f2ed9fd2d8e318e548438cce55b35d3d9dd11643,1571042268162,1571042268
0xd729a78a038bce268cbe34d9fe210fc763e35bae1853274a88cca998b6eee327,1571042268181,1571042268
0x6cedc1a33a6b2b0b80540aad4fc0e75e661592dc03c6d22ed894f981a3d8e724,1571042268200,1571042268
0x92c1077c83e10f44f501c12c819cfd1cbac8df2a3f73f23f365e6d8e3d81b69a,1571042268219,1571042268
0x2f049c42fb425f793a6fb2f408dde534c55822e41f2578844d0afb4f3dcb5769,1571042268236,1571042268
0x6d8fcf7be5614d7d0774fae1a233f4e4d9c6fc5b4629397a8024f978de4c2b00,1571042268259,1571042268
0xbc495d9b663092f68e5d79db3d51bb752ff806195f27fa3ca559f8f0a6fb0968,1571042268277,1571042268
0x452e6dc9faa07b3e0ffbc27cf36343572e1f3df0216958797c08b0b6aaba079f,1571042268293,1571042268
0xa24b0f01c44c1b05db103bb7402e4d4704dec1e4c4fb22a96ef874a6f85479a0,1571042268314,1571042268
0x759a8ac18e47e39ebafe531235b7955afe3f42428f52f15059122d2d3c95e169,1571042268334,1571042268
0x5087fe12a9bc682971c58d1d0cb3bf894798429c9ccc371d185e6a0605fb9027,1571042268356,1571042268
0x9aa7f1d34a05a382da242999cc6155c0a181d07061fd5bdea3d1ed269eff84ca,1571042268378,1571042268
0x7d86fcdd6c0eb5a69c1d497fdc537fa676e9621f5c4d71c1ca54b11492d4f5a1,1571042268399,1571042268
0x100ddc6de6b705ab829f75a4bc9d01ba71fe709b85486daedb68c5eac2119880,1571042268417,1571042268
0xd39565bcfb1c777827d40c2c9e172ee92b56f1d03bcbf4d5c4818d629426771e,1571042268436,1571042268
0x22e5e36a88805353a90a38c2abebcfa98d376c42ae0ebfc733e5ac1991f063c7,1571042268458,1571042268
0x17cbf812cea429823d2ea8ac43c2d46d7d4a43150cd2eaca8889694b6ed5debc,1571042268479,1571042268
0x361b466a9e22df7bdbe1b526d7ce45d26fe2a748156076ee90a7cfb10cd04777,1571042268498,1571042268
0x011ab65d588b151cf13e7097ecdafccab6d5372b54f821af4cd9ed9131ad5779,1571042268521,1571042268
0x66c128bba058e2a0c131f1f0f081e75f9d9910834997360e4672fadfce38b4b0,1571042268540,1571042268
0x08d51225d17d69e6b46d4eae4c7a7b060f452b200f71943e8529499cb15351ea,1571042268559,1571042268
0x58d52c8b7dd7cfc07f9e2b0590e57eef11dce82796419f0288b5e1e54e42d355,1571042268581,1571042268
0xac174d0b015005f98f4a8ded00e70d5f9d342b956c93f8c7f2f72f72172a3eaf,1571042268599,1571042268
0xa6d216de796ee855b772fc6f1b6d395b00239da1bcf18864cf760f4cae515b2e,1571042268622,1571042268
0x2fb0738837099c02c6e075cca97c4e01428d294c79142d68d6c1d05007b1e2ee,1571042268646,1571042268
0xdd71737758d4c1dec4eea6f78074a2422ddf5119de2b4c8aea13fc483560930d,1571042268671,1571042268
0x6fa9c3bff2d574ba9669557bed08c73f7ab95eb82e6624a501042337be7cbb09,1571042268702,1571042268
0x895b74a97d6b47cdb2c4373924ec3c4bd6c2b79e2b03e51970ae04ebec4d5a54,1571042268728,1571042268
0x142aa283f18b9f00b9b5365380c39127a9ff34e559fd08e15afd5c20bf4ddcc5,1571042268753,1571042268
0x2290b5b3f85fcf32247351016c3742cc319cb87d9c6bf57dcdeab7a4f74c729d,1571042268777,1571042268
0xe6e13a2b5ccfa5118936d5c0e2710b1f7e8d48007d380dbda27948829ceb42d8,1571042268797,1571042268
0x0f1268e98d144b2086bd1323c8e6f8dc42ae7d786f7f0306b5397ed257b4f4fa,1571042268824,1571042268
0x6bd7dc05fb2bd6783a3e8a79771d3dd115429acf4d87393181356a4373dfa0bb,1571042268846,1571042268
0x11e1b6f0e6a8b84ffcbca422c73c01fcdc1f2d1d216cde274fb4275fd8f3da95,1571042268873,1571042268
0x18812e7e9f81b59b6c9ba060e96cd461aebe9a55418470f7ed30043be2840d34,1571042268900,1571042268
0x273c4fd0571a65b1fc0d038fdaab9337fb01c8b4a30514098e181112e777ebc1,1571042268923,1571042268
0xf54144ea5a87ac8d5bc5a71e7e81e678e87212e3b5d8f88a5f2e7ab028431f6d,1571042268984,1571042268
0xcfd403d4c60ce625a329fec7f5898d753a84014406de1200bfe1de9cd4e2a687,1571042269023,1571042268
0x57bf33a819e282c48beab60307a965a8be7b09b209ea8ac863cee83ae6f21d1f,1571042269116,1571042269
0xecaea5695f2c7d9b71628e6e83ce0cf3cda9c8748f8b0d7dd5c6d702eca2a0eb,1571042269141,1571042269
0xc020204cd2f4027bb392bf6a5dfb3bbc408484e3991669f3df7fd884dd9a633f,1571042269158,1571042269
0xd141a73b1ac9cbf1d781461fca9c7de911af28d9711abf9ce09f98c565e5c559,1571042269179,1571042269
0x085c80ab3bed6395fc7393be6ef42ef1e9dd7a74dfd1bdf353601030385ef5ea,1571042269201,1571042269
0xb8c49624c10162eb69262992f858553f845e12344a8d00915cb95ad9d46da867,1571042269218,1571042269
0x52abdf4c526eb48dd8235b59ff8d473a077bb8d01d565b06a28a8274aedcd71e,1571042269241,1571042269
0xd57eb2d1ab2181349708c3ec7b8c3ffcff0e8c8700022d621e016f557ff5e2ed,1571042269264,1571042269
0x3faea49a23d3cde52f5af4a62f849dbaf26c32f5ce4781333d5e5c792182fdee,1571042269287,1571042269
0x64158cff0abcb811e82ab4deaf99b1300e27648488f445db810fe73b817813b6,1571042269312,1571042269
0x36b59ef7cb135375c81249e9faece4e7103ef77ae1f8ae0b3a07fc6f1242c9d7,1571042269332,1571042269
0x8d5fcb1a9698f2498869fe999ca526e87594806c7f2f3eff3579d2329b263503,1571042269351,1571042269
0xf9938bdd14d64b49c6bbd7a4260999ccb2b3fa3384ed27a9e55cce7c94724774,1571042269374,1571042269
0x0fda6faf0b6efc2b369251a59077b27703600a30284061077a213f9a278a72ed,1571042269391,1571042269
0x528391417db28118507208ac6199e5db5c3a6b8de7ec90159efc5aafcbeb4acf,1571042269459,1571042269
0xf65bd1eef248edc449b24103fed1dfeed712ae1e5371a22c0f9b8eff99d2ebe9,1571042269528,1571042269
0x5cc76ad667191cb3fc5d67c0d49b8c26bc678d9db8c53b58a853649510b40a36,1571042269588,1571042269
0x4ece60e3b5440a5102d78543aa18b94ca02cf332132a4fe49f85480707eb9269,1571042269611,1571042269
0xa968af8d42a5a5066aa59e6c415a9735b2a9d3eeb373260b9e216f31cb2aa573,1571042269642,1571042269
0xd9b63712915a04b2f0a22374f91a9e69bcb82c4a89ecbc83e94e10b1cbc25e77,1571042269670,1571042269
0x74e0ff1aaecd9e3e1dad7634b142ba13095ed24b2546b5f1b741c3826f2abaa1,1571042269694,1571042269
0x1f5a51f541d239efe8777caf5f2b7ac50be1bad739b09acaa7a18bcfd100a993,1571042269722,1571042269
0x42b84a21acdc2a17fa82d8a39916717cfecc791b79eec821bd49f56db3b4280c,1571042269745,1571042269
0x43fffc4df4c066e79f2669ac538918deb3eca9ce6779145e2c144b531170749f,1571042269773,1571042269
0x436a2ebcdc06a0b53576b3e615acb3b2bd09a494e713cc83846bf6500e24f5c4,1571042269797,1571042269
0x7e262a850a9da450de5fe5c6e0c112deb0db639b3717d5f374d74fcb85736a67,1571042269823,1571042269
0x746a1d34d8e52e4a5e1946cd30ccb002b69fa450dc9f690a111d2e93aa24551b,1571042269839,1571042269
0x00807e4e77ea1c372f7b5fb7a2a9eb044dfd162942f24a8b17f31c2467c75c94,1571042269907,1571042269
0xa3e9c6e88b0aa9df7a6f6faa64a12487bcf1e0e28aa737319c496dfb0b445839,1571042269924,1571042269
0xee6395c857683e69dfaf783bd1f519d86bf4bb4ff061b71ecc1b8549e52873fe,1571042269945,1571042269
0x9e6138aac182ef321f225a53413d6a54a54e0726c4215b0c9a3e41944d843781,1571042269967,1571042269
0xba7fcccbbb1f559756bd9da7dc59d8189cbaf4aa84841a8579268343df92a0f5,1571042269987,1571042269
0x7eb98d48ba37fde29ee43edf65b108ee78104ffd90a3246ed33afefcdff4e4b6,1571042270012,1571042269
0x1a40e1e752a0d58adc953099f6486e41117234d856aa27c37c70fb9fd6f1555a,1571042270028,1571042270
0x07167d7d26d5d27d779b956e6c19592f86c6e608e04a1bde3c1db6567b76df0c,1571042270046,1571042270
0x0ede273e512c03b50582f03d861a8de022aff082f9e8c45847555b805f3af9fb,1571042270069,1571042270
0xaf9a72ad9066c3755ba3479d72a855c5ea94053d60dd6b6037aa00d563c977a6,1571042270088,1571042270
0xb8a9938f06dca123b530e09dbe690c3016e444076a01e5473c5c9baadab85b62,1571042270107,1571042270
0xd18772dc9aa3c9ac0de872dd0d0be112e20c1d28ba1d4a89238a339292cab3d3,1571042270127,1571042270
0xf0183b97252b1bb1f7f146a13af9c3adba1a9e8bbc6d46de5c7300113b1f0cbd,1571042270142,1571042270
0x4140598b6684dd48f078eaa6fc46ff5861c81e7a8aa8c3ea97420e1a4873b655,1571042270160,1571042270
0x9a676745ee7a5caf7a800d517d9fbe25e8deec36b1ee795895697b2bb14769c4,1571042270180,1571042270
0xd456e427afad0ab8e6dcc6269def4fc41395b4943d65264aa0d56a5d47f986b7,1571042270197,1571042270
0x6e9cb2ff57027c3d958bc08c2d98c5c80eed6dc8d475eb53fd48a59b1478abce,1571042270215,1571042270
0x367b44aa460a8e81937d9c569f3fbe5559af1fe862212438dd309249b3a8a99a,1571042270231,1571042270
0xa5c0929b86af919763972e26a369a37f88f8da4e07c2d4c6898481481b0e899d,1571042270248,1571042270
0xc350d1038e6c8baed17aa75309451228b0138727894b1b78f7ade011c1addb38,1571042270270,1571042270
0x7c226ea6a90a9b5c8602657726175290e30f3629eb7744a04a148ae12b94664a,1571042270290,1571042270
0x07454a37af8b8e032b467850d180be17c409f2d212bc971df6be87ea5928df5f,1571042270309,1571042270
0xf0776c8c4d3f7eba065133bebc87c985c84d530e30438c31d705b47d87c4a44d,1571042270326,1571042270
0x8409aa7f46d080024adf47b6773da863179452b9c3f0231df6607cc02965a118,1571042270344,1571042270
0x6d63f27b1c3050cde170b7b581edffa89dc9a763254d0a2795ed888570ba6120,1571404374510,1571404370
0x8b9902694d236c8f8e30e41876caf220a3470aa17e7519d5bea9a3f1c3aaa59f,1571405401448,1571405400
0xe7336ce8bcb135e022089044f271c79fccc2849560aa8a51f143382106cad030,1571405459228,1571405454
0x23f0b1e0579285cedfb9d5dfe2d403429d481b7db3f478fded86f685735d1eea,1571405765412,1571405762
