i1,1572275539144
i10,1572275539144
i20,1572275539144
i0,1572275539145
i2,1572275539145
i15,1572275539733
i18,1572275539736
i9,1572275539816
i13,1572275539817
i11,1572275539817
i7,1572275539818
i14,1572275539818
i4,1572275539819
i19,1572275539820
i6,1572275539820
i17,1572275539821
i12,1572275539822
i3,1572275539823
i8,1572275539824
i5,1572275539832
i16,1572275539833
i22,1572275545670
i21,1572275545700
i24,1572275545842
i26,1572275545875
i27,1572275545906
i25,1572275545908
i23,1572275545938
i33,1572275545941
i28,1572275545973
i34,1572275545975
i38,1572275546019
i29,1572275546022
i31,1572275546080
i32,1572275546083
i40,1572275546130
i30,1572275546132
i39,1572275546174
i37,1572275546174
i36,1572275546179
i42,1572275546179
i35,1572275546181
i41,1572275546483
i44,1572275546539
i46,1572275546591
i58,1572275546648
i56,1572275546700
i54,1572275546755
i60,1572275546811
i55,1572275546871
i48,1572275546927
i61,1572275546986
i51,1572275547047
i45,1572275547107
i53,1572275547122
i49,1572275547125
i43,1572275547135
i59,1572275547138
i47,1572275547141
i52,1572275547144
i57,1572275547145
i50,1572275547145
i62,1572275547148
i64,1572275550166
i66,1572275550196
i65,1572275550226
i73,1572275550257
i63,1572275550286
i67,1572275550317
i76,1572275550394
i78,1572275550395
i71,1572275550398
i74,1572275550399
i72,1572275550401
i77,1572275550404
i79,1572275550405
i80,1572275550409
i69,1572275550410
i75,1572275550411
i70,1572275550414
i82,1572275550417
i68,1572275550420
i81,1572275550424
i83,1572275550643
i87,1572275554913
i91,1572275554949
i88,1572275554976
i84,1572275555004
i124,1572275555036
i86,1572275555066
i85,1572275555202
i123,1572275555205
i92,1572275555230
i126,1572275555233
i93,1572275555259
i89,1572275555262
i94,1572275555284
i90,1572275555287
i96,1572275555311
i125,1572275555315
i122,1572275555341
i108,1572275555344
i109,1572275555370
i110,1572275555373
i95,1572275555401
i128,1572275558414
i114,1572275558690
i102,1572275558717
i118,1572275558747
i103,1572275558775
i113,1572275558802
i117,1572275558830
i116,1572275558863
i100,1572275558880
i101,1572275558881
i99,1572275558885
i112,1572275558886
i98,1572275558889
i111,1572275558891
i115,1572275558892
i127,1572275558894
i97,1572275558898
i104,1572275559143
i119,1572275559143
i120,1572275559143
i121,1572275559144
i107,1572275562144
i1066,1572275562175
i105,1572275562208
i1065,1572275562244
i1067,1572275562276
i106,1572275562443
i1061,1572275562446
i1020,1572275562495
i1054,1572275562532
i1060,1572275562564
i1063,1572275562599
i1053,1572275562620
i1064,1572275562624
i1062,1572275562627
i1055,1572275562628
i1051,1572275562631
i1058,1572275562635
i1052,1572275562636
i1057,1572275562639
i1059,1572275562640
i1056,1572275562643
i1050,1572275575899
i1048,1572275575923
i1049,1572275575952
i1030,1572275576160
i1031,1572275576197
i1043,1572275576340
i1044,1572275576377
i1040,1572275576411
i1036,1572275576418
i1035,1572275576422
i1045,1572275576423
i1041,1572275576426
i1046,1572275576431
i1042,1572275576433
i1047,1572275576437
i1038,1572275576441
i1039,1572275576445
i1034,1572275576448
i1033,1572275576449
i1037,1572275576453
i1032,1572275576456
i1027,1572275587397
i1026,1572275587420
i1012,1572275587445
i1029,1572275587472
i1025,1572275587496
i1028,1572275587608
i1024,1572275587632
i1011,1572275587664
i1016,1572275587694
i1008,1572275587734
i1017,1572275587762
i1015,1572275587870
i1010,1572275587872
i1018,1572275587875
i1021,1572275587878
i1019,1572275587879
i1022,1572275587882
i1014,1572275587883
i1009,1572275587884
i1023,1572275587887
i1013,1572275587889
i1006,1572275600176
i996,1572275600226
i989,1572275600358
i1004,1572275600402
i995,1572275600415
i987,1572275600453
i997,1572275600461
i998,1572275600500
i993,1572275600508
i1003,1572275600521
i1000,1572275600522
i1005,1572275600525
i1007,1572275600525
i999,1572275600529
i1001,1572275600529
i991,1572275600533
i1002,1572275600533
i994,1572275600538
i990,1572275600539
i986,1572275600542
i988,1572275600543
i992,1572275600547
i985,1572275600547
i973,1572275600777
i982,1572275600827
i980,1572275600878
i975,1572275600928
i974,1572275600982
i971,1572275601039
i969,1572275601089
i981,1572275601141
i977,1572275601145
i979,1572275601197
i968,1572275601200
i976,1572275601247
i966,1572275601250
i972,1572275601298
i984,1572275601301
i967,1572275601354
i983,1572275601357
i978,1572275601365
i970,1572275601365
i956,1572275615666
i963,1572275615691
i964,1572275615716
i959,1572275615741
i961,1572275615888
i953,1572275615924
i965,1572275615954
i957,1572275615993
i958,1572275616026
i960,1572275616208
i955,1572275616214
i962,1572275616240
i952,1572275616248
i946,1572275616273
i948,1572275616280
i951,1572275616314
i947,1572275616320
i954,1572275616342
i949,1572275616347
i950,1572275616370
i945,1572275616374
i943,1572275631238
i937,1572275631273
i942,1572275631299
i930,1572275631322
i936,1572275631349
i925,1572275631381
i934,1572275631408
i932,1572275631414
i935,1572275631443
i941,1572275631446
i931,1572275631469
i928,1572275631472
i938,1572275631502
i940,1572275631505
i926,1572275631520
i933,1572275631521
i944,1572275631522
i939,1572275631522
i919,1572275631527
i927,1572275631527
i929,1572275631528
i924,1572275639659
i921,1572275639678
i923,1572275639699
i905,1572275640226
i903,1572275640228
i912,1572275640230
i916,1572275640232
i906,1572275640235
i917,1572275640238
i913,1572275640240
i911,1572275640244
i904,1572275640246
i920,1572275640253
i915,1572275640257
i914,1572275640265
i907,1572275640273
i909,1572275640278
i910,1572275640286
i918,1572275640291
i922,1572275640292
i908,1572275640294
i901,1572275648711
i900,1572275648732
i897,1572275648754
i893,1572275648779
i902,1572275648801
i895,1572275648832
i898,1572275648943
i899,1572275648967
i896,1572275648988
i881,1572275649167
i894,1572275649192
i889,1572275649217
i884,1572275649244
i883,1572275649269
i891,1572275649272
i892,1572275649275
i885,1572275649276
i886,1572275649278
i888,1572275649283
i887,1572275649288
i890,1572275649290
i873,1572275651154
i880,1572275651177
i879,1572275651204
i871,1572275651228
i869,1572275651257
i864,1572275651259
i870,1572275651263
i863,1572275651265
i877,1572275651270
i876,1572275651274
i866,1572275651277
i875,1572275651284
i868,1572275651289
i872,1572275651292
i874,1572275651295
i878,1572275651297
i882,1572275651301
i861,1572275651393
i867,1572275651393
i862,1572275651393
i865,1572275651393
i843,1572275652696
i840,1572275652697
i851,1572275652698
i849,1572275652701
i853,1572275652703
i846,1572275652707
i856,1572275652709
i855,1572275652712
i850,1572275652713
i844,1572275652716
i860,1572275652718
i847,1572275652723
i854,1572275652727
i852,1572275652728
i858,1572275652731
i859,1572275652734
i848,1572275652737
i857,1572275652739
i845,1572275652893
i842,1572275652893
i841,1572275652893
i829,1572275665146
i835,1572275665168
i839,1572275665188
i838,1572275665208
i836,1572275665230
i825,1572275665393
i837,1572275665393
i832,1572275665393
i831,1572275665394
i822,1572275665643
i830,1572275665643
i827,1572275665644
i820,1572275665644
i824,1572275665644
i823,1572275665644
i828,1572275665644
i826,1572275665644
i833,1572275665645
i834,1572275665645
i819,1572275665645
i821,1572275665645
i814,1572275666447
i815,1572275666473
i813,1572275666496
i816,1572275666518
i817,1572275666543
i818,1572275666565
i811,1572275666593
i807,1572275666667
i809,1572275666675
i812,1572275666677
i804,1572275666680
i810,1572275666683
i802,1572275666687
i806,1572275666689
i801,1572275666692
i797,1572275666694
i800,1572275666696
i803,1572275666697
i808,1572275666700
i799,1572275666707
i805,1572275666711
i796,1572275671939
i790,1572275671959
i789,1572275671980
i798,1572275671997
i783,1572275671998
i794,1572275672000
i781,1572275672001
i795,1572275672003
i793,1572275672004
i791,1572275672143
i779,1572275672144
i788,1572275672144
i778,1572275672144
i780,1572275672144
i792,1572275672144
i776,1572275672145
i784,1572275672145
i787,1572275672145
i785,1572275672145
i782,1572275672145
i786,1572275672145
i762,1572275675651
i764,1572275675666
i773,1572275675685
i772,1572275675703
i775,1572275675781
i771,1572275675802
i768,1572275675822
i769,1572275675846
i777,1572275675868
i770,1572275675889
i767,1572275675903
i766,1572275675905
i763,1572275675907
i774,1572275675911
i684,1572275676143
i765,1572275676143
i683,1572275676143
i680,1572275676144
i679,1572275676144
i681,1572275676144
i682,1572275676144
i691,1572275685446
i687,1572275685466
i699,1572275685487
i685,1572275685501
i696,1572275685502
i692,1572275685503
i694,1572275685505
i693,1572275685509
i690,1572275685510
i689,1572275685512
i688,1572275685514
i695,1572275685517
i686,1572275685519
i705,1572275685643
i703,1572275685643
i701,1572275685644
i700,1572275685644
i702,1572275685644
i698,1572275685644
i697,1572275685644
i704,1572275685644
i706,1572275687145
i707,1572275687162
i726,1572275687404
i714,1572275687405
i720,1572275687407
i724,1572275687408
i719,1572275687411
i712,1572275687413
i718,1572275687414
i717,1572275687415
i711,1572275687418
i722,1572275687420
i715,1572275687421
i708,1572275687423
i713,1572275687426
i716,1572275687427
i721,1572275687476
i723,1572275687478
i710,1572275687480
i709,1572275687481
i725,1572275687643
i728,1572275694929
i733,1572275694953
i732,1572275694978
i731,1572275695004
i734,1572275695028
i729,1572275695052
i737,1572275695131
i727,1572275695145
i730,1572275695147
i736,1572275695148
i743,1572275695148
i741,1572275695151
i739,1572275695151
i738,1572275695153
i735,1572275695155
i746,1572275695158
i742,1572275695158
i747,1572275695161
i740,1572275695161
i744,1572275695643
i745,1572275695643
i750,1572275705155
i756,1572275705413
i752,1572275705488
i757,1572275705514
i753,1572275705540
i760,1572275705568
i755,1572275705652
i552,1572275705654
i554,1572275705677
i758,1572275705678
i551,1572275705703
i553,1572275705704
i748,1572275705737
i749,1572275705739
i751,1572275705827
i761,1572275705829
i759,1572275705856
i550,1572275705859
i564,1572275705896
i556,1572275705899
i565,1572275705935
i561,1572275705938
i568,1572275705974
i555,1572275705976
i559,1572275706062
i567,1572275706064
i562,1572275706090
i558,1572275706092
i560,1572275706094
i569,1572275706094
i563,1572275706097
i754,1572275706097
i570,1572275706100
i557,1572275706101
i574,1572275706144
i575,1572275706146
i577,1572275706151
i576,1572275706155
i573,1572275706157
i566,1572275706159
i571,1572275706162
i572,1572275706163
i581,1572275709897
i582,1572275709919
i587,1572275709941
i585,1572275709964
i584,1572275709989
i580,1572275709990
i578,1572275709991
i579,1572275709992
i588,1572275709994
i583,1572275709996
i586,1572275709999
i1073,1572275710150
i595,1572275710178
i593,1572275710208
i1071,1572275710237
i591,1572275710271
i592,1572275710309
i1068,1572275710340
i594,1572275710374
i589,1572275710408
i590,1572275710449
i1069,1572275710457
i1072,1572275710460
i1074,1572275710465
i1079,1572275710643
i1085,1572275710643
i1077,1572275710643
i1082,1572275710643
i1083,1572275710643
i1080,1572275710644
i1070,1572275710644
i1075,1572275710644
i1087,1572275710644
i1081,1572275710644
i1076,1572275710644
i1089,1572275710644
i1092,1572275710644
i1084,1572275710644
i1078,1572275710644
i1090,1572275710644
i1088,1572275710645
i1086,1572275710645
i1103,1572275711643
i1099,1572275711643
i1094,1572275711644
i1102,1572275711644
i1109,1572275711644
i1166,1572275711644
i1091,1572275711644
i1098,1572275711644
i1093,1572275711644
i1101,1572275711644
i1097,1572275711645
i1111,1572275711645
i1100,1572275711645
i1105,1572275711645
i1096,1572275711645
i1108,1572275711645
i1095,1572275711645
i1106,1572275711645
i1107,1572275711646
i1104,1572275711646
i1110,1572275712143
i1114,1572275728151
i1112,1572275728166
i1113,1572275728182
i1118,1572275728197
i1115,1572275728215
i1129,1572275728643
i1132,1572275728643
i1120,1572275728643
i1128,1572275728644
i1127,1572275728644
i1126,1572275728644
i1122,1572275728644
i1124,1572275728644
i1131,1572275728644
i1119,1572275728644
i1130,1572275728645
i1125,1572275728645
i1123,1572275728645
i1117,1572275728645
i1116,1572275728645
i1121,1572275728645
i1134,1572275739401
i1135,1572275739416
i1133,1572275739435
i1140,1572275739643
i1138,1572275739644
i1147,1572275739644
i1141,1572275739644
i1148,1572275739644
i1145,1572275739644
i1154,1572275739645
i1149,1572275739645
i1137,1572275739645
i1144,1572275739645
i1142,1572275739645
i1136,1572275739645
i1150,1572275739645
i1139,1572275739645
i1151,1572275739645
i1143,1572275739893
i1146,1572275739893
i1152,1572275739893
i1157,1572275756402
i1153,1572275756416
i1172,1572275756643
i1155,1572275756643
i1160,1572275756644
i1162,1572275756644
i1171,1572275756644
i1159,1572275756644
i1175,1572275756644
i1167,1572275756644
i1169,1572275756645
i1174,1572275756645
i1163,1572275756645
i1173,1572275756645
i1156,1572275756645
i1165,1572275756645
i1170,1572275756645
i1168,1572275756645
i1158,1572275756646
i1164,1572275756646
i1161,1572275756646
i1190,1572275765166
i1180,1572275765186
i1182,1572275765212
i1184,1572275765234
i1187,1572275765263
i1191,1572275765291
i1179,1572275765319
i1181,1572275765348
i1183,1572275765379
i1177,1572275765415
i1188,1572275765421
i1186,1572275765443
i1178,1572275765449
i1176,1572275765471
i1185,1572275765474
i1189,1572275765498
i1195,1572275765502
i1194,1572275765518
i1196,1572275765518
i1192,1572275765521
i1193,1572275765521
i1197,1572275796416
i1212,1572275796643
i1202,1572275796644
i1210,1572275796644
i1199,1572275796644
i1213,1572275796644
i1203,1572275796644
i1215,1572275796645
i1200,1572275796645
i1201,1572275796645
i1206,1572275796645
i1216,1572275796645
i1209,1572275796645
i1211,1572275796646
i1214,1572275796646
i1205,1572275796646
i1217,1572275796646
i1208,1572275796646
i1204,1572275796646
i1198,1572275796646
i1207,1572275796646
i1225,1572275801166
i1222,1572275801166
i1226,1572275801166
i1218,1572275801166
i1223,1572275801167
i1224,1572275801167
i1220,1572275801167
i1228,1572275801167
i1221,1572275801167
i1238,1572275801393
i1231,1572275801393
i1229,1572275801393
i1233,1572275801394
i1236,1572275801394
i1235,1572275801394
i1234,1572275801394
i1237,1572275801394
i1230,1572275801395
i1227,1572275801395
i1219,1572275801395
i1232,1572275801395
i1239,1572275808894
i1240,1572275808907
i1241,1572275808923
i1242,1572275808939
i1243,1572275809143
i1557,1572275809143
i1244,1572275809143
i1546,1572275809144
i1558,1572275809144
i1554,1572275809144
i1547,1572275809144
i1549,1572275809144
i1555,1572275809144
i1551,1572275809144
i1553,1572275809144
i1559,1572275809144
i1550,1572275809145
i1560,1572275809145
i1556,1572275809145
i1548,1572275809643
i1552,1572275809644
i1545,1572275810659
i1544,1572275810660
i1543,1572275810662
i1541,1572275810665
i1561,1572275810670
i1540,1572275810672
i1542,1572275810674
i1569,1572275811143
i1538,1572275811143
i1564,1572275811144
i1565,1572275811144
i1570,1572275811144
i1563,1572275811144
i1566,1572275811144
i1568,1572275811144
i1539,1572275811145
i1567,1572275811145
i1572,1572275811145
i1562,1572275811145
i1537,1572275811145
i1571,1572275811145
i1573,1572275811643
i1579,1572275811644
i1578,1572275811644
i1586,1572275811644
i1577,1572275811644
i1580,1572275811644
i1587,1572275811645
i1574,1572275811645
i1582,1572275811645
i1576,1572275811645
i1585,1572275811645
i1583,1572275811645
i1581,1572275811645
i1575,1572275811646
i1592,1572275811895
i1590,1572275811895
i1589,1572275811895
i1591,1572275811895
i1588,1572275811895
i1584,1572275811896
i1594,1572275811896
i1601,1572275814393
i1599,1572275814393
i1610,1572275814394
i1607,1572275814394
i1605,1572275814394
i1611,1572275814394
i1598,1572275814394
i1613,1572275814394
i1606,1572275814394
i1602,1572275814394
i1608,1572275814394
i1595,1572275814395
i1609,1572275814395
i1603,1572275814395
i1600,1572275814395
i1604,1572275814395
i1596,1572275814395
i1597,1572275814395
i1593,1572275814395
i1614,1572275814643
i1612,1572275814643
i1629,1572275825393
i1621,1572275825393
i1616,1572275825393
i1620,1572275825394
i1622,1572275825394
i1624,1572275825395
i1627,1572275825395
i1626,1572275825395
i1615,1572275825395
i1625,1572275825395
i1623,1572275825395
i1619,1572275825395
i1618,1572275825395
i1617,1572275825396
i1628,1572275825396
i1633,1572275825643
i1631,1572275825643
i1630,1572275825644
i1632,1572275825644
i1635,1572275825644
i1634,1572275825644
i1636,1572275829643
i1637,1572275829643
i1643,1572275829893
i1650,1572275829893
i1649,1572275829894
i1642,1572275829894
i1644,1572275829894
i1648,1572275829894
i1266,1572275829894
i1640,1572275829894
i1645,1572275829895
i1652,1572275829895
i1638,1572275829895
i1651,1572275829895
i1647,1572275829895
i1646,1572275829895
i1639,1572275829895
i1654,1572275829895
i1641,1572275830143
i1653,1572275830143
i1655,1572275830143
i1656,1572275832893
i1661,1572275832893
i1256,1572275832893
i1263,1572275832894
i1261,1572275832894
i1660,1572275832894
i1662,1572275832894
i1259,1572275832894
i1265,1572275832894
i1657,1572275832894
i1251,1572275832894
i1665,1572275832894
i1658,1572275832895
i1260,1572275832895
i1664,1572275832895
i1262,1572275832895
i1264,1572275832895
i1663,1572275832895
i1258,1572275832895
i1659,1572275832895
i1257,1572275833143
i1253,1572275837397
i1252,1572275837398
i1255,1572275837400
i1254,1572275837403
i1460,1572275837643
i1462,1572275837643
i1245,1572275837644
i1459,1572275837644
i1247,1572275837644
i1453,1572275837644
i1458,1572275837644
i1250,1572275837644
i1246,1572275837644
i1461,1572275837644
i1455,1572275837645
i1249,1572275837645
i1454,1572275837645
i1463,1572275837645
i1457,1572275837645
i1456,1572275837645
i1248,1572275837645
i1449,1572275849649
i1452,1572275849661
i1450,1572275849674
i1451,1572275849686
i1444,1572275850143
i1433,1572275850143
i1438,1572275850144
i1446,1572275850144
i1448,1572275850144
i1447,1572275850144
i1442,1572275850144
i1440,1572275850144
i1430,1572275850145
i1437,1572275850145
i1445,1572275850145
i1439,1572275850145
i1443,1572275850145
i1436,1572275850145
i1441,1572275850145
i1435,1572275850145
i1434,1572275850393
i1425,1572275854643
i1431,1572275854644
i1417,1572275854644
i1427,1572275854644
i1426,1572275854645
i1420,1572275854645
i1423,1572275854645
i1432,1572275854645
i1414,1572275854645
i1418,1572275854646
i1413,1572275854646
i1411,1572275854646
i1428,1572275854646
i1421,1572275854646
i1424,1572275854646
i1419,1572275854646
i1422,1572275854647
i1415,1572275854647
i1416,1572275854893
i1407,1572275854893
i1412,1572275854893
i1410,1572275862393
i1400,1572275862643
i1404,1572275862643
i1397,1572275862644
i1393,1572275862644
i1396,1572275862644
i1429,1572275862644
i1398,1572275862644
i1401,1572275862644
i1399,1572275862645
i1395,1572275862645
i1389,1572275862645
i1391,1572275862645
i1405,1572275862645
i1403,1572275862645
i1406,1572275862645
i1394,1572275862645
i1392,1572275862646
i1409,1572275862646
i1402,1572275862646
i1408,1572275862646
i1390,1572275871893
i1388,1572275871893
i1379,1572275872143
i1385,1572275872143
i1370,1572275872143
i1374,1572275872144
i1371,1572275872144
i1381,1572275872144
i1369,1572275872144
i1375,1572275872144
i1377,1572275872145
i1373,1572275872145
i1383,1572275872145
i1378,1572275872145
i1387,1572275872145
i1372,1572275872145
i1384,1572275872145
i1380,1572275872145
i1382,1572275872145
i1386,1572275872145
i1376,1572275872643
i1368,1572275891643
i1366,1572275891643
i1364,1572275891644
i1359,1572275891644
i1367,1572275891644
i1477,1572275891644
i1527,1572275891644
i1357,1572275891644
i1361,1572275891644
i1365,1572275891644
i1476,1572275891644
i1363,1572275891645
i1360,1572275891645
i1362,1572275891645
i1358,1572275891645
i1478,1572275892143
i1480,1572275892143
i1479,1572275892143
i1481,1572275892144
i1482,1572275892144
i1475,1572275892144
i1526,1572275893643
i1486,1572275893643
i1483,1572275893644
i1484,1572275893644
i1485,1572275893893
i1502,1572275893894
i1500,1572275893893
i1488,1572275893894
i1497,1572275893894
i1496,1572275893894
i1495,1572275893894
i1489,1572275893894
i1490,1572275893895
i1499,1572275893895
i1498,1572275893895
i1494,1572275893895
i1491,1572275893895
i1487,1572275893895
i1501,1572275893895
i1492,1572275893895
i1493,1572275894143
i1503,1572275894643
i1505,1572275894643
i1509,1572275894644
i1504,1572275895143
i1519,1572275895143
i1507,1572275895143
i1508,1572275895143
i1518,1572275895144
i1520,1572275895144
i1513,1572275895144
i1517,1572275895144
i1515,1572275895144
i1512,1572275895144
i1506,1572275895144
i1516,1572275895145
i1521,1572275895145
i1523,1572275895145
i1514,1572275895145
i1510,1572275895145
i1511,1572275895145
i1522,1572275895145
i1468,1572275897643
i1525,1572275897643
i1524,1572275897644
i1267,1572275897644
i1470,1572275897644
i1473,1572275897644
i1464,1572275897644
i1268,1572275897644
i1465,1572275897645
i1466,1572275897645
i1469,1572275897645
i1467,1572275897645
i1471,1572275897645
i1474,1572275897645
i1472,1572275897646
i1303,1572275897646
i1270,1572275898143
i1269,1572275898143
i1273,1572275898143
i1272,1572275898143
i1271,1572275898144
i1278,1572275900143
i1277,1572275900143
i1280,1572275900143
i1276,1572275900144
i1285,1572275900144
i1275,1572275900144
i1288,1572275900144
i1274,1572275900144
i1283,1572275900144
i1286,1572275900393
i1306,1572275900393
i1289,1572275900393
i1291,1572275900393
i1284,1572275900394
i1287,1572275900394
i1279,1572275900394
i1292,1572275900394
i1304,1572275900394
i1282,1572275900394
i1281,1572275900394
i1290,1572275900643
i1293,1572275912143
i1298,1572275912144
i1305,1572275912144
i1295,1572275912144
i1294,1572275912145
i1300,1572275912393
i1297,1572275912394
i1308,1572275912393
i1299,1572275912394
i1310,1572275912394
i1302,1572275912394
i1315,1572275912394
i1313,1572275912394
i1307,1572275912394
i1312,1572275912394
i1309,1572275912395
i1311,1572275912395
i1301,1572275912395
i1316,1572275912395
i1314,1572275912395
i1296,1572275912395
i1321,1572275925393
i1330,1572275925393
i1325,1572275925393
i1329,1572275925394
i1327,1572275925394
i1318,1572275925394
i1322,1572275925394
i1317,1572275925394
i1323,1572275925394
i1328,1572275925394
i1353,1572275925395
i1320,1572275925395
i1326,1572275925395
i1319,1572275925395
i1324,1572275925395
i1333,1572275925643
i1336,1572275925644
i1331,1572275925644
i1334,1572275925647
i1335,1572275925648
i1332,1572275925648
i1338,1572275931143
i1337,1572275931143
i1341,1572275931144
i1340,1572275931144
i1745,1572275931393
i1746,1572275931393
i1749,1572275931393
i1747,1572275931393
i1756,1572275931394
i1751,1572275931394
i1755,1572275931394
i1750,1572275931394
i1753,1572275931394
i1748,1572275931394
i1744,1572275931394
i1343,1572275931394
i1342,1572275931395
i1339,1572275931395
i1761,1572275931395
i1754,1572275931395
i1752,1572275931643
i1757,1572275931893
i1759,1572275931893
i1763,1572275931893
i1762,1572275931893
i1758,1572275931894
i1760,1572275931894
i1765,1572275931894
i1778,1572275932143
i1777,1572275932143
i1766,1572275932143
i1768,1572275932144
i1773,1572275932144
i1770,1572275932144
i1771,1572275932144
i1772,1572275932144
i1764,1572275932144
i1774,1572275932144
i1769,1572275932144
i1767,1572275932144
i1776,1572275932145
i1775,1572275932145
i1786,1572275942893
i1788,1572275942893
i1792,1572275942894
i1779,1572275942894
i1784,1572275942894
i1787,1572275942894
i1781,1572275942894
i1780,1572275942894
i1783,1572275942894
i1791,1572275942894
i1785,1572275942895
i1782,1572275942895
i1793,1572275943143
i1795,1572275943143
i1801,1572275943144
i1796,1572275943144
i1789,1572275943144
i1790,1572275943144
i1799,1572275943144
i1794,1572275943144
i1802,1572275943144
i1798,1572275945143
i1807,1572275945143
i1804,1572275945144
i1803,1572275945144
i1806,1572275945144
i1797,1572275945144
i1808,1572275945144
i1805,1572275945144
i1809,1572275945144
i1812,1572275945393
i1815,1572275945393
i1810,1572275945393
i1811,1572275945394
i1816,1572275945394
i1820,1572275945394
i1819,1572275945394
i1813,1572275945395
i1817,1572275945395
i1818,1572275945395
i1800,1572275945395
i1814,1572275945395
i1826,1572275946393
i1825,1572275946393
i1821,1572275946394
i1823,1572275946394
i1822,1572275946394
i1827,1572275946394
i1836,1572275946643
i1839,1572275946643
i1833,1572275946643
i1841,1572275946644
i1834,1572275946644
i1830,1572275946644
i1829,1572275946644
i1824,1572275946644
i1835,1572275946644
i1828,1572275946644
i1831,1572275946644
i1838,1572275946644
i1840,1572275946645
i1837,1572275946645
i1832,1572275946645
i1850,1572275952143
i1853,1572275952143
i1843,1572275952144
i1854,1572275952144
i1846,1572275952144
i1849,1572275952144
i1855,1572275952144
i1847,1572275952144
i1851,1572275952144
i1848,1572275952144
i1859,1572275952144
i1845,1572275952145
i1842,1572275952145
i1857,1572275952145
i1858,1572275952145
i1844,1572275952145
i1856,1572275952393
i1860,1572275952394
i1862,1572275952394
i1852,1572275952394
i1861,1572275952394
i1863,1572275957643
i1864,1572275957643
i1870,1572275957644
i1867,1572275957644
i1866,1572275957644
i1868,1572275957644
i1865,1572275957644
i1347,1572275958143
i1352,1572275958144
i1348,1572275958144
i1351,1572275958144
i1869,1572275958144
i1346,1572275958144
i1349,1572275958144
i1356,1572275958144
i1344,1572275958145
i1355,1572275958145
i1350,1572275958145
i1354,1572275958145
i1871,1572275958145
i1872,1572275958145
i1673,1572275962893
i1345,1572275962893
i1734,1572275962893
i1535,1572275962893
i1528,1572275962894
i1534,1572275962894
i1672,1572275962894
i1675,1572275962894
i1531,1572275962894
i1670,1572275962894
i1530,1572275962894
i1533,1572275962894
i1671,1572275962895
i1667,1572275963143
i1666,1572275963143
i1536,1572275963143
i1674,1572275963144
i1668,1572275963144
i1669,1572275963144
i1529,1572275963144
i1532,1572275963144
i1743,1572275964143
i1738,1572275964393
i1742,1572275964394
i1735,1572275964394
i1722,1572275964395
i1728,1572275964395
i1737,1572275964395
i1729,1572275964396
i1736,1572275964396
i1740,1572275964396
i1731,1572275964397
i1739,1572275964397
i1724,1572275964397
i1732,1572275964397
i1723,1572275964398
i1733,1572275964398
i1741,1572275964398
i1730,1572275964399
i1727,1572275964643
i1725,1572275964643
i1726,1572275964643
i1711,1572275982893
i1716,1572275982893
i1718,1572275982893
i1720,1572275982893
i1710,1572275982894
i1715,1572275982894
i1721,1572275982894
i1703,1572275983143
i1709,1572275983143
i1704,1572275983143
i1713,1572275983144
i1719,1572275983144
i1708,1572275983144
i1717,1572275983144
i1702,1572275983144
i1714,1572275983144
i1712,1572275983144
i1701,1572275983144
i1705,1572275983145
i1707,1572275983145
i1706,1572275983145
i1700,1572275984393
i1681,1572275984643
i1684,1572275984643
i1689,1572275984644
i1697,1572275984644
i1693,1572275984644
i1695,1572275984644
i1698,1572275984644
i1692,1572275984644
i1691,1572275984644
i1694,1572275984645
i1696,1572275984645
i1682,1572275984645
i1688,1572275984646
i1690,1572275984646
i1683,1572275984646
i1699,1572275984646
i1686,1572275984646
i1687,1572275985143
i1680,1572275985143
i1685,1572275985143
i1943,1572276014643
i1678,1572276014643
i1944,1572276014643
i1938,1572276014644
i1945,1572276014644
i1679,1572276014644
i1942,1572276014644
i1676,1572276014644
i1936,1572276014644
i1937,1572276014644
i1939,1572276014644
i1677,1572276014644
i1940,1572276014644
i1941,1572276015148
i1934,1572276015148
i1930,1572276015149
i1932,1572276015149
i1931,1572276015149
i1929,1572276015149
i1933,1572276015149
i1935,1572276015149
i1917,1572276021643
i1924,1572276021643
i1919,1572276021644
i1918,1572276021644
i1921,1572276021644
i1926,1572276021644
i1927,1572276021644
i1925,1572276021644
i1915,1572276021645
i1920,1572276021645
i1922,1572276021645
i1928,1572276021645
i1923,1572276021645
i1913,1572276021893
i1914,1572276021893
i1912,1572276021894
i1910,1572276021894
i1916,1572276021894
i1908,1572276021894
i1909,1572276021894
i1911,1572276021894
i1895,1572276027143
i1905,1572276027143
i1899,1572276027143
i1902,1572276027144
i1898,1572276027144
i1901,1572276027144
i1900,1572276027144
i1903,1572276027144
i1894,1572276027144
i1904,1572276027144
i1906,1572276027144
i1897,1572276027144
i1907,1572276027145
i1896,1572276027145
i1995,1572276027393
i1999,1572276027393
i1998,1572276027394
i1997,1572276027394
i1996,1572276027394
i1892,1572276027394
i1893,1572276027394
i1981,1572276030393
i1990,1572276030393
i1989,1572276030393
i1985,1572276030394
i1992,1572276030394
i1988,1572276030394
i1993,1572276030394
i1991,1572276030394
i1984,1572276030394
i1994,1572276030394
i1986,1572276030394
i1987,1572276030395
i1983,1572276030643
i1976,1572276030643
i1982,1572276030644
i1979,1572276030644
i1977,1572276030644
i1975,1572276030644
i1974,1572276030644
i1978,1572276030644
i1980,1572276030644
i1973,1572276031143
i1963,1572276031143
i1969,1572276031144
i1968,1572276031144
i1967,1572276031144
i1972,1572276031144
i1970,1572276031144
i1971,1572276031144
i1965,1572276031144
i1964,1572276031145
i1954,1572276031643
i1953,1572276031643
i1966,1572276031644
i1955,1572276031644
i1958,1572276031644
i1957,1572276031644
i1960,1572276031644
i1956,1572276031644
i1962,1572276031644
i1961,1572276031644
i1959,1572276031645
i1876,1572276044393
i1952,1572276044393
i1949,1572276044393
i1874,1572276044393
i1951,1572276044393
i1873,1572276044394
i1946,1572276044394
i1948,1572276044394
i1879,1572276044394
i1881,1572276044644
i1886,1572276044644
i1883,1572276044644
i1885,1572276044644
i1950,1572276044644
i1877,1572276044645
i1884,1572276044645
i1880,1572276044645
i1875,1572276044645
i1882,1572276044645
i1947,1572276044645
i1878,1572276044645
i1888,1572276044645
i1889,1572276045143
i1891,1572276045143
i1890,1572276045143
i1887,1572276045143
